vehicle_id,timestamp,segment_id,speed,lat,lon
V1,2026-03-01 07:00:00,SEG_A,6.680127150076036,10.750750451195806,106.66094056471638
V2,2026-03-01 07:00:00,SEG_A,5.0,10.748697820493138,106.66012784040316
V3,2026-03-01 07:00:00,SEG_A,12.470059261251343,10.749983198842497,106.65914695607242
V4,2026-03-01 07:00:00,SEG_A,22.03518379890263,10.750777791935429,106.66006603069756
V5,2026-03-01 07:00:00,SEG_A,24.01792965574426,10.750467509342252,106.65914070753712
V6,2026-03-01 07:00:00,SEG_A,17.95000627265999,10.749041117399171,106.6608784503013
V7,2026-03-01 07:00:00,SEG_A,14.600592712109975,10.749815137636457,106.6593190704556
V8,2026-03-01 07:00:00,SEG_A,24.78033070939224,10.749845470517933,106.65957167217783
V9,2026-03-01 07:00:00,SEG_A,12.182931596094164,10.750532309185552,106.66036544406435
V19,2026-03-01 07:01:00,SEG_A,9.888977214053265,10.749724857748774,106.66149494131125
V20,2026-03-01 07:01:00,SEG_A,8.073351074454054,10.750968278354591,106.65831713022838
V21,2026-03-01 07:01:00,SEG_A,12.3209197601138,10.750162753065103,106.66058622233136
V22,2026-03-01 07:01:00,SEG_A,20.68981263834284,10.7507933472352,106.65965127492775
V23,2026-03-01 07:01:00,SEG_A,11.301185658683462,10.750857975881257,106.65980869567512
V24,2026-03-01 07:01:00,SEG_A,5.0,10.748866712785995,106.659080547714
V25,2026-03-01 07:01:00,SEG_A,18.977285952430112,10.75014242573607,106.66069048535408
V26,2026-03-01 07:01:00,SEG_A,11.581978829307726,10.750158539691077,106.66062559039396
V27,2026-03-01 07:01:00,SEG_A,12.525227682238093,10.750456775237556,106.65933807405894
V28,2026-03-01 07:01:00,SEG_A,12.095569227479428,10.749618262106,106.6588041603544
V29,2026-03-01 07:01:00,SEG_A,18.89577984628465,10.749530597659795,106.66001249411872
V30,2026-03-01 07:01:00,SEG_A,18.84597327124727,10.75044653117603,106.66066538510896
V31,2026-03-01 07:01:00,SEG_A,14.212116123924613,10.749576701687957,106.65992028178908
V32,2026-03-01 07:01:00,SEG_A,5.0,10.748552887527577,106.65867730038764
V33,2026-03-01 07:01:00,SEG_A,7.022025379188146,10.750399774226723,106.65909452094463
V34,2026-03-01 07:01:00,SEG_A,11.974699567684883,10.751299228297786,106.65964373602894
V35,2026-03-01 07:01:00,SEG_A,20.90012454773669,10.74906638231999,106.65979456244212
V53,2026-03-01 07:02:00,SEG_A,11.005635211686783,10.748815056233584,106.65903488323777
V54,2026-03-01 07:02:00,SEG_A,9.198191483713972,10.752128469732437,106.65917861332078
V55,2026-03-01 07:02:00,SEG_A,21.70791362989076,10.749097072821913,106.66093157301287
V56,2026-03-01 07:02:00,SEG_A,18.079607728846906,10.74984336210234,106.65995923747386
V57,2026-03-01 07:02:00,SEG_A,9.761698436564878,10.750446072201482,106.65954501651966
V58,2026-03-01 07:02:00,SEG_A,5.195153889862015,10.74872206242568,106.66017258791771
V59,2026-03-01 07:02:00,SEG_A,27.63273005128348,10.750159991613572,106.65988136167388
V60,2026-03-01 07:02:00,SEG_A,17.286609116820344,10.751306001741709,106.66021938250135
V61,2026-03-01 07:02:00,SEG_A,11.712582153330104,10.75110628871006,106.66042875643846
V62,2026-03-01 07:02:00,SEG_A,27.286047935967936,10.75018323443722,106.65877553096828
V63,2026-03-01 07:02:00,SEG_A,5.0,10.751650927932232,106.6617236657208
V75,2026-03-01 07:03:00,SEG_A,15.723918253022994,10.75022822833014,106.66251747403751
V76,2026-03-01 07:03:00,SEG_A,30.01475689025336,10.74914675664944,106.65971261663844
V77,2026-03-01 07:03:00,SEG_A,5.0,10.749409292986035,106.6603156050036
V78,2026-03-01 07:03:00,SEG_A,24.64682896710587,10.749270916162256,106.65934585355993
V79,2026-03-01 07:03:00,SEG_A,5.0,10.749837334079457,106.65893758558812
V80,2026-03-01 07:03:00,SEG_A,10.764484581071413,10.749123139221831,106.65990573744574
V81,2026-03-01 07:03:00,SEG_A,5.0,10.748532954754609,106.66212924711202
V82,2026-03-01 07:03:00,SEG_A,5.0,10.748903214421546,106.66183691352832
V83,2026-03-01 07:03:00,SEG_A,38.24053735392326,10.748828433371177,106.6596317510432
V100,2026-03-01 07:04:00,SEG_A,28.81880171331348,10.748466138595084,106.66086382801367
V101,2026-03-01 07:04:00,SEG_A,12.371798215016849,10.749938675654173,106.65894710148928
V93,2026-03-01 07:04:00,SEG_A,17.10199380117711,10.750480143403392,106.65825541401304
V94,2026-03-01 07:04:00,SEG_A,22.419507852465447,10.750454420338214,106.65888956931558
V95,2026-03-01 07:04:00,SEG_A,11.227801540400408,10.750263717204357,106.66005246679836
V96,2026-03-01 07:04:00,SEG_A,12.66263051357156,10.749896511731936,106.65974802262178
V97,2026-03-01 07:04:00,SEG_A,16.220500096819748,10.751471491972993,106.65743334155908
V98,2026-03-01 07:04:00,SEG_A,13.105197883922528,10.750176512421373,106.66029599398968
V99,2026-03-01 07:04:00,SEG_A,12.02468334942968,10.74824327821752,106.66032799548373
V111,2026-03-01 07:05:00,SEG_A,6.890261068476809,10.750032782092877,106.6587834398506
V112,2026-03-01 07:05:00,SEG_A,9.630877780827351,10.750312009471552,106.6611553120361
V113,2026-03-01 07:05:00,SEG_A,19.87009177779552,10.747708710491402,106.66030436672902
V114,2026-03-01 07:05:00,SEG_A,15.576268585860625,10.750413890285373,106.66161620968164
V115,2026-03-01 07:05:00,SEG_A,5.0,10.749408896574808,106.6605909063228
V116,2026-03-01 07:05:00,SEG_A,5.0,10.751475949048054,106.6603683566127
V117,2026-03-01 07:05:00,SEG_A,21.772671886747236,10.749429056338478,106.66081376368996
V118,2026-03-01 07:05:00,SEG_A,23.54777244791231,10.750232878020135,106.66023440089268
V119,2026-03-01 07:05:00,SEG_A,17.162745914253808,10.74913665473526,106.65985247131977
V120,2026-03-01 07:05:00,SEG_A,13.779819740381129,10.750383393864354,106.6609998242469
V121,2026-03-01 07:05:00,SEG_A,6.5317113441727255,10.74987499096968,106.66148145554766
V122,2026-03-01 07:05:00,SEG_A,9.051294169499489,10.74917774998271,106.66020230619183
V123,2026-03-01 07:05:00,SEG_A,21.75508152388256,10.75001142605556,106.66132896059044
V124,2026-03-01 07:05:00,SEG_A,21.854351860532216,10.75084182006689,106.66055411650132
V125,2026-03-01 07:05:00,SEG_A,33.62122480276868,10.749794838311134,106.65799647770793
V126,2026-03-01 07:05:00,SEG_A,27.83403489213713,10.749542300569043,106.66010788044434
V127,2026-03-01 07:05:00,SEG_A,25.476405478884217,10.74839774045894,106.65874835278588
V128,2026-03-01 07:05:00,SEG_A,5.0,10.749205863709976,106.660439636606
V147,2026-03-01 07:06:00,SEG_A,17.89537483143075,10.751320661655528,106.65965721384912
V148,2026-03-01 07:06:00,SEG_A,5.0,10.751067222416571,106.6596685118279
V149,2026-03-01 07:06:00,SEG_A,23.916739556619014,10.750383377113184,106.6598688624698
V150,2026-03-01 07:06:00,SEG_A,17.79020715237036,10.751951012560124,106.66207698052904
V151,2026-03-01 07:06:00,SEG_A,15.55504908106223,10.750160190593316,106.66107624015746
V152,2026-03-01 07:06:00,SEG_A,8.234711737861222,10.750333070372616,106.65997413715203
V153,2026-03-01 07:06:00,SEG_A,17.51126569166043,10.74916663119405,106.65841043250668
V154,2026-03-01 07:06:00,SEG_A,5.0,10.74888261588701,106.65954132471504
V155,2026-03-01 07:06:00,SEG_A,12.654467306809906,10.75193723116243,106.6611059933699
V156,2026-03-01 07:06:00,SEG_A,7.303271069266982,10.75034770845245,106.65959292176365
V157,2026-03-01 07:06:00,SEG_A,12.72508929567924,10.750185325649417,106.66061917111698
V158,2026-03-01 07:06:00,SEG_A,12.285932128927875,10.751063851532734,106.65885806177386
V159,2026-03-01 07:06:00,SEG_A,15.050712498898148,10.752597673726596,106.66022307974262
V160,2026-03-01 07:06:00,SEG_A,26.46571605284938,10.750091520178174,106.66058077709532
V161,2026-03-01 07:06:00,SEG_A,14.545734444858468,10.749829592418836,106.65922051760327
V162,2026-03-01 07:06:00,SEG_A,18.442410871660424,10.749148462810814,106.66066558523632
V163,2026-03-01 07:06:00,SEG_A,23.68229603556728,10.750366531407238,106.65971375126644
V164,2026-03-01 07:06:00,SEG_A,18.63172463446957,10.749691326944454,106.66093554712546
V183,2026-03-01 07:07:00,SEG_A,18.080303501248807,10.75055653344275,106.6602964180008
V184,2026-03-01 07:07:00,SEG_A,31.28058642184854,10.749912905828948,106.65969291678168
V185,2026-03-01 07:07:00,SEG_A,8.971779357140978,10.748967737329425,106.6587555282124
V186,2026-03-01 07:07:00,SEG_A,7.889621494152652,10.749929319618348,106.6603342951285
V187,2026-03-01 07:07:00,SEG_A,15.409136468417294,10.749234464722573,106.660900184564
V188,2026-03-01 07:07:00,SEG_A,20.91530137840758,10.749840351692578,106.65934708385534
V189,2026-03-01 07:07:00,SEG_A,19.387423366638394,10.750187973587488,106.6585518727406
V190,2026-03-01 07:07:00,SEG_A,14.45615795212476,10.750262035812074,106.65910030521351
V191,2026-03-01 07:07:00,SEG_A,16.518747142699546,10.748545177514742,106.66133618610002
V192,2026-03-01 07:07:00,SEG_A,24.98359988047545,10.749747482665695,106.66036345433784
V193,2026-03-01 07:07:00,SEG_A,5.0,10.748843652339737,106.65970622107984
V194,2026-03-01 07:07:00,SEG_A,6.422935828585127,10.75071439648263,106.66199729653074
V195,2026-03-01 07:07:00,SEG_A,5.587082244565584,10.749162536595914,106.66023544836833
V196,2026-03-01 07:07:00,SEG_A,27.888929187996965,10.74877762568746,106.66024903612232
V211,2026-03-01 07:08:00,SEG_A,12.710216401274646,10.749810076158978,106.65888661195808
V212,2026-03-01 07:08:00,SEG_A,19.636489139811815,10.750524507375284,106.65850559438016
V213,2026-03-01 07:08:00,SEG_A,20.593573853559104,10.752052684981946,106.66017196033243
V214,2026-03-01 07:08:00,SEG_A,12.301398703451952,10.749857996785591,106.66061525676696
V215,2026-03-01 07:08:00,SEG_A,5.0,10.750164390702976,106.65960953605054
V216,2026-03-01 07:08:00,SEG_A,29.782600103648363,10.749825827266196,106.66166788761112
V217,2026-03-01 07:08:00,SEG_A,6.170074417743942,10.750587259166805,106.6603194002638
V218,2026-03-01 07:08:00,SEG_A,8.047622017081741,10.750177396114635,106.66121251883683
V219,2026-03-01 07:08:00,SEG_A,12.409666365707194,10.74830803735083,106.65998243717353
V220,2026-03-01 07:08:00,SEG_A,7.780615241659899,10.749657659061336,106.65991841223033
V221,2026-03-01 07:08:00,SEG_A,5.0,10.74838434166068,106.66048206683551
V222,2026-03-01 07:08:00,SEG_A,10.818250430642555,10.74743525565818,106.6607848440366
V223,2026-03-01 07:08:00,SEG_A,17.17895804219392,10.749286125175963,106.65868316978894
V237,2026-03-01 07:09:00,SEG_A,14.90332279369386,10.749789309985635,106.6587841090759
V238,2026-03-01 07:09:00,SEG_A,5.0,10.750685749035275,106.65964904761778
V239,2026-03-01 07:09:00,SEG_A,6.821757746821364,10.749903821063077,106.66112801885734
V240,2026-03-01 07:09:00,SEG_A,5.0,10.748503361310096,106.6590771135581
V241,2026-03-01 07:09:00,SEG_A,26.68943093376263,10.75028258698292,106.66076731724046
V242,2026-03-01 07:09:00,SEG_A,5.878712646990156,10.74888046412473,106.66044781371671
V243,2026-03-01 07:09:00,SEG_A,15.466194647483572,10.750548738818864,106.65981232900909
V244,2026-03-01 07:09:00,SEG_A,17.225149811637017,10.750158119084904,106.66077776738908
V245,2026-03-01 07:09:00,SEG_A,21.456066255555765,10.748380128005609,106.65775273144466
V246,2026-03-01 07:09:00,SEG_A,23.013963181212056,10.751187725093262,106.65897937698048
V247,2026-03-01 07:09:00,SEG_A,5.0,10.750099034821009,106.66093083822636
V248,2026-03-01 07:09:00,SEG_A,29.38075617947452,10.7505162975721,106.6596282833034
V261,2026-03-01 07:10:00,SEG_A,15.353699024833585,10.749797086015205,106.6589175728026
V262,2026-03-01 07:10:00,SEG_A,13.791584979144568,10.749253901743348,106.65874968446109
V263,2026-03-01 07:10:00,SEG_A,19.08977451638028,10.750391264659934,106.65821329248864
V264,2026-03-01 07:10:00,SEG_A,14.018522900038985,10.7509957013859,106.66105922373887
V265,2026-03-01 07:10:00,SEG_A,23.20669474308191,10.750038913206902,106.65915495467203
V266,2026-03-01 07:10:00,SEG_A,6.330409381135516,10.75034460490475,106.66037928003436
V267,2026-03-01 07:10:00,SEG_A,25.298648892840525,10.75109997965034,106.65986777134349
V268,2026-03-01 07:10:00,SEG_A,5.046352969113045,10.749680893402989,106.6602172311948
V269,2026-03-01 07:10:00,SEG_A,13.383334036884769,10.749422105891922,106.66025288481497
V270,2026-03-01 07:10:00,SEG_A,10.968338068715116,10.749371933916274,106.6603114528343
V271,2026-03-01 07:10:00,SEG_A,11.784059358966362,10.750244104388978,106.66027320402284
V272,2026-03-01 07:10:00,SEG_A,5.884567991267403,10.749518758876135,106.66143777693992
V273,2026-03-01 07:10:00,SEG_A,5.703363898125703,10.74788334555103,106.65813815484675
V274,2026-03-01 07:10:00,SEG_A,15.232879572613353,10.750030917278032,106.65988238914456
V289,2026-03-01 07:11:00,SEG_A,17.23091427717791,10.748992107050377,106.66072428267744
V290,2026-03-01 07:11:00,SEG_A,15.504018946677595,10.748108053746687,106.6580414085596
V291,2026-03-01 07:11:00,SEG_A,14.90144565656551,10.749779032682214,106.65989657988642
V292,2026-03-01 07:11:00,SEG_A,14.776140347758256,10.75022555983951,106.66094764960984
V293,2026-03-01 07:11:00,SEG_A,6.111160792659534,10.7488280284071,106.65890667614212
V294,2026-03-01 07:11:00,SEG_A,17.311333337349655,10.751244947378646,106.65956866056176
V295,2026-03-01 07:11:00,SEG_A,5.0,10.74829600713739,106.6591669632772
V296,2026-03-01 07:11:00,SEG_A,10.538168900038285,10.749591611372743,106.66003858112298
V297,2026-03-01 07:11:00,SEG_A,12.506029353420423,10.751049339610544,106.65932398269432
V298,2026-03-01 07:11:00,SEG_A,8.101456324195656,10.75047887553852,106.65846435793009
V299,2026-03-01 07:11:00,SEG_A,18.11753364256002,10.750102553183726,106.65985255751008
V300,2026-03-01 07:11:00,SEG_A,27.7062088571941,10.749377792554704,106.66206029817052
V301,2026-03-01 07:11:00,SEG_A,13.196548406175204,10.74872298355503,106.660069919581
V302,2026-03-01 07:11:00,SEG_A,6.390038397449855,10.749248244152186,106.6603970333
V303,2026-03-01 07:11:00,SEG_A,19.444656709201,10.749377832299746,106.66098740514504
V304,2026-03-01 07:11:00,SEG_A,24.26006206416907,10.751436301756565,106.66052941340712
V305,2026-03-01 07:11:00,SEG_A,25.90742969668559,10.748119201572026,106.65968209345137
V306,2026-03-01 07:11:00,SEG_A,8.06395794941259,10.750119225861129,106.6594285507808
V325,2026-03-01 07:12:00,SEG_A,18.55050167506484,10.750463369806033,106.65846928474274
V326,2026-03-01 07:12:00,SEG_A,16.83585372370885,10.750735583092428,106.6603743864517
V327,2026-03-01 07:12:00,SEG_A,20.05585187009116,10.74859573090191,106.660331040155
V328,2026-03-01 07:12:00,SEG_A,12.579041924236428,10.749517209841276,106.66087055560942
V329,2026-03-01 07:12:00,SEG_A,26.83419608539384,10.7517943700546,106.6613148078715
V330,2026-03-01 07:12:00,SEG_A,14.12212654695853,10.750352720163026,106.66076682287178
V331,2026-03-01 07:12:00,SEG_A,15.969423594395696,10.750130764187912,106.66082375313188
V332,2026-03-01 07:12:00,SEG_A,14.525738831792545,10.749270713063629,106.65958552693417
V333,2026-03-01 07:12:00,SEG_A,20.071283021869935,10.7500029932912,106.66034020997688
V334,2026-03-01 07:12:00,SEG_A,20.36063393761752,10.749625158537102,106.66075624816362
V335,2026-03-01 07:12:00,SEG_A,18.03074082766716,10.748765186913088,106.66144230479118
V336,2026-03-01 07:12:00,SEG_A,10.994042049944673,10.748344904656816,106.65895495629042
V337,2026-03-01 07:12:00,SEG_A,6.831638714573424,10.750052173318656,106.65972614949445
V338,2026-03-01 07:12:00,SEG_A,12.305344258875255,10.750619701965482,106.6603398753612
V339,2026-03-01 07:12:00,SEG_A,17.52838296515429,10.750409828457329,106.660616134668
V355,2026-03-01 07:13:00,SEG_A,14.381150561433168,10.749803114301296,106.65888538303692
V356,2026-03-01 07:13:00,SEG_A,13.165658771581535,10.748407205740278,106.65908712201328
V357,2026-03-01 07:13:00,SEG_A,16.814288368873083,10.751319013197742,106.66280921086124
V358,2026-03-01 07:13:00,SEG_A,10.307319319432796,10.751435300156643,106.6602437524804
V359,2026-03-01 07:13:00,SEG_A,13.790018826028993,10.750432594451729,106.66006191648368
V360,2026-03-01 07:13:00,SEG_A,15.883165804897748,10.749591666837173,106.6586018903402
V361,2026-03-01 07:13:00,SEG_A,5.0,10.75065324488328,106.65972329990991
V362,2026-03-01 07:13:00,SEG_A,10.231288802750669,10.750008505626724,106.66079493225293
V363,2026-03-01 07:13:00,SEG_A,16.442911544211185,10.74934394506336,106.66122629295565
V364,2026-03-01 07:13:00,SEG_A,27.633484023853057,10.750494556655322,106.66097366351134
V365,2026-03-01 07:13:00,SEG_A,24.93567997451049,10.751130099316404,106.66061409917712
V366,2026-03-01 07:13:00,SEG_A,19.786776376599065,10.750519660573346,106.65890266232545
V367,2026-03-01 07:13:00,SEG_A,20.60578525487669,10.748644186028873,106.65920540054488
V368,2026-03-01 07:13:00,SEG_A,25.4285205424647,10.750840220162694,106.66148739828968
V369,2026-03-01 07:13:00,SEG_A,12.826604930501665,10.748847751158722,106.65975956280292
V385,2026-03-01 07:14:00,SEG_A,5.503436589005039,10.74963673935243,106.65974539183024
V386,2026-03-01 07:14:00,SEG_A,5.0,10.74901484196769,106.65913915832148
V387,2026-03-01 07:14:00,SEG_A,34.65939273660713,10.751801741947746,106.65958825058232
V388,2026-03-01 07:14:00,SEG_A,12.09133367754561,10.748850796002811,106.65809186958676
V389,2026-03-01 07:14:00,SEG_A,14.064958508731808,10.749002148016755,106.65991514946832
V390,2026-03-01 07:14:00,SEG_A,5.0,10.74923802554169,106.6601486270953
V391,2026-03-01 07:14:00,SEG_A,17.9296767822715,10.750417471958745,106.65867951101583
V392,2026-03-01 07:14:00,SEG_A,21.837485841084494,10.7491997883034,106.6606328579146
V393,2026-03-01 07:14:00,SEG_A,14.914890587054456,10.74862361250092,106.65968380229542
V394,2026-03-01 07:14:00,SEG_A,17.92290993651014,10.750612965380476,106.65985901210256
V395,2026-03-01 07:14:00,SEG_A,27.25423112480842,10.751007510770986,106.6597433458836
V396,2026-03-01 07:14:00,SEG_A,21.000974497095555,10.751933793485188,106.66196048460078
V397,2026-03-01 07:14:00,SEG_A,5.17600095342002,10.749073466888843,106.66148491878673
V411,2026-03-01 07:15:00,SEG_A,19.945525717322408,10.751551880120122,106.6612769808322
V412,2026-03-01 07:15:00,SEG_A,6.989668537947647,10.751683586209538,106.65946902349545
V413,2026-03-01 07:15:00,SEG_A,23.35898249963542,10.750067986626052,106.65958785062152
V414,2026-03-01 07:15:00,SEG_A,5.0,10.749828435489784,106.6584406167647
V415,2026-03-01 07:15:00,SEG_A,22.73839388674218,10.75151679265714,106.6592030890107
V416,2026-03-01 07:15:00,SEG_A,17.41576594015417,10.749274608477991,106.65937151526984
V417,2026-03-01 07:15:00,SEG_A,21.19595763092297,10.749961461738156,106.66173964804192
V418,2026-03-01 07:15:00,SEG_A,11.142140170376631,10.750999336332477,106.66009741341296
V419,2026-03-01 07:15:00,SEG_A,21.366224077953863,10.74955284234267,106.65995044116244
V420,2026-03-01 07:15:00,SEG_A,14.076008965608525,10.749163942885154,106.66066208153458
V431,2026-03-01 07:16:00,SEG_A,7.277190441529892,10.75005348162682,106.657915597845
V432,2026-03-01 07:16:00,SEG_A,19.91416350685651,10.750753855069934,106.65974889741196
V433,2026-03-01 07:16:00,SEG_A,5.0,10.749003581373998,106.6612329019341
V434,2026-03-01 07:16:00,SEG_A,5.0,10.749652476587809,106.65881999922154
V435,2026-03-01 07:16:00,SEG_A,21.436562412678693,10.749324886047855,106.66040395402074
V436,2026-03-01 07:16:00,SEG_A,19.523683353352745,10.75183622583973,106.65979705805633
V437,2026-03-01 07:16:00,SEG_A,18.00835495698089,10.748514944520872,106.66119041356328
V438,2026-03-01 07:16:00,SEG_A,8.915929215429083,10.749439245835912,106.65997775220517
V439,2026-03-01 07:16:00,SEG_A,5.0,10.75022877002893,106.66096746627292
V440,2026-03-01 07:16:00,SEG_A,17.34347058797833,10.74841110243582,106.65987619070566
V441,2026-03-01 07:16:00,SEG_A,20.936231223835925,10.748122011234036,106.65892523398618
V442,2026-03-01 07:16:00,SEG_A,22.01234883265216,10.750270095434198,106.66041197158212
V443,2026-03-01 07:16:00,SEG_A,29.87595846098649,10.750468552778504,106.66065788801043
V444,2026-03-01 07:16:00,SEG_A,36.68596421774661,10.74978619544191,106.65920211723638
V445,2026-03-01 07:16:00,SEG_A,18.422371185977063,10.75043899102939,106.65947328460804
V446,2026-03-01 07:16:00,SEG_A,6.74082384356122,10.75230984442209,106.6603268434704
V447,2026-03-01 07:16:00,SEG_A,9.141716948783394,10.75091593030228,106.65989085484844
V448,2026-03-01 07:16:00,SEG_A,12.97694842945735,10.750562272871914,106.65870811773176
V467,2026-03-01 07:17:00,SEG_A,20.21398513122432,10.749991205310517,106.66051319981108
V468,2026-03-01 07:17:00,SEG_A,11.649210048599691,10.75222973184141,106.65843206958355
V469,2026-03-01 07:17:00,SEG_A,25.08749858850388,10.75136790745072,106.65914784119404
V470,2026-03-01 07:17:00,SEG_A,32.834188884447784,10.750995490282945,106.66097113900682
V471,2026-03-01 07:17:00,SEG_A,15.224177496207014,10.74978277384178,106.65979059117296
V472,2026-03-01 07:17:00,SEG_A,18.12424477055614,10.751401186275034,106.66018131421784
V473,2026-03-01 07:17:00,SEG_A,7.708451014901677,10.750824427062383,106.6609211507464
V474,2026-03-01 07:17:00,SEG_A,20.23727622758229,10.750745498906523,106.65972907186983
V475,2026-03-01 07:17:00,SEG_A,7.568086662955364,10.74913180656936,106.65836453675152
V476,2026-03-01 07:17:00,SEG_A,16.8955888923676,10.749916551216774,106.65956001229549
V487,2026-03-01 07:18:00,SEG_A,5.0,10.74823237788706,106.66010948535944
V488,2026-03-01 07:18:00,SEG_A,24.0003513736642,10.749986584213076,106.65773958524264
V489,2026-03-01 07:18:00,SEG_A,13.47391631732361,10.749837201003368,106.66209599875022
V490,2026-03-01 07:18:00,SEG_A,5.0,10.7496093223974,106.66170585268054
V491,2026-03-01 07:18:00,SEG_A,18.599826730772385,10.750563313073515,106.66011458443704
V492,2026-03-01 07:18:00,SEG_A,17.639548309258117,10.750777609530278,106.65919051368112
V493,2026-03-01 07:18:00,SEG_A,22.0244686312656,10.748626996983116,106.66032836797282
V494,2026-03-01 07:18:00,SEG_A,16.429927706290616,10.749383706911807,106.65997731472469
V495,2026-03-01 07:18:00,SEG_A,10.019678778675576,10.74892829867314,106.65964638525838
V496,2026-03-01 07:18:00,SEG_A,6.168090917026708,10.750322797464094,106.65884991450584
V497,2026-03-01 07:18:00,SEG_A,20.69581618392841,10.74881852093207,106.6594337050844
V498,2026-03-01 07:18:00,SEG_A,10.003172734278568,10.751325146728874,106.66033028994562
V499,2026-03-01 07:18:00,SEG_A,13.306129579644846,10.75049871944107,106.65789280765269
V513,2026-03-01 07:19:00,SEG_A,5.0,10.749196759908047,106.6605511917287
V514,2026-03-01 07:19:00,SEG_A,18.164072850900062,10.748432941749764,106.6592756574806
V515,2026-03-01 07:19:00,SEG_A,10.346229206382027,10.749634530405883,106.6586240864114
V516,2026-03-01 07:19:00,SEG_A,9.97303113504417,10.74927138951474,106.66077153325976
V517,2026-03-01 07:19:00,SEG_A,21.47297048792195,10.749854189541912,106.65960796020411
V518,2026-03-01 07:19:00,SEG_A,16.119394496312907,10.749183424892545,106.65885316791784
V519,2026-03-01 07:19:00,SEG_A,7.478230328594265,10.749365186836028,106.6588365262002
V520,2026-03-01 07:19:00,SEG_A,16.296476472503,10.750729715673785,106.6584129016992
V521,2026-03-01 07:19:00,SEG_A,15.201029689728268,10.749780064204732,106.66034150868552
V522,2026-03-01 07:19:00,SEG_A,14.896489855171296,10.748546400720068,106.65873761070114
V523,2026-03-01 07:19:00,SEG_A,15.235388604679782,10.751028780919745,106.65778581262896
V524,2026-03-01 07:19:00,SEG_A,17.76581263841264,10.751189622005288,106.6598469741238
V525,2026-03-01 07:19:00,SEG_A,19.401619968211527,10.749296930919105,106.65988063380073
V539,2026-03-01 07:20:00,SEG_A,24.056418307313425,10.747655702106211,106.66159045229792
V540,2026-03-01 07:20:00,SEG_A,18.000497215138722,10.751077843355745,106.65878012425516
V541,2026-03-01 07:20:00,SEG_A,8.353840947157314,10.750145938294144,106.65998296211066
V542,2026-03-01 07:20:00,SEG_A,17.264548704079917,10.75108451516093,106.65823477968468
V543,2026-03-01 07:20:00,SEG_A,22.790552573738477,10.750008281909958,106.65979621813888
V544,2026-03-01 07:20:00,SEG_A,5.0,10.750503048668376,106.65758589214896
V545,2026-03-01 07:20:00,SEG_A,20.187152089909706,10.748507894164527,106.6600534579126
V546,2026-03-01 07:20:00,SEG_A,14.046649301376636,10.751169538147296,106.659821344831
V547,2026-03-01 07:20:00,SEG_A,9.446891510834677,10.749493397304027,106.66127288276876
V548,2026-03-01 07:20:00,SEG_A,19.29037575344715,10.749614370018476,106.65976355358004
V549,2026-03-01 07:20:00,SEG_A,5.0,10.750388474200852,106.6582401842923
V550,2026-03-01 07:20:00,SEG_A,21.01437172668365,10.750128621592491,106.66238695179958
V563,2026-03-01 07:21:00,SEG_A,33.99685240021145,10.748262285404865,106.66020363317872
V564,2026-03-01 07:21:00,SEG_A,5.976375811954648,10.749506598659618,106.66014141947332
V565,2026-03-01 07:21:00,SEG_A,5.0,10.750236826116788,106.66190290746228
V566,2026-03-01 07:21:00,SEG_A,11.372493613051258,10.750259807856803,106.66102492169313
V567,2026-03-01 07:21:00,SEG_A,13.688371999784028,10.74941903981147,106.65772426359628
V568,2026-03-01 07:21:00,SEG_A,20.127925755159787,10.74988683159027,106.6589873161486
V569,2026-03-01 07:21:00,SEG_A,16.01277368222155,10.749416319643194,106.65947157386888
V570,2026-03-01 07:21:00,SEG_A,19.850329248869667,10.748661617588676,106.66104731528608
V571,2026-03-01 07:21:00,SEG_A,5.0,10.749337298591644,106.66192294619408
V572,2026-03-01 07:21:00,SEG_A,24.01883809313938,10.750097603992495,106.6590594697845
V573,2026-03-01 07:21:00,SEG_A,10.765821546400854,10.750073275314586,106.66003752323232
V574,2026-03-01 07:21:00,SEG_A,14.273032562992295,10.749969167485917,106.65978562489028
V575,2026-03-01 07:21:00,SEG_A,5.0,10.74948348925784,106.660914624054
V576,2026-03-01 07:21:00,SEG_A,5.0,10.74981044448846,106.65918024607124
V577,2026-03-01 07:21:00,SEG_A,15.89080343518489,10.749611366818932,106.66147739366497
V578,2026-03-01 07:21:00,SEG_A,19.05266523352203,10.748688196834223,106.6606712280116
V579,2026-03-01 07:21:00,SEG_A,8.802785149903496,10.749423003628625,106.6603138190201
V580,2026-03-01 07:21:00,SEG_A,11.066020642158922,10.750892855816325,106.65922548993848
V581,2026-03-01 07:21:00,SEG_A,10.048427579269095,10.749343629106452,106.65943436125164
V601,2026-03-01 07:22:00,SEG_A,17.190430762588157,10.749992883144872,106.66017017694318
V602,2026-03-01 07:22:00,SEG_A,11.302983398620436,10.75066435367424,106.660932638843
V603,2026-03-01 07:22:00,SEG_A,18.871858351612214,10.749739171541597,106.65789231061238
V604,2026-03-01 07:22:00,SEG_A,21.153889664297026,10.751221728666218,106.66064455841196
V605,2026-03-01 07:22:00,SEG_A,7.962860581059948,10.750673794393668,106.66086052970796
V606,2026-03-01 07:22:00,SEG_A,27.470529982392684,10.749123890075772,106.65977354541543
V607,2026-03-01 07:22:00,SEG_A,20.978176409147643,10.750057410071438,106.65888267239797
V608,2026-03-01 07:22:00,SEG_A,18.316930280213622,10.750578661633815,106.66008796289633
V609,2026-03-01 07:22:00,SEG_A,16.756679417439553,10.749741294098314,106.66147827893572
V610,2026-03-01 07:22:00,SEG_A,7.7944625302985875,10.749412679237237,106.66001098551352
V611,2026-03-01 07:22:00,SEG_A,22.03163222160714,10.748502626829906,106.65868970325025
V612,2026-03-01 07:22:00,SEG_A,5.0,10.750032695225253,106.6588816941828
V613,2026-03-01 07:22:00,SEG_A,11.923599119856666,10.750661378189893,106.6593584572792
V614,2026-03-01 07:22:00,SEG_A,16.850256181946918,10.749700662092248,106.66067211431508
V615,2026-03-01 07:22:00,SEG_A,18.80102453878407,10.749308066303826,106.6598313482466
V616,2026-03-01 07:22:00,SEG_A,23.349947181763955,10.750393376870257,106.65860303794224
V617,2026-03-01 07:22:00,SEG_A,20.24494448937106,10.748915389377563,106.66141251306996
V635,2026-03-01 07:23:00,SEG_A,24.52244562808094,10.746952367434648,106.65938395097444
V636,2026-03-01 07:23:00,SEG_A,23.20278427406204,10.749682713274748,106.65853381401752
V637,2026-03-01 07:23:00,SEG_A,6.250103506266635,10.75102690574632,106.65807849546944
V638,2026-03-01 07:23:00,SEG_A,24.03192880769614,10.749944897900958,106.65880760466956
V639,2026-03-01 07:23:00,SEG_A,10.33507942157847,10.7489827756589,106.66086622520083
V640,2026-03-01 07:23:00,SEG_A,20.859422478102708,10.748280838866124,106.65959640788148
V641,2026-03-01 07:23:00,SEG_A,8.094514701245783,10.75129350996846,106.65864990088188
V642,2026-03-01 07:23:00,SEG_A,27.83383283748011,10.749966705260483,106.6588380655936
V643,2026-03-01 07:23:00,SEG_A,9.581806527925778,10.749198381159232,106.65872538159798
V644,2026-03-01 07:23:00,SEG_A,15.758614877843003,10.748772084449309,106.65781963379126
V655,2026-03-01 07:24:00,SEG_A,21.15885514444284,10.74810682883876,106.66021727315822
V656,2026-03-01 07:24:00,SEG_A,27.600662620869848,10.750488668524468,106.66017062507854
V657,2026-03-01 07:24:00,SEG_A,10.516404249575396,10.750031047200489,106.6597479371846
V658,2026-03-01 07:24:00,SEG_A,8.712187136549158,10.749710124384524,106.66019838116064
V659,2026-03-01 07:24:00,SEG_A,8.862263451754878,10.749193718179315,106.6586397565624
V660,2026-03-01 07:24:00,SEG_A,18.12580020871117,10.750545323261967,106.66023166044424
V661,2026-03-01 07:24:00,SEG_A,22.721363941829328,10.75008786763708,106.66039201093736
V662,2026-03-01 07:24:00,SEG_A,17.4306994051005,10.74990845998058,106.65946917817186
V663,2026-03-01 07:24:00,SEG_A,32.71322092633529,10.749548049020149,106.65933412228888
V664,2026-03-01 07:24:00,SEG_A,18.47207858760085,10.750251854415296,106.65859520845238
V665,2026-03-01 07:24:00,SEG_A,23.98142603650991,10.74990580542465,106.65888906890478
V677,2026-03-01 07:25:00,SEG_A,20.28029993432268,10.751916444876736,106.65923656068269
V678,2026-03-01 07:25:00,SEG_A,5.0,10.749005664891504,106.66066044256654
V679,2026-03-01 07:25:00,SEG_A,18.98338347415503,10.750102256659648,106.65887704295088
V680,2026-03-01 07:25:00,SEG_A,21.134938346632488,10.74877529522235,106.66115894958236
V681,2026-03-01 07:25:00,SEG_A,37.85950738511892,10.750366451146572,106.66058310813564
V682,2026-03-01 07:25:00,SEG_A,11.057121848835523,10.748189786678914,106.65939728063697
V683,2026-03-01 07:25:00,SEG_A,6.256838071210005,10.748552995423584,106.661722359942
V684,2026-03-01 07:25:00,SEG_A,17.182900144206183,10.750379687580612,106.6596909776348
V685,2026-03-01 07:25:00,SEG_A,13.61703134045251,10.75096455068224,106.6599676628813
V686,2026-03-01 07:25:00,SEG_A,19.245551504197863,10.749803995702155,106.65965784710926
V687,2026-03-01 07:25:00,SEG_A,5.0,10.748022250937632,106.65973843809893
V688,2026-03-01 07:25:00,SEG_A,15.45197353594586,10.748713869963291,106.65996552513496
V701,2026-03-01 07:26:00,SEG_A,18.91507151150727,10.749740790740685,106.66006269830324
V702,2026-03-01 07:26:00,SEG_A,15.860273440429076,10.750215098135818,106.66077253980758
V703,2026-03-01 07:26:00,SEG_A,19.441165455558647,10.7500442170029,106.65919087401504
V704,2026-03-01 07:26:00,SEG_A,15.541370064501676,10.749971982215104,106.6601931815798
V705,2026-03-01 07:26:00,SEG_A,32.65220245712322,10.74947622722146,106.66042228901912
V706,2026-03-01 07:26:00,SEG_A,23.547696537954387,10.7500980019141,106.66233784511915
V707,2026-03-01 07:26:00,SEG_A,11.975685666148186,10.75032408922232,106.6592011942551
V708,2026-03-01 07:26:00,SEG_A,12.187802118853655,10.750248933910395,106.6608463040623
V709,2026-03-01 07:26:00,SEG_A,17.552758672188595,10.751259114849336,106.6599050346894
V710,2026-03-01 07:26:00,SEG_A,12.342651761287955,10.75270398510728,106.66039423764944
V711,2026-03-01 07:26:00,SEG_A,9.244147632171618,10.749305736237751,106.65905732008548
V712,2026-03-01 07:26:00,SEG_A,22.492554846854304,10.749635622707109,106.66012736247563
V713,2026-03-01 07:26:00,SEG_A,14.49193060449385,10.75073149240794,106.65915325590711
V727,2026-03-01 07:27:00,SEG_A,7.006840869351902,10.750036805499096,106.66017300713963
V728,2026-03-01 07:27:00,SEG_A,5.0,10.74981969297715,106.66001407208287
V729,2026-03-01 07:27:00,SEG_A,13.27880667383097,10.749186609587651,106.65946046481808
V730,2026-03-01 07:27:00,SEG_A,13.585126451417633,10.75009080002361,106.66060479158254
V731,2026-03-01 07:27:00,SEG_A,23.64684963960697,10.749705652276472,106.65954384380387
V732,2026-03-01 07:27:00,SEG_A,18.501245388274448,10.75061084491641,106.65956579956674
V733,2026-03-01 07:27:00,SEG_A,21.323147815729374,10.750979585341156,106.66129168646566
V734,2026-03-01 07:27:00,SEG_A,29.22656725375858,10.74913358386134,106.66001389820931
V735,2026-03-01 07:27:00,SEG_A,15.09022157294928,10.749901926431468,106.6593507370804
V736,2026-03-01 07:27:00,SEG_A,5.0,10.750092679446029,106.65923164434044
V737,2026-03-01 07:27:00,SEG_A,15.687947845981,10.7492059564583,106.65890034165416
V749,2026-03-01 07:28:00,SEG_A,19.407395047148324,10.74762270950827,106.65921522075284
V750,2026-03-01 07:28:00,SEG_A,16.10564103482624,10.74980502011388,106.66047761072976
V751,2026-03-01 07:28:00,SEG_A,21.31493244535764,10.75060845173643,106.65978572505745
V752,2026-03-01 07:28:00,SEG_A,5.0,10.749544518751144,106.66041636814812
V753,2026-03-01 07:28:00,SEG_A,6.276421979596179,10.750631274730122,106.66090839329726
V754,2026-03-01 07:28:00,SEG_A,16.01493581036674,10.746936220133689,106.65872191163729
V755,2026-03-01 07:28:00,SEG_A,30.089513268448652,10.749453462206972,106.65801585677688
V756,2026-03-01 07:28:00,SEG_A,24.881979106482177,10.750013355591545,106.66110494048895
V757,2026-03-01 07:28:00,SEG_A,17.215669401754923,10.750458559136211,106.66036300924772
V758,2026-03-01 07:28:00,SEG_A,20.579906495368,10.752277430448556,106.66097100633596
V759,2026-03-01 07:28:00,SEG_A,5.0,10.750446661515278,106.6611414807681
V771,2026-03-01 07:29:00,SEG_A,19.13362254918773,10.747780525741376,106.66146993723092
V772,2026-03-01 07:29:00,SEG_A,16.355790969546085,10.750999674019871,106.65909788886182
V773,2026-03-01 07:29:00,SEG_A,5.0,10.750260754384142,106.65996639656004
V774,2026-03-01 07:29:00,SEG_A,11.067673390742677,10.750084661280733,106.66276743589204
V775,2026-03-01 07:29:00,SEG_A,21.676204378952463,10.751049498605862,106.66084393689157
V776,2026-03-01 07:29:00,SEG_A,26.835697150817545,10.7498099283271,106.65794523869232
V777,2026-03-01 07:29:00,SEG_A,13.491310935951924,10.750811735709997,106.65903019960489
V778,2026-03-01 07:29:00,SEG_A,13.589072396085356,10.749308230256998,106.66150202925184
V779,2026-03-01 07:29:00,SEG_A,20.99565612325251,10.750651540620645,106.66062160131312
V780,2026-03-01 07:29:00,SEG_A,14.702005979582983,10.750197556282528,106.65881481541946
V781,2026-03-01 07:29:00,SEG_A,5.0,10.750150081130345,106.66032399025627
V782,2026-03-01 07:29:00,SEG_A,24.67411654740302,10.751571335816084,106.661569998485
V783,2026-03-01 07:29:00,SEG_A,7.015811253648978,10.74964773496505,106.66048033429588
V784,2026-03-01 07:29:00,SEG_A,35.25523742193742,10.751480099203716,106.661119397162
V785,2026-03-01 07:29:00,SEG_A,11.897696355605676,10.749116800368846,106.6607889078834
V801,2026-03-01 07:30:00,SEG_A,9.040136490194868,10.74936791417719,106.66061623539656
V802,2026-03-01 07:30:00,SEG_A,5.0,10.748138806315495,106.65971926659914
V803,2026-03-01 07:30:00,SEG_A,27.39912452903301,10.749564269911833,106.66010093679174
V804,2026-03-01 07:30:00,SEG_A,24.070314180512096,10.752106884733278,106.65942315152684
V805,2026-03-01 07:30:00,SEG_A,14.86530621013259,10.751822055221345,106.6584778007248
V806,2026-03-01 07:30:00,SEG_A,23.220648564430576,10.74898168446764,106.6601024723671
V807,2026-03-01 07:30:00,SEG_A,13.059047620797806,10.749041988399298,106.65901689807234
V808,2026-03-01 07:30:00,SEG_A,17.211314914030037,10.750995539328162,106.6598702637968
V809,2026-03-01 07:30:00,SEG_A,15.560905269865732,10.750571174066293,106.659028381227
V810,2026-03-01 07:30:00,SEG_A,20.917540067303385,10.75081934309706,106.66260362629876
V811,2026-03-01 07:30:00,SEG_A,11.99116647552334,10.749541918198332,106.66076896587155
V812,2026-03-01 07:30:00,SEG_A,21.552833351297107,10.749464912846625,106.65959683732306
V825,2026-03-01 07:31:00,SEG_A,26.021889890197954,10.749997749755495,106.66081531607216
V826,2026-03-01 07:31:00,SEG_A,9.38586442986574,10.750765955452726,106.65923800847617
V827,2026-03-01 07:31:00,SEG_A,23.725279488705056,10.752210640877394,106.65987791611202
V828,2026-03-01 07:31:00,SEG_A,5.0,10.749451927066756,106.66123187513428
V829,2026-03-01 07:31:00,SEG_A,19.42461429620196,10.750248913598677,106.66100866835596
V830,2026-03-01 07:31:00,SEG_A,18.87562751398737,10.751217725187452,106.66091942367665
V831,2026-03-01 07:31:00,SEG_A,27.173603621895676,10.750358796083908,106.66090525940147
V832,2026-03-01 07:31:00,SEG_A,12.542983415313715,10.74939853918844,106.6617067676404
V833,2026-03-01 07:31:00,SEG_A,16.729637410581503,10.750804880565862,106.6601237400144
V834,2026-03-01 07:31:00,SEG_A,10.307874792640286,10.750010982892585,106.66143599401776
V835,2026-03-01 07:31:00,SEG_A,19.44192059423539,10.74828852684027,106.65978475554344
V836,2026-03-01 07:31:00,SEG_A,29.25835034163769,10.74978620313815,106.65819952130826
V837,2026-03-01 07:31:00,SEG_A,30.14439108338035,10.750682392509813,106.65992998714118
V838,2026-03-01 07:31:00,SEG_A,12.02865811134345,10.751082351929792,106.65945801659976
V839,2026-03-01 07:31:00,SEG_A,24.186051396127908,10.750542195285725,106.66024468192548
V855,2026-03-01 07:32:00,SEG_A,25.978738742932144,10.749008893684412,106.66096799880457
V856,2026-03-01 07:32:00,SEG_A,14.304320195151831,10.750339808574491,106.66046021863944
V857,2026-03-01 07:32:00,SEG_A,22.954803744994543,10.750082718201863,106.66141016199528
V858,2026-03-01 07:32:00,SEG_A,17.475302718079398,10.75062418427247,106.65916673740846
V859,2026-03-01 07:32:00,SEG_A,32.26927208563868,10.750469824923204,106.66071299742534
V860,2026-03-01 07:32:00,SEG_A,5.0,10.74917729797692,106.66123788368792
V861,2026-03-01 07:32:00,SEG_A,17.29512894634084,10.74808622026517,106.66103828992898
V862,2026-03-01 07:32:00,SEG_A,10.649737565178214,10.751411316985877,106.6599121643214
V863,2026-03-01 07:32:00,SEG_A,16.63765348816424,10.751178954578592,106.65910250702916
V864,2026-03-01 07:32:00,SEG_A,7.057225537328483,10.749803501579605,106.6608271727996
V865,2026-03-01 07:32:00,SEG_A,5.0,10.74833196540011,106.66082372092704
V866,2026-03-01 07:32:00,SEG_A,10.176173499463973,10.74960777398708,106.65814318959804
V867,2026-03-01 07:32:00,SEG_A,9.568165485184142,10.749992432703367,106.66093037785762
V868,2026-03-01 07:32:00,SEG_A,8.83015867012289,10.751657376120232,106.6593154439758
V869,2026-03-01 07:32:00,SEG_A,9.535265587318602,10.751537357551898,106.66021146015235
V885,2026-03-01 07:33:00,SEG_A,9.754052300541488,10.750691062565869,106.6614359781248
V886,2026-03-01 07:33:00,SEG_A,11.284956862436411,10.750485198231477,106.65976038284457
V887,2026-03-01 07:33:00,SEG_A,17.923898760308038,10.751565779531203,106.660508659543
V888,2026-03-01 07:33:00,SEG_A,5.0,10.750453995631448,106.66123286374332
V889,2026-03-01 07:33:00,SEG_A,13.22723064001518,10.750995634806118,106.65930988445884
V890,2026-03-01 07:33:00,SEG_A,5.0,10.750141169018832,106.65824352327924
V891,2026-03-01 07:33:00,SEG_A,13.081831896851266,10.751286842262646,106.65809023709426
V892,2026-03-01 07:33:00,SEG_A,5.0,10.748967967754838,106.65993668014028
V893,2026-03-01 07:33:00,SEG_A,12.074265714830323,10.751399136381696,106.66095434832908
V894,2026-03-01 07:33:00,SEG_A,18.962183568548785,10.750145630314345,106.660393229777
V905,2026-03-01 07:34:00,SEG_A,5.643119980169381,10.748698065429837,106.66172741828665
V906,2026-03-01 07:34:00,SEG_A,11.301282355829704,10.749974360939651,106.65959721705887
V907,2026-03-01 07:34:00,SEG_A,7.444616972775268,10.749764849353385,106.66245824360573
V908,2026-03-01 07:34:00,SEG_A,26.13656736779404,10.749147062182209,106.66064757410304
V909,2026-03-01 07:34:00,SEG_A,8.34781781866899,10.748223632361151,106.66101951091764
V910,2026-03-01 07:34:00,SEG_A,24.280742773148404,10.751046052251048,106.65953013475078
V911,2026-03-01 07:34:00,SEG_A,13.66579412798411,10.75074976555366,106.66039149603736
V912,2026-03-01 07:34:00,SEG_A,11.850900229623646,10.748380928179882,106.66011387519414
V913,2026-03-01 07:34:00,SEG_A,23.632077113888904,10.748802411710964,106.66063875938168
V914,2026-03-01 07:34:00,SEG_A,17.65233356106954,10.750750148263233,106.66087197549972
V915,2026-03-01 07:34:00,SEG_A,9.444278064597176,10.748383040599837,106.65946648047432
V916,2026-03-01 07:34:00,SEG_A,22.11301854021606,10.749457996096474,106.65930595667614
V917,2026-03-01 07:34:00,SEG_A,5.0,10.75175264755455,106.66082571364142
V918,2026-03-01 07:34:00,SEG_A,21.15916785019812,10.75096772538678,106.66057670836156
V919,2026-03-01 07:34:00,SEG_A,13.045369158563767,10.749836235895875,106.6595724356354
V920,2026-03-01 07:34:00,SEG_A,36.07792603532,10.7505559120313,106.65953619955864
V937,2026-03-01 07:35:00,SEG_A,29.73720526854611,10.751924496037011,106.65833564360666
V938,2026-03-01 07:35:00,SEG_A,34.95141604582392,10.749084774278847,106.66098067329432
V939,2026-03-01 07:35:00,SEG_A,22.763983846909845,10.749004309773158,106.66049326779384
V940,2026-03-01 07:35:00,SEG_A,14.139730045871488,10.750554330004633,106.66023067230238
V941,2026-03-01 07:35:00,SEG_A,24.570715882961977,10.750075399543146,106.65983212593056
V942,2026-03-01 07:35:00,SEG_A,23.768513864457443,10.750580395964858,106.66073181339432
V943,2026-03-01 07:35:00,SEG_A,9.683306621931226,10.748954737218602,106.65943227785674
V944,2026-03-01 07:35:00,SEG_A,10.03342891455529,10.750786199268653,106.6609759840503
V953,2026-03-01 07:36:00,SEG_A,5.0,10.748677804033912,106.65946280620598
V954,2026-03-01 07:36:00,SEG_A,8.34971331239139,10.750396408502208,106.6603055801919
V955,2026-03-01 07:36:00,SEG_A,22.15038996748365,10.750752383732712,106.66114081278936
V956,2026-03-01 07:36:00,SEG_A,14.984652799927566,10.750303466900816,106.66051151370192
V957,2026-03-01 07:36:00,SEG_A,16.133253579128205,10.749602805690085,106.65966755746564
V958,2026-03-01 07:36:00,SEG_A,8.459532813360276,10.75042161682991,106.65990598482593
V959,2026-03-01 07:36:00,SEG_A,9.694609994905882,10.749337755180676,106.65878960127222
V960,2026-03-01 07:36:00,SEG_A,22.8307307298976,10.750078617669532,106.65913719998042
V961,2026-03-01 07:36:00,SEG_A,21.468381996816145,10.749439551190203,106.65859349937298
V962,2026-03-01 07:36:00,SEG_A,23.169778313753064,10.749462903010434,106.6595911009098
V963,2026-03-01 07:36:00,SEG_A,15.32944016279342,10.75114258922279,106.66002003729086
V964,2026-03-01 07:36:00,SEG_A,5.407062990838158,10.750543877004112,106.65951501027574
V965,2026-03-01 07:36:00,SEG_A,30.10339177223573,10.749998880278,106.65776496450208
V966,2026-03-01 07:36:00,SEG_A,17.85891977724539,10.75194459779226,106.66157592028854
V967,2026-03-01 07:36:00,SEG_A,29.647634310052524,10.74898023981462,106.66091215239598
V983,2026-03-01 07:37:00,SEG_A,5.0,10.751409906217274,106.65931838544746
V984,2026-03-01 07:37:00,SEG_A,31.251201318228023,10.749967525676082,106.6610280535654
V985,2026-03-01 07:37:00,SEG_A,14.573577048070764,10.74996925616774,106.65941597066676
V986,2026-03-01 07:37:00,SEG_A,15.95299143493022,10.750317998694412,106.65921574149108
V987,2026-03-01 07:37:00,SEG_A,13.999644673120926,10.749389901133943,106.6622996640696
V988,2026-03-01 07:37:00,SEG_A,14.282153840707052,10.751545232151695,106.6598043776692
V989,2026-03-01 07:37:00,SEG_A,17.074301132279263,10.748678635928355,106.65955292740811
V990,2026-03-01 07:37:00,SEG_A,16.684277366313975,10.75158600383096,106.66022198277768
V1000,2026-03-01 07:38:00,SEG_A,23.457514161930927,10.750378639323838,106.657955271737
V1001,2026-03-01 07:38:00,SEG_A,5.196865604247135,10.751501235863827,106.66040192828308
V1002,2026-03-01 07:38:00,SEG_A,8.902432551702008,10.749829590342763,106.6600132366728
V1003,2026-03-01 07:38:00,SEG_A,20.88586688224131,10.74864173660514,106.65915905086132
V1004,2026-03-01 07:38:00,SEG_A,17.18364603890711,10.749900165419504,106.66057185918264
V1005,2026-03-01 07:38:00,SEG_A,5.163940821123218,10.75035712867627,106.66109158361938
V1006,2026-03-01 07:38:00,SEG_A,18.89454837719427,10.75013911173976,106.65990411639744
V1007,2026-03-01 07:38:00,SEG_A,8.321190777827987,10.74992800140756,106.66125970585288
V1008,2026-03-01 07:38:00,SEG_A,14.047771947198996,10.749110196010651,106.65950775291122
V1009,2026-03-01 07:38:00,SEG_A,16.60680237820744,10.74962648600282,106.66048530328304
V1010,2026-03-01 07:38:00,SEG_A,19.182750085992243,10.750888983180404,106.66142355947228
V1011,2026-03-01 07:38:00,SEG_A,22.966869794978887,10.749065760935853,106.65909646555342
V1012,2026-03-01 07:38:00,SEG_A,14.393828188321404,10.74954882464276,106.65886167327304
V1013,2026-03-01 07:38:00,SEG_A,11.466465646616046,10.74952548706638,106.65932815226024
V1014,2026-03-01 07:38:00,SEG_A,12.473684110759956,10.751178450850318,106.66019923804124
V1015,2026-03-01 07:38:00,SEG_A,34.77447260844376,10.75017050818602,106.65970993422606
V999,2026-03-01 07:38:00,SEG_A,22.89797882386728,10.74943328697469,106.65936903840286
V1033,2026-03-01 07:39:00,SEG_A,9.665993198345156,10.749846769039742,106.65917586927866
V1034,2026-03-01 07:39:00,SEG_A,5.010059114338308,10.750333549011636,106.6601855133066
V1035,2026-03-01 07:39:00,SEG_A,20.501219876072103,10.750546111830891,106.66024264427132
V1036,2026-03-01 07:39:00,SEG_A,19.452933325420435,10.749957316903773,106.66041289139524
V1037,2026-03-01 07:39:00,SEG_A,9.190844778509124,10.75036970592564,106.66066841768529
V1038,2026-03-01 07:39:00,SEG_A,9.642548575422374,10.750051832098992,106.65937639749036
V1039,2026-03-01 07:39:00,SEG_A,10.78794642787108,10.748875070644898,106.66126577492516
V1040,2026-03-01 07:39:00,SEG_A,23.52548139776038,10.750537433854229,106.66197219595196
V1041,2026-03-01 07:39:00,SEG_A,13.486034427452866,10.75303176241511,106.65977247058464
V1042,2026-03-01 07:39:00,SEG_A,17.041546814048132,10.74960222208606,106.66037232556006
V1043,2026-03-01 07:39:00,SEG_A,21.684919423089955,10.749886083606947,106.66177671984713
V1044,2026-03-01 07:39:00,SEG_A,16.913194277067685,10.75027048538611,106.65909100230547
V1045,2026-03-01 07:39:00,SEG_A,18.347992596403078,10.74986597277919,106.65939176027068
V1046,2026-03-01 07:39:00,SEG_A,8.788204734813089,10.752671763379755,106.65973652274982
V1047,2026-03-01 07:39:00,SEG_A,5.0,10.749301778540268,106.65994843216052
V1048,2026-03-01 07:39:00,SEG_A,19.37333626093188,10.750554796521726,106.66067661455178
V1049,2026-03-01 07:39:00,SEG_A,9.841117546901362,10.750340440443502,106.65912394053588
V1067,2026-03-01 07:40:00,SEG_A,23.014671756395263,10.751426984767226,106.6600853713816
V1068,2026-03-01 07:40:00,SEG_A,5.0,10.748155879548833,106.66025508204386
V1069,2026-03-01 07:40:00,SEG_A,10.26416953816016,10.749085423721672,106.65993725331604
V1070,2026-03-01 07:40:00,SEG_A,19.924682302890304,10.748547242453238,106.65955112237972
V1071,2026-03-01 07:40:00,SEG_A,27.07896546496252,10.74892471161978,106.66086976118716
V1072,2026-03-01 07:40:00,SEG_A,11.122153907608048,10.75054579375985,106.6610973275072
V1073,2026-03-01 07:40:00,SEG_A,20.930254135880173,10.750909159602214,106.6588484064666
V1074,2026-03-01 07:40:00,SEG_A,23.90927765393039,10.749147306885366,106.66025954176556
V1075,2026-03-01 07:40:00,SEG_A,17.065969495977814,10.75048512255887,106.66033695667606
V1076,2026-03-01 07:40:00,SEG_A,8.249520171802214,10.748650132587704,106.66087234867996
V1077,2026-03-01 07:40:00,SEG_A,16.486676620151325,10.751149376840958,106.6599552670658
V1078,2026-03-01 07:40:00,SEG_A,5.0,10.750966129681004,106.65962962939034
V1079,2026-03-01 07:40:00,SEG_A,17.73602765936817,10.74935254057152,106.66164430171024
V1080,2026-03-01 07:40:00,SEG_A,7.987481406534425,10.749662570245894,106.66010744870268
V1095,2026-03-01 07:41:00,SEG_A,22.80791959852673,10.75308851219486,106.66051595847676
V1096,2026-03-01 07:41:00,SEG_A,18.87714809049362,10.75070401507432,106.6589910340224
V1097,2026-03-01 07:41:00,SEG_A,11.44878690864995,10.749493830733307,106.66064761397722
V1098,2026-03-01 07:41:00,SEG_A,13.60660350223041,10.750138223425472,106.66108745462014
V1099,2026-03-01 07:41:00,SEG_A,21.90520590963311,10.74983827899696,106.65933000490313
V1100,2026-03-01 07:41:00,SEG_A,24.08219785322551,10.75077389118091,106.6583937431817
V1101,2026-03-01 07:41:00,SEG_A,12.494768488733754,10.750165515462015,106.66077882971712
V1102,2026-03-01 07:41:00,SEG_A,22.280811959518168,10.750283906001176,106.66058524753136
V1103,2026-03-01 07:41:00,SEG_A,15.51309441902523,10.74932614831182,106.65973873560895
V1104,2026-03-01 07:41:00,SEG_A,15.151929493120866,10.74996532074998,106.65811442709555
V1105,2026-03-01 07:41:00,SEG_A,11.820133320564551,10.75005620565309,106.65971863000809
V1106,2026-03-01 07:41:00,SEG_A,13.025409635907314,10.750487991370804,106.65892104281296
V1107,2026-03-01 07:41:00,SEG_A,5.0,10.749651830209164,106.6607641144055
V1121,2026-03-01 07:42:00,SEG_A,30.027033055945036,10.749331090659997,106.6599265213384
V1122,2026-03-01 07:42:00,SEG_A,18.40899157455541,10.7499765770408,106.659499381854
V1123,2026-03-01 07:42:00,SEG_A,5.0,10.749489165440949,106.65892629758729
V1124,2026-03-01 07:42:00,SEG_A,5.0,10.749204321158327,106.65895290827925
V1125,2026-03-01 07:42:00,SEG_A,19.670292362343584,10.750601091837414,106.65909612071042
V1126,2026-03-01 07:42:00,SEG_A,12.91817095549503,10.748141757337889,106.65950566004982
V1127,2026-03-01 07:42:00,SEG_A,18.191855205618765,10.750824937889616,106.65928695291832
V1128,2026-03-01 07:42:00,SEG_A,23.41483888422016,10.748484308078488,106.65875237220084
V1137,2026-03-01 07:43:00,SEG_A,5.0,10.751403470384767,106.65965910342057
V1138,2026-03-01 07:43:00,SEG_A,15.857240582714589,10.748720746027823,106.66052620201812
V1139,2026-03-01 07:43:00,SEG_A,9.78900567945958,10.750100169637994,106.65971590099464
V1140,2026-03-01 07:43:00,SEG_A,30.400102413886813,10.751982260300146,106.66004651317022
V1141,2026-03-01 07:43:00,SEG_A,15.511821690950836,10.74962655703365,106.6611060062915
V1142,2026-03-01 07:43:00,SEG_A,12.368641037332983,10.749578662725355,106.66097859286366
V1143,2026-03-01 07:43:00,SEG_A,10.693607237466804,10.749962244965552,106.65841868921848
V1144,2026-03-01 07:43:00,SEG_A,20.633522760985336,10.75194086693918,106.6607212253728
V1145,2026-03-01 07:43:00,SEG_A,26.69439334037844,10.749153897863822,106.66023632428202
V1146,2026-03-01 07:43:00,SEG_A,7.4547206050448835,10.74977223445442,106.66077221147737
V1147,2026-03-01 07:43:00,SEG_A,15.814564904826389,10.7485873589774,106.65868497089446
V1148,2026-03-01 07:43:00,SEG_A,5.0,10.75049145258994,106.66206389453563
V1149,2026-03-01 07:43:00,SEG_A,25.899665952001705,10.748104014800854,106.66142107593808
V1150,2026-03-01 07:43:00,SEG_A,22.491203336117177,10.748454700054472,106.65969679838328
V1151,2026-03-01 07:43:00,SEG_A,23.76417929196648,10.750550433510934,106.6586909049476
V1152,2026-03-01 07:43:00,SEG_A,19.885937246369554,10.74786249940392,106.65977717782424
V1153,2026-03-01 07:43:00,SEG_A,24.10365415520039,10.750018394215571,106.65950106245003
V1171,2026-03-01 07:44:00,SEG_A,17.815446166549258,10.750471250457846,106.6586642794907
V1172,2026-03-01 07:44:00,SEG_A,22.500183373998063,10.749665067962727,106.6608630924536
V1173,2026-03-01 07:44:00,SEG_A,8.486640144111096,10.75017704934751,106.66035200295391
V1174,2026-03-01 07:44:00,SEG_A,13.767733467393068,10.750404545193089,106.6597336029248
V1175,2026-03-01 07:44:00,SEG_A,9.807521975669763,10.751605483382797,106.66104895286637
V1176,2026-03-01 07:44:00,SEG_A,8.913082039614586,10.750568444305594,106.65925732114528
V1177,2026-03-01 07:44:00,SEG_A,5.522522850701407,10.7510338094414,106.65829590037436
V1178,2026-03-01 07:44:00,SEG_A,22.41484730861233,10.749747277687426,106.65978845339691
V1179,2026-03-01 07:44:00,SEG_A,18.27800975698632,10.750581198811997,106.65917365682316
V1180,2026-03-01 07:44:00,SEG_A,20.741804870000507,10.750113370538026,106.65874394520714
V1181,2026-03-01 07:44:00,SEG_A,13.641004131362086,10.75138127901556,106.66167659479824
V1182,2026-03-01 07:44:00,SEG_A,20.73878766086942,10.748809656511831,106.66049060690246
V1183,2026-03-01 07:44:00,SEG_A,21.806887230873546,10.75072570798332,106.66078495428869
V1197,2026-03-01 07:45:00,SEG_A,8.876037591662007,10.749420559914418,106.65953655538635
V1198,2026-03-01 07:45:00,SEG_A,5.0,10.750861758494205,106.66119159361418
V1199,2026-03-01 07:45:00,SEG_A,9.389246801889268,10.750348203015944,106.65973445952535
V1200,2026-03-01 07:45:00,SEG_A,17.626191696648245,10.749372422758787,106.6591165748439
V1201,2026-03-01 07:45:00,SEG_A,23.41659908818994,10.749936129414875,106.66202210895084
V1202,2026-03-01 07:45:00,SEG_A,15.37047971835312,10.74907392195965,106.66122694087645
V1203,2026-03-01 07:45:00,SEG_A,20.04640131316816,10.750726872863696,106.66119060067886
V1204,2026-03-01 07:45:00,SEG_A,9.777629649233644,10.749872746691016,106.65982855016853
V1205,2026-03-01 07:45:00,SEG_A,5.0,10.749736409849842,106.66133637945788
V1206,2026-03-01 07:45:00,SEG_A,16.898704830350777,10.748653938672154,106.65844416058832
V1207,2026-03-01 07:45:00,SEG_A,28.31820846998617,10.749909680989743,106.6593525897943
V1208,2026-03-01 07:45:00,SEG_A,12.808065880823976,10.748522692245682,106.6614230951495
V1221,2026-03-01 07:46:00,SEG_A,6.598623042554317,10.750267774197493,106.65878728120096
V1222,2026-03-01 07:46:00,SEG_A,18.41984833696671,10.752626484909037,106.66135017005126
V1223,2026-03-01 07:46:00,SEG_A,20.746783095153305,10.74991439270226,106.658061247373
V1224,2026-03-01 07:46:00,SEG_A,5.0,10.751282792856102,106.65921024391989
V1225,2026-03-01 07:46:00,SEG_A,9.405983214687629,10.749834349524315,106.65893795374114
V1226,2026-03-01 07:46:00,SEG_A,5.18585012358691,10.74994952592722,106.65910847054532
V1227,2026-03-01 07:46:00,SEG_A,9.07185136176884,10.749218808973852,106.66052236021385
V1228,2026-03-01 07:46:00,SEG_A,13.142994476037142,10.749821428032106,106.66059694589732
V1229,2026-03-01 07:46:00,SEG_A,13.86368313413648,10.749721746231543,106.66047045035556
V1230,2026-03-01 07:46:00,SEG_A,20.345582748461048,10.749852926500491,106.6600806077756
V1231,2026-03-01 07:46:00,SEG_A,8.745678162133377,10.749139316956835,106.66076914750197
V1232,2026-03-01 07:46:00,SEG_A,18.559536500356973,10.750455298438416,106.66028085434873
V1233,2026-03-01 07:46:00,SEG_A,15.369626206519628,10.750696411890823,106.66093510876102
V1234,2026-03-01 07:46:00,SEG_A,22.28982404152518,10.749899222084052,106.6613869927299
V1235,2026-03-01 07:46:00,SEG_A,16.82768545385857,10.750632376192566,106.66028208789083
V1251,2026-03-01 07:47:00,SEG_A,23.723775929108523,10.749063678724957,106.65909356894072
V1252,2026-03-01 07:47:00,SEG_A,18.67920213046216,10.749928833011149,106.65811423838944
V1253,2026-03-01 07:47:00,SEG_A,18.000865310033525,10.74814757708501,106.65905474344812
V1254,2026-03-01 07:47:00,SEG_A,25.81345098288086,10.751824879017809,106.65878434363152
V1255,2026-03-01 07:47:00,SEG_A,12.364867700698444,10.75004262252308,106.66178122692756
V1256,2026-03-01 07:47:00,SEG_A,11.057048417404788,10.749523115976968,106.66154872555846
V1257,2026-03-01 07:47:00,SEG_A,12.001686778253935,10.750722201708966,106.65852285703488
V1258,2026-03-01 07:47:00,SEG_A,13.63013804726139,10.748340403161674,106.65894456621903
V1259,2026-03-01 07:47:00,SEG_A,21.713610841218102,10.749950094608913,106.65968089425944
V1260,2026-03-01 07:47:00,SEG_A,9.010003008152658,10.74977934392676,106.6603011131671
V1261,2026-03-01 07:47:00,SEG_A,22.86332965169409,10.747374853315904,106.65916823882571
V1262,2026-03-01 07:47:00,SEG_A,16.272769937512045,10.749901136884038,106.66040337624251
V1263,2026-03-01 07:47:00,SEG_A,17.14032228901243,10.749695132137006,106.659473146804
V1264,2026-03-01 07:47:00,SEG_A,13.035988082115992,10.751148742349825,106.65926799206709
V1265,2026-03-01 07:47:00,SEG_A,14.497546214848356,10.750183342214,106.66156035092988
V1266,2026-03-01 07:47:00,SEG_A,12.597533934109494,10.75095880665601,106.66123197940328
V1267,2026-03-01 07:47:00,SEG_A,14.489965880074816,10.749789281020924,106.65967094632796
V1268,2026-03-01 07:47:00,SEG_A,12.953414926059342,10.750854239860576,106.66023100997724
V1269,2026-03-01 07:47:00,SEG_A,16.882317673358955,10.74887477648962,106.65903250992262
V1289,2026-03-01 07:48:00,SEG_A,9.193134234502883,10.748784497141154,106.65858648267634
V1290,2026-03-01 07:48:00,SEG_A,5.0,10.748943653536497,106.66062749389668
V1291,2026-03-01 07:48:00,SEG_A,5.0,10.748631877153748,106.66179089857124
V1292,2026-03-01 07:48:00,SEG_A,9.908031601213969,10.750321046009164,106.6606423171465
V1293,2026-03-01 07:48:00,SEG_A,20.30020903825024,10.748477685769393,106.65976894032008
V1294,2026-03-01 07:48:00,SEG_A,5.0,10.75244631785891,106.65840512473598
V1295,2026-03-01 07:48:00,SEG_A,6.617278249041439,10.74895939914516,106.65850333952328
V1296,2026-03-01 07:48:00,SEG_A,25.820751278052363,10.752422447901084,106.65952425088068
V1297,2026-03-01 07:48:00,SEG_A,5.0,10.747763074501274,106.65975589128148
V1298,2026-03-01 07:48:00,SEG_A,12.469076614708449,10.74934870387364,106.66022137525395
V1299,2026-03-01 07:48:00,SEG_A,18.16138514252389,10.750323083257936,106.65968387512802
V1300,2026-03-01 07:48:00,SEG_A,6.187025363405905,10.750665833097807,106.6600125137594
V1313,2026-03-01 07:49:00,SEG_A,25.72203520761463,10.75051699047216,106.65954488266595
V1314,2026-03-01 07:49:00,SEG_A,13.084231479069413,10.749195850038426,106.65900522688096
V1315,2026-03-01 07:49:00,SEG_A,6.644668093532541,10.749381945593214,106.65896527900932
V1316,2026-03-01 07:49:00,SEG_A,5.0,10.750219402669751,106.66023459558087
V1317,2026-03-01 07:49:00,SEG_A,28.60634206742653,10.749331661631643,106.66029610058962
V1318,2026-03-01 07:49:00,SEG_A,17.501700634198414,10.749746162438877,106.66074433358877
V1319,2026-03-01 07:49:00,SEG_A,21.201833494805715,10.750327411095196,106.65974436029497
V1320,2026-03-01 07:49:00,SEG_A,12.13975913156372,10.748632246101202,106.65919408222138
V1321,2026-03-01 07:49:00,SEG_A,10.023939808786498,10.74887602823757,106.66043992396668
V1331,2026-03-01 07:50:00,SEG_A,27.06975698658063,10.750967550415991,106.6596790201596
V1332,2026-03-01 07:50:00,SEG_A,15.04149158927216,10.75019538091594,106.6603618129446
V1333,2026-03-01 07:50:00,SEG_A,5.0,10.748457515392198,106.659112609978
V1334,2026-03-01 07:50:00,SEG_A,7.282092455909262,10.749356175986028,106.66063471064209
V1335,2026-03-01 07:50:00,SEG_A,13.648566749402091,10.75019639460501,106.65877569658996
V1336,2026-03-01 07:50:00,SEG_A,11.306862376632438,10.750587257661746,106.66059495245815
V1337,2026-03-01 07:50:00,SEG_A,9.203409374496736,10.75016166238638,106.66219884785347
V1338,2026-03-01 07:50:00,SEG_A,14.859216565954895,10.749306813053858,106.65982623761064
V1339,2026-03-01 07:50:00,SEG_A,15.737416860214664,10.749848831619309,106.65996864529932
V1340,2026-03-01 07:50:00,SEG_A,5.0,10.749037369524912,106.65985066476291
V1341,2026-03-01 07:50:00,SEG_A,13.677856239820509,10.74943381072514,106.65982298641391
V1342,2026-03-01 07:50:00,SEG_A,15.488118843313645,10.750889413456523,106.65990078826476
V1343,2026-03-01 07:50:00,SEG_A,18.192825642386023,10.749458399698566,106.6605720957236
V1357,2026-03-01 07:51:00,SEG_A,19.41563917044479,10.748235383947616,106.6605503451014
V1358,2026-03-01 07:51:00,SEG_A,21.5416928501033,10.750436279453233,106.65978033832806
V1359,2026-03-01 07:51:00,SEG_A,19.51952522837452,10.750170938371127,106.65922187615814
V1360,2026-03-01 07:51:00,SEG_A,29.80329857900021,10.74964832062039,106.66077575230044
V1361,2026-03-01 07:51:00,SEG_A,5.0,10.75127647088278,106.66146876374464
V1362,2026-03-01 07:51:00,SEG_A,15.238670297013106,10.750558771034738,106.6605585151816
V1363,2026-03-01 07:51:00,SEG_A,9.857731442874206,10.75054712230544,106.65919136953012
V1364,2026-03-01 07:51:00,SEG_A,10.129944610837391,10.751126943143213,106.6609746576907
V1365,2026-03-01 07:51:00,SEG_A,9.34899598307366,10.7492664236565,106.65935440339754
V1366,2026-03-01 07:51:00,SEG_A,20.86111653172393,10.74900001521919,106.66035671263904
V1367,2026-03-01 07:51:00,SEG_A,20.97477448507436,10.749911754549707,106.66101006369686
V1368,2026-03-01 07:51:00,SEG_A,12.56551864408166,10.749786144399009,106.65902275376888
V1369,2026-03-01 07:51:00,SEG_A,23.13741878096164,10.749233479553022,106.6603497718177
V1370,2026-03-01 07:51:00,SEG_A,14.429471462992522,10.74894721693689,106.65939089685617
V1385,2026-03-01 07:52:00,SEG_A,8.714583773859976,10.751204507551606,106.6600792150478
V1386,2026-03-01 07:52:00,SEG_A,5.0,10.7523558211816,106.65997105826769
V1387,2026-03-01 07:52:00,SEG_A,18.074671674507265,10.750399524756045,106.65963240453384
V1388,2026-03-01 07:52:00,SEG_A,9.179410545428846,10.752121674985066,106.66100320586962
V1389,2026-03-01 07:52:00,SEG_A,21.57549760886941,10.750576289191718,106.65899668260964
V1390,2026-03-01 07:52:00,SEG_A,25.22024153392219,10.749156867341988,106.66028328679816
V1391,2026-03-01 07:52:00,SEG_A,5.0,10.747959141149352,106.66031829120264
V1392,2026-03-01 07:52:00,SEG_A,8.527205862440734,10.748010832428704,106.66054060950296
V1393,2026-03-01 07:52:00,SEG_A,31.960646168406317,10.75138956025858,106.65974268211473
V1394,2026-03-01 07:52:00,SEG_A,15.070762453575565,10.750887706256783,106.66112212801984
V1395,2026-03-01 07:52:00,SEG_A,12.25171424939441,10.750034177715724,106.66030061480676
V1396,2026-03-01 07:52:00,SEG_A,19.431010562230654,10.749866923557988,106.65987991475492
V1397,2026-03-01 07:52:00,SEG_A,26.038658638035105,10.751209520702442,106.66047741057344
V1398,2026-03-01 07:52:00,SEG_A,28.752872560183427,10.749613554237774,106.66162297344864
V1400,2026-03-01 07:52:00,SEG_A,9.485237982261268,10.7504187978282,106.66039723405298
V1401,2026-03-01 07:52:00,SEG_A,30.60111187340015,10.7493316253167,106.6609049185187
V1402,2026-03-01 07:52:00,SEG_A,24.299704037455967,10.75070464783222,106.65903900365808
V1403,2026-03-01 07:52:00,SEG_A,26.262070442033583,10.751229324931316,106.6605995845198
V1423,2026-03-01 07:53:00,SEG_A,25.250670851716155,10.750074776789136,106.6604510872837
V1424,2026-03-01 07:53:00,SEG_A,12.9086303426157,10.749340502303829,106.66167756944988
V1425,2026-03-01 07:53:00,SEG_A,13.494465143591356,10.749556630120471,106.66109614236636
V1426,2026-03-01 07:53:00,SEG_A,9.221117129060918,10.749405272656226,106.660010246684
V1427,2026-03-01 07:53:00,SEG_A,15.002160832705435,10.750259611347904,106.6620916690894
V1428,2026-03-01 07:53:00,SEG_A,17.689985970818963,10.747621946037247,106.66032629894345
V1429,2026-03-01 07:53:00,SEG_A,15.303039955916791,10.750043450024352,106.6602459473094
V1430,2026-03-01 07:53:00,SEG_A,14.770573698601606,10.749947387906944,106.66061304420975
V1432,2026-03-01 07:53:00,SEG_A,9.273140449750134,10.75010014291246,106.65850433974911
V1433,2026-03-01 07:53:00,SEG_A,15.931747320411375,10.749066774449313,106.65955752705716
V1434,2026-03-01 07:53:00,SEG_A,23.36051732616899,10.750472009568378,106.66056840952456
V1435,2026-03-01 07:53:00,SEG_A,5.0,10.751836895169829,106.65880811868904
V1436,2026-03-01 07:53:00,SEG_A,27.22848651435092,10.75102154386598,106.66057733274178
V1437,2026-03-01 07:53:00,SEG_A,8.160121752732948,10.75015158984482,106.65952907858936
V1438,2026-03-01 07:53:00,SEG_A,15.232316572042334,10.749750127740915,106.65796138949342
V1439,2026-03-01 07:53:00,SEG_A,23.974273207876703,10.74991889284345,106.65951519960048
V1440,2026-03-01 07:53:00,SEG_A,10.517382137361858,10.750358459576368,106.6591062436617
V1459,2026-03-01 07:54:00,SEG_A,9.515144061133904,10.751547089486133,106.6599176743218
V1460,2026-03-01 07:54:00,SEG_A,25.1603434714154,10.749466747817316,106.6602447762838
V1461,2026-03-01 07:54:00,SEG_A,14.556191869949322,10.748302377690482,106.66142833830628
V1462,2026-03-01 07:54:00,SEG_A,13.918771143740672,10.750746418219633,106.65924797127754
V1463,2026-03-01 07:54:00,SEG_A,13.681244947361884,10.749133147640077,106.66123599848277
V1464,2026-03-01 07:54:00,SEG_A,17.491274779605405,10.75036705352668,106.6613581841471
V1465,2026-03-01 07:54:00,SEG_A,24.250730375192184,10.750765342536136,106.65857827265296
V1466,2026-03-01 07:54:00,SEG_A,9.434567043866531,10.748996111863988,106.66072753369362
V1467,2026-03-01 07:54:00,SEG_A,16.365215534000413,10.74860948756637,106.659811255787
V1468,2026-03-01 07:54:00,SEG_A,5.0,10.74994684351193,106.658344627496
V1469,2026-03-01 07:54:00,SEG_A,19.230619947076903,10.750377962626034,106.66190794849334
V1470,2026-03-01 07:54:00,SEG_A,21.78298631597874,10.749577085744178,106.66081807009328
V1471,2026-03-01 07:54:00,SEG_A,5.0,10.749037527396318,106.66033314253208
V1485,2026-03-01 07:55:00,SEG_A,16.72558971108762,10.749958080288758,106.6604310544926
V1486,2026-03-01 07:55:00,SEG_A,16.835101291939676,10.750059093333023,106.659358984084
V1487,2026-03-01 07:55:00,SEG_A,28.55012992609994,10.748949580056651,106.66042763621888
V1488,2026-03-01 07:55:00,SEG_A,12.438074061588535,10.75175954726945,106.65909651746276
V1489,2026-03-01 07:55:00,SEG_A,9.117893905917343,10.74903018193674,106.66032346505096
V1490,2026-03-01 07:55:00,SEG_A,5.0,10.749521471505242,106.65784763417714
V1491,2026-03-01 07:55:00,SEG_A,16.923370833024723,10.749499785141245,106.65851194325606
V1492,2026-03-01 07:55:00,SEG_A,23.684875223792467,10.748692333101616,106.66079694369004
V1493,2026-03-01 07:55:00,SEG_A,9.391673408097564,10.751601571377895,106.66074955053892
V1494,2026-03-01 07:55:00,SEG_A,6.935617033007775,10.74908291744779,106.66060552520524
V1495,2026-03-01 07:55:00,SEG_A,12.900974954318666,10.74983065749298,106.66127223886176
V1496,2026-03-01 07:55:00,SEG_A,9.010489013040347,10.750091293772176,106.66095462779364
V1509,2026-03-01 07:56:00,SEG_A,17.866821208112288,10.751781038459242,106.66162358717796
V1510,2026-03-01 07:56:00,SEG_A,17.877691991232854,10.75046238565885,106.66079149893208
V1511,2026-03-01 07:56:00,SEG_A,5.0,10.750644148337152,106.65926592653186
V1512,2026-03-01 07:56:00,SEG_A,17.547824534372644,10.749772532372392,106.6605012083271
V1514,2026-03-01 07:56:00,SEG_A,20.137223618394103,10.750445928348338,106.6598974140538
V1515,2026-03-01 07:56:00,SEG_A,28.13729353544325,10.750311373129122,106.6604376733002
V1516,2026-03-01 07:56:00,SEG_A,23.355935152404548,10.750362592999696,106.65910198224658
V1517,2026-03-01 07:56:00,SEG_A,5.0,10.749522879097984,106.66076094552588
V1518,2026-03-01 07:56:00,SEG_A,12.175229348657552,10.75080117837228,106.66014872817593
V1519,2026-03-01 07:56:00,SEG_A,25.30452856209748,10.74970478329288,106.66046761482656
V1531,2026-03-01 07:57:00,SEG_A,19.72705658793309,10.74889401505066,106.65995808201782
V1532,2026-03-01 07:57:00,SEG_A,15.539636528542893,10.750846125245904,106.66183950200282
V1533,2026-03-01 07:57:00,SEG_A,18.108413450233723,10.749460211696986,106.66078708444208
V1534,2026-03-01 07:57:00,SEG_A,9.413978425097111,10.74896666250401,106.65824009112804
V1535,2026-03-01 07:57:00,SEG_A,5.0,10.749103554843876,106.6588222102323
V1537,2026-03-01 07:57:00,SEG_A,6.648705803284274,10.74952814035228,106.65939455051212
V1538,2026-03-01 07:57:00,SEG_A,27.15619743447348,10.74938645744071,106.6608809234632
V1539,2026-03-01 07:57:00,SEG_A,14.848139202553106,10.749957695274327,106.65916461971116
V1540,2026-03-01 07:57:00,SEG_A,14.529738787353862,10.749234903873102,106.66017002431424
V1541,2026-03-01 07:57:00,SEG_A,13.110002939010494,10.749055372066808,106.6609918943397
V1542,2026-03-01 07:57:00,SEG_A,18.4147238401714,10.749551937265858,106.66014549304704
V1543,2026-03-01 07:57:00,SEG_A,14.32941982798429,10.749132409062735,106.660070496229
V1544,2026-03-01 07:57:00,SEG_A,10.031905961541003,10.74905506616438,106.65837723266974
V1545,2026-03-01 07:57:00,SEG_A,12.131141171690954,10.750566970659584,106.6593053406466
V1546,2026-03-01 07:57:00,SEG_A,35.16566953726375,10.750885685653651,106.66130433013264
V1563,2026-03-01 07:58:00,SEG_A,21.9486555018713,10.749641990694109,106.66028738070963
V1564,2026-03-01 07:58:00,SEG_A,16.238337956190705,10.747254386135022,106.65909352605053
V1565,2026-03-01 07:58:00,SEG_A,14.593227063125749,10.74964338852344,106.66024710256482
V1566,2026-03-01 07:58:00,SEG_A,24.03585850358336,10.749678464215346,106.65894234520388
V1567,2026-03-01 07:58:00,SEG_A,17.598813268088364,10.749673376666433,106.65984393649916
V1568,2026-03-01 07:58:00,SEG_A,12.66581024677537,10.75224183780001,106.657759295739
V1569,2026-03-01 07:58:00,SEG_A,11.89332877493883,10.749996310974351,106.65921885750772
V1570,2026-03-01 07:58:00,SEG_A,22.198606657026264,10.75081325767872,106.6599522453815
V1571,2026-03-01 07:58:00,SEG_A,12.834609957250446,10.749888043165768,106.65989521334636
V1572,2026-03-01 07:58:00,SEG_A,14.3730157749939,10.749812000898483,106.66025244931458
V1573,2026-03-01 07:58:00,SEG_A,21.02569651862292,10.7487697398524,106.65894933610076
V1574,2026-03-01 07:58:00,SEG_A,5.0,10.750866397400358,106.66025032329318
V1575,2026-03-01 07:58:00,SEG_A,19.042140127462165,10.748570501761636,106.66178494812289
V1576,2026-03-01 07:58:00,SEG_A,10.129192734837138,10.75016820580711,106.66085438466068
V1577,2026-03-01 07:58:00,SEG_A,7.104161953631425,10.749453675641488,106.6601791717746
V1593,2026-03-01 07:59:00,SEG_A,30.81580294490544,10.749395366263457,106.65943155791628
V1594,2026-03-01 07:59:00,SEG_A,14.473573431422524,10.750067181109657,106.65961331635752
V1595,2026-03-01 07:59:00,SEG_A,14.860528824407927,10.749960237768573,106.660174819327
V1596,2026-03-01 07:59:00,SEG_A,5.0,10.751880876307007,106.65985271168648
V1597,2026-03-01 07:59:00,SEG_A,19.64498095557588,10.748621898658469,106.65952899973875
V1598,2026-03-01 07:59:00,SEG_A,9.621473069436684,10.751469723764508,106.65941418639316
V1599,2026-03-01 07:59:00,SEG_A,21.06463989552073,10.749349579547326,106.65954738106036
V1600,2026-03-01 07:59:00,SEG_A,13.035598678394512,10.75128384512683,106.65811014734096
V1601,2026-03-01 07:59:00,SEG_A,5.0,10.74805269483431,106.65891249788024
V1602,2026-03-01 07:59:00,SEG_A,8.507199590463141,10.74838551874591,106.65926585225338
V1603,2026-03-01 07:59:00,SEG_A,5.0,10.748982011276231,106.66120042039992
V1604,2026-03-01 07:59:00,SEG_A,18.228704562248826,10.750187467672172,106.65899722144373
V1605,2026-03-01 07:59:00,SEG_A,5.0,10.748860843924463,106.6599567901731
V1606,2026-03-01 07:59:00,SEG_A,21.945414237813345,10.750902367417137,106.66063061236248
V1607,2026-03-01 07:59:00,SEG_A,9.099545087456448,10.750024549832403,106.65967865746995
V1608,2026-03-01 07:59:00,SEG_A,13.390481892041995,10.75203712789696,106.658237999763
V1625,2026-03-01 08:00:00,SEG_A,16.463430028311663,10.752106240297705,106.6612405965462
V1626,2026-03-01 08:00:00,SEG_A,21.280487345999887,10.749037922869928,106.6594870052508
V1627,2026-03-01 08:00:00,SEG_A,14.241243144571982,10.74922459287599,106.660500464525
V1628,2026-03-01 08:00:00,SEG_A,17.855270793725637,10.748911692206946,106.6611968167091
V1629,2026-03-01 08:00:00,SEG_A,15.818482670470882,10.748270928853255,106.65994865714164
V1630,2026-03-01 08:00:00,SEG_A,17.24965164738324,10.750972792361436,106.65966252359686
V1631,2026-03-01 08:00:00,SEG_A,21.623506139577657,10.75018714198677,106.65868494539096
V1632,2026-03-01 08:00:00,SEG_A,5.0,10.751122559870147,106.66119598417838
V1633,2026-03-01 08:00:00,SEG_A,17.583273843237784,10.75149570672118,106.66105660984904
V1634,2026-03-01 08:00:00,SEG_A,20.46902983583777,10.749088688511266,106.66173142875104
V1635,2026-03-01 08:00:00,SEG_A,19.290411457666185,10.749614161225388,106.65933172999468
V1636,2026-03-01 08:00:00,SEG_A,17.054270252110854,10.748328940915162,106.66069967327536
V1637,2026-03-01 08:00:00,SEG_A,7.371433482447785,10.750370608108824,106.65947837966264
V1651,2026-03-01 08:01:00,SEG_A,16.56654710305169,10.748288460624815,106.66190054025544
V1652,2026-03-01 08:01:00,SEG_A,5.0,10.75041949727231,106.6603899599442
V1653,2026-03-01 08:01:00,SEG_A,17.205094258632617,10.74950542311784,106.66082725265112
V1654,2026-03-01 08:01:00,SEG_A,5.0,10.749934171211326,106.65943612532344
V1655,2026-03-01 08:01:00,SEG_A,9.581616463463748,10.750428747787453,106.66107747854272
V1656,2026-03-01 08:01:00,SEG_A,12.253953905305073,10.750780681089926,106.66004974066544
V1657,2026-03-01 08:01:00,SEG_A,7.8581423260959316,10.74974204790676,106.6597005141092
V1658,2026-03-01 08:01:00,SEG_A,9.426720699956428,10.750428482928656,106.6602346461877
V1659,2026-03-01 08:01:00,SEG_A,5.0,10.74834847400476,106.6604246844532
V1660,2026-03-01 08:01:00,SEG_A,8.477708569643724,10.7503020411551,106.6607809315781
V1661,2026-03-01 08:01:00,SEG_A,5.0,10.748588462745424,106.6616744316824
V1662,2026-03-01 08:01:00,SEG_A,17.812566263699672,10.749580759343326,106.65906605954736
V1663,2026-03-01 08:01:00,SEG_A,10.916473208741763,10.748809427663886,106.66088341217409
V1664,2026-03-01 08:01:00,SEG_A,8.785990771149432,10.751093534588216,106.65959937108023
V1665,2026-03-01 08:01:00,SEG_A,6.6531985310614825,10.749573698411986,106.65737583322247
V1681,2026-03-01 08:02:00,SEG_A,30.31028832054739,10.749722661791209,106.66123884988468
V1682,2026-03-01 08:02:00,SEG_A,15.31236068451648,10.750415418830292,106.6600699585894
V1683,2026-03-01 08:02:00,SEG_A,21.782813010400996,10.749314468387148,106.65901595147696
V1684,2026-03-01 08:02:00,SEG_A,9.891390476983826,10.750099710376324,106.65977918121445
V1685,2026-03-01 08:02:00,SEG_A,20.682199011769413,10.751304731699822,106.65902416166276
V1686,2026-03-01 08:02:00,SEG_A,9.12840966708854,10.748563760581687,106.66203037299076
V1687,2026-03-01 08:02:00,SEG_A,17.437355992974616,10.75047980232005,106.65865979161497
V1688,2026-03-01 08:02:00,SEG_A,14.990640087945003,10.750509247984413,106.65974724230946
V1689,2026-03-01 08:02:00,SEG_A,23.605644998611155,10.752311831125644,106.6590529371729
V1699,2026-03-01 08:03:00,SEG_A,18.83871229521773,10.75137317491789,106.66026342526165
V1700,2026-03-01 08:03:00,SEG_A,15.651102691400622,10.74906340218239,106.6600119295332
V1701,2026-03-01 08:03:00,SEG_A,15.104431405403522,10.748632886115963,106.65946047253024
V1702,2026-03-01 08:03:00,SEG_A,12.4137392118691,10.750413479544056,106.660461350112
V1703,2026-03-01 08:03:00,SEG_A,10.34945214427836,10.750468869602544,106.65981792107064
V1704,2026-03-01 08:03:00,SEG_A,5.0,10.749515297968047,106.66107898864014
V1705,2026-03-01 08:03:00,SEG_A,5.0,10.750112691200416,106.6615852612142
V1706,2026-03-01 08:03:00,SEG_A,8.915096375916153,10.750002149080428,106.65869598374276
V1707,2026-03-01 08:03:00,SEG_A,28.017849133308577,10.749916667373004,106.6600466268428
V1708,2026-03-01 08:03:00,SEG_A,25.83440372404498,10.750661478394646,106.6591243712675
V1709,2026-03-01 08:03:00,SEG_A,9.821776607301471,10.750494931304525,106.65937587894491
V1710,2026-03-01 08:03:00,SEG_A,5.0,10.74994675920136,106.65851978733888
V1711,2026-03-01 08:03:00,SEG_A,27.930254028509808,10.750176787637765,106.65909482494324
V1712,2026-03-01 08:03:00,SEG_A,9.410940682700373,10.748110602412126,106.65890053811322
V1713,2026-03-01 08:03:00,SEG_A,23.130585620325597,10.752231786145492,106.6607263965132
V1714,2026-03-01 08:03:00,SEG_A,14.263659691031767,10.749568040624348,106.6590435041864
V1715,2026-03-01 08:03:00,SEG_A,31.478127194717924,10.749811251298135,106.66211562983004
V1716,2026-03-01 08:03:00,SEG_A,26.14815607688049,10.748259203568654,106.65933404760425
V1735,2026-03-01 08:04:00,SEG_A,13.090530215492176,10.74911741906665,106.66033584567288
V1736,2026-03-01 08:04:00,SEG_A,9.10988087886244,10.749814389065191,106.66084886653604
V1737,2026-03-01 08:04:00,SEG_A,9.409892649481474,10.750788611119264,106.66082222931556
V1739,2026-03-01 08:04:00,SEG_A,23.436269572336656,10.750324877624406,106.65912407558592
V1740,2026-03-01 08:04:00,SEG_A,14.223526993006873,10.7514263269769,106.66170953461562
V1741,2026-03-01 08:04:00,SEG_A,26.826632803521832,10.75078519230673,106.6587443397937
V1742,2026-03-01 08:04:00,SEG_A,18.89729454260536,10.748758597621949,106.6585125288066
V1743,2026-03-01 08:04:00,SEG_A,16.91326947661791,10.75052319944727,106.66090337709848
V1744,2026-03-01 08:04:00,SEG_A,18.97708992308875,10.750531585985742,106.659015347415
V1745,2026-03-01 08:04:00,SEG_A,14.160186522522668,10.748492883214366,106.6579966308706
V1757,2026-03-01 08:05:00,SEG_A,8.523860342955203,10.750988284403103,106.66119155081265
V1758,2026-03-01 08:05:00,SEG_A,27.09714846497536,10.751803930483252,106.66013461943632
V1759,2026-03-01 08:05:00,SEG_A,12.510406046147253,10.75135099093878,106.66071306928184
V1760,2026-03-01 08:05:00,SEG_A,7.140357930659269,10.748966364334482,106.66049193020136
V1761,2026-03-01 08:05:00,SEG_A,13.581802708128002,10.74997357004526,106.6610725333647
V1762,2026-03-01 08:05:00,SEG_A,21.07229715988029,10.751329873248418,106.65806846389364
V1763,2026-03-01 08:05:00,SEG_A,17.027183337769607,10.750694688522398,106.65847341414332
V1764,2026-03-01 08:05:00,SEG_A,9.760834869520224,10.749159514837672,106.66002169817104
V1765,2026-03-01 08:05:00,SEG_A,28.02283174955251,10.752022589404666,106.65918571244691
V1766,2026-03-01 08:05:00,SEG_A,19.212458003948598,10.750558797852142,106.6603876257715
V1767,2026-03-01 08:05:00,SEG_A,18.191837077913878,10.750303742502451,106.6616875701208
V1768,2026-03-01 08:05:00,SEG_A,23.81973211494446,10.748939846102402,106.66079572108087
V1769,2026-03-01 08:05:00,SEG_A,22.138986996091617,10.750314967287151,106.6611314243705
V1770,2026-03-01 08:05:00,SEG_A,16.504592274392298,10.750200467721076,106.66012124054468
V1771,2026-03-01 08:05:00,SEG_A,5.0,10.749919601606097,106.65933174942556
V1772,2026-03-01 08:05:00,SEG_A,5.508416174459542,10.75143401828474,106.66050420751851
V1773,2026-03-01 08:05:00,SEG_A,14.761351352443617,10.749435196648898,106.66029616958464
V1791,2026-03-01 08:06:00,SEG_A,16.89016616471211,10.751155751037498,106.6584147453774
V1792,2026-03-01 08:06:00,SEG_A,15.246020388279232,10.748914764708855,106.6605054960442
V1793,2026-03-01 08:06:00,SEG_A,21.21773229164901,10.751287170242508,106.65946497054568
V1794,2026-03-01 08:06:00,SEG_A,22.417811885510325,10.751360901587477,106.65835675303016
V1795,2026-03-01 08:06:00,SEG_A,19.898759360787604,10.75095851125378,106.6597412736136
V1796,2026-03-01 08:06:00,SEG_A,5.313811379799132,10.75094295575611,106.65880049117244
V1797,2026-03-01 08:06:00,SEG_A,13.573188523912782,10.749959875942196,106.6607155380517
V1798,2026-03-01 08:06:00,SEG_A,9.98694752389974,10.749315416311171,106.66009891547876
V1799,2026-03-01 08:06:00,SEG_A,23.051123820957997,10.752287450000653,106.65849251880022
V1800,2026-03-01 08:06:00,SEG_A,17.522736142292626,10.748913464973766,106.6610188112432
V1801,2026-03-01 08:06:00,SEG_A,7.491643621526136,10.749325351781817,106.65941072914092
V1802,2026-03-01 08:06:00,SEG_A,14.390408490241567,10.750323197596858,106.6604837013936
V1815,2026-03-01 08:07:00,SEG_A,7.946978540189591,10.75063540930102,106.6608866900754
V1816,2026-03-01 08:07:00,SEG_A,7.114750648266556,10.750670614310506,106.65946726432696
V1817,2026-03-01 08:07:00,SEG_A,15.13204140960248,10.75141694441579,106.66080748723402
V1818,2026-03-01 08:07:00,SEG_A,21.366975904177544,10.751908790358456,106.65929612065896
V1819,2026-03-01 08:07:00,SEG_A,7.113000200059634,10.74927787772977,106.6597454989466
V1820,2026-03-01 08:07:00,SEG_A,5.0,10.749792571763304,106.6594554292681
V1821,2026-03-01 08:07:00,SEG_A,21.27007813918239,10.75035241937901,106.65939930337224
V1822,2026-03-01 08:07:00,SEG_A,19.71968676290323,10.750723263059824,106.6592314542102
V1823,2026-03-01 08:07:00,SEG_A,11.055805956940652,10.747774636812904,106.65890934002564
V1824,2026-03-01 08:07:00,SEG_A,9.060243516611372,10.750074166176606,106.65905461732063
V1825,2026-03-01 08:07:00,SEG_A,10.892384103607128,10.748774669318417,106.66017111389851
V1826,2026-03-01 08:07:00,SEG_A,18.40571675667926,10.75040236534842,106.6600123611319
V1827,2026-03-01 08:07:00,SEG_A,5.0,10.749380046336109,106.65959269332768
V1828,2026-03-01 08:07:00,SEG_A,11.773637496634995,10.75007498121799,106.66142554137237
V1829,2026-03-01 08:07:00,SEG_A,21.4967697014768,10.74901248222015,106.66067840287528
V1830,2026-03-01 08:07:00,SEG_A,20.12241894132589,10.749193932527048,106.66084886592265
V1831,2026-03-01 08:07:00,SEG_A,13.716986912437893,10.748590046509984,106.66045520272463
V1849,2026-03-01 08:08:00,SEG_A,23.21140544437775,10.750387495847814,106.6604903685994
V1850,2026-03-01 08:08:00,SEG_A,27.016921183956903,10.748945157665682,106.65944797373184
V1851,2026-03-01 08:08:00,SEG_A,16.263466790677565,10.749435686762238,106.66078313653529
V1852,2026-03-01 08:08:00,SEG_A,13.500806232768127,10.749007467192502,106.66006577167518
V1853,2026-03-01 08:08:00,SEG_A,16.362710166454303,10.750934682062896,106.66039314090314
V1854,2026-03-01 08:08:00,SEG_A,18.689171130878684,10.750320291684009,106.65981177747872
V1855,2026-03-01 08:08:00,SEG_A,9.270247079109884,10.75028883835166,106.65966687523412
V1856,2026-03-01 08:08:00,SEG_A,28.518580963528123,10.751342182294772,106.66063283913236
V1857,2026-03-01 08:08:00,SEG_A,18.027735514343885,10.74991204094902,106.65873887626864
V1858,2026-03-01 08:08:00,SEG_A,13.270622213424277,10.750101400033405,106.66022945647444
V1859,2026-03-01 08:08:00,SEG_A,18.756290936126607,10.750921330197878,106.65930784592832
V1860,2026-03-01 08:08:00,SEG_A,9.53539514232791,10.751450856679742,106.6607709815892
V1861,2026-03-01 08:08:00,SEG_A,11.87383246293343,10.749892788831048,106.65989728605332
V1862,2026-03-01 08:08:00,SEG_A,15.252592978251064,10.75047268309224,106.6625349927461
V1863,2026-03-01 08:08:00,SEG_A,16.51805248930122,10.750662598150424,106.6583135232938
V1864,2026-03-01 08:08:00,SEG_A,11.12080005776932,10.751228815002715,106.66040231539137
V1865,2026-03-01 08:08:00,SEG_A,5.0,10.750674023202317,106.66191816439462
V1866,2026-03-01 08:08:00,SEG_A,5.0,10.751519387675646,106.65722804436938
V1867,2026-03-01 08:08:00,SEG_A,22.503991560427306,10.749991351373987,106.65765002878476
V1887,2026-03-01 08:09:00,SEG_A,26.49807264348861,10.75065891058448,106.66220110313876
V1888,2026-03-01 08:09:00,SEG_A,16.989778082552156,10.74960296920042,106.65938819511652
V1889,2026-03-01 08:09:00,SEG_A,5.0,10.749721404227191,106.66114459333882
V1890,2026-03-01 08:09:00,SEG_A,19.790673381248556,10.75002030800656,106.6590050655562
V1891,2026-03-01 08:09:00,SEG_A,16.8149841441019,10.751012813705197,106.66043071925648
V1892,2026-03-01 08:09:00,SEG_A,16.333881357066872,10.74920304234672,106.66086718181413
V1893,2026-03-01 08:09:00,SEG_A,5.0,10.750382845708865,106.66257032198094
V1894,2026-03-01 08:09:00,SEG_A,5.0,10.7497586305453,106.65999208900988
V1895,2026-03-01 08:09:00,SEG_A,11.299337487547383,10.75103637424256,106.66047245101436
V1896,2026-03-01 08:09:00,SEG_A,16.218402980378553,10.750797272561169,106.66001675070906
V1897,2026-03-01 08:09:00,SEG_A,40.43891591058811,10.750151346933658,106.66019528209848
V1898,2026-03-01 08:09:00,SEG_A,5.0,10.749456549672695,106.6611473776818
V1899,2026-03-01 08:09:00,SEG_A,5.0,10.747842442825698,106.66003231547118
V1900,2026-03-01 08:09:00,SEG_A,25.965956059799822,10.750042381228695,106.65966387539736
V1901,2026-03-01 08:09:00,SEG_A,5.0,10.750452254122704,106.66066127510888
V1902,2026-03-01 08:09:00,SEG_A,5.0,10.751134532448695,106.66076569552588
V1919,2026-03-01 08:10:00,SEG_A,24.01288278903354,10.750028149910223,106.65955747353446
V1920,2026-03-01 08:10:00,SEG_A,23.99946268563714,10.749006672873277,106.66039203039806
V1921,2026-03-01 08:10:00,SEG_A,33.18127192714665,10.750205355682253,106.65922439052072
V1922,2026-03-01 08:10:00,SEG_A,18.282949621372303,10.749529991280983,106.65860588415624
V1923,2026-03-01 08:10:00,SEG_A,20.60828821497685,10.75111783440055,106.65968909332793
V1924,2026-03-01 08:10:00,SEG_A,11.982114607229814,10.749038434608876,106.65985006439954
V1925,2026-03-01 08:10:00,SEG_A,10.501052936614473,10.748988967313297,106.6618921688304
V1926,2026-03-01 08:10:00,SEG_A,18.731942533996055,10.75057239510803,106.66088339956892
V1927,2026-03-01 08:10:00,SEG_A,21.16828973407844,10.749586890047205,106.66027255262296
V1928,2026-03-01 08:10:00,SEG_A,12.847756125914715,10.750438463624777,106.66034169088596
V1929,2026-03-01 08:10:00,SEG_A,11.938717913086386,10.748670701277078,106.66014623705696
V1930,2026-03-01 08:10:00,SEG_A,13.365844097541608,10.74810962775229,106.66050766176888
V1931,2026-03-01 08:10:00,SEG_A,22.722736897942205,10.752528356475208,106.65960880249668
V1932,2026-03-01 08:10:00,SEG_A,10.69030482760746,10.74889057896956,106.66020864190648
V1947,2026-03-01 08:11:00,SEG_A,5.0,10.751110562740292,106.65949787487104
V1948,2026-03-01 08:11:00,SEG_A,9.823618884730184,10.751281230563762,106.6611582226688
V1949,2026-03-01 08:11:00,SEG_A,24.05641093768543,10.749637808865945,106.65994902413468
V1950,2026-03-01 08:11:00,SEG_A,14.521164818433189,10.750782518180673,106.6615535646685
V1951,2026-03-01 08:11:00,SEG_A,17.945172441587257,10.751974891085355,106.66089719441804
V1952,2026-03-01 08:11:00,SEG_A,13.121604847084654,10.750828711406127,106.66170594027872
V1953,2026-03-01 08:11:00,SEG_A,30.986311866730677,10.7511868913446,106.66002567445364
V1954,2026-03-01 08:11:00,SEG_A,13.266453967552636,10.75057606950356,106.66167397449529
V1955,2026-03-01 08:11:00,SEG_A,18.47015297771561,10.750454531871869,106.66005139785432
V1956,2026-03-01 08:11:00,SEG_A,12.3768714989503,10.749837865493356,106.66013542598525
V1957,2026-03-01 08:11:00,SEG_A,28.744799969918574,10.74976028622147,106.6600526120759
V1958,2026-03-01 08:11:00,SEG_A,8.07697871674793,10.750716631066473,106.66136667917873
V1959,2026-03-01 08:11:00,SEG_A,27.99598276765405,10.750203364524696,106.66057435428328
V1960,2026-03-01 08:11:00,SEG_A,13.771597422639696,10.750528018679695,106.6603139651525
V1961,2026-03-01 08:11:00,SEG_A,15.4661150980119,10.750137753692275,106.6604519222834
V1962,2026-03-01 08:11:00,SEG_A,12.646780521235486,10.749757503207922,106.66170736201369
V1963,2026-03-01 08:11:00,SEG_A,36.68437415077106,10.748795633051468,106.65874052879562
V1981,2026-03-01 08:12:00,SEG_A,10.483942675090503,10.749446234846165,106.65859790400395
V1982,2026-03-01 08:12:00,SEG_A,8.996997533388168,10.75149842027565,106.65979340073945
V1983,2026-03-01 08:12:00,SEG_A,20.635293348448787,10.7475212434821,106.66056831130896
V1984,2026-03-01 08:12:00,SEG_A,13.70917836504709,10.74951855997711,106.66018095995742
V1985,2026-03-01 08:12:00,SEG_A,11.033397969503778,10.747876125080111,106.66092224794116
V1986,2026-03-01 08:12:00,SEG_A,16.944140490785543,10.749686057545253,106.65903381462792
V1987,2026-03-01 08:12:00,SEG_A,5.0,10.750223892707067,106.66161344096022
V1988,2026-03-01 08:12:00,SEG_A,16.625331813928305,10.748617238393908,106.66022511672703
V1989,2026-03-01 08:12:00,SEG_A,14.573256302026175,10.750864043626072,106.6606067331774
V1990,2026-03-01 08:12:00,SEG_A,5.0,10.750545242204428,106.65899652059048
V2001,2026-03-01 08:13:00,SEG_A,19.350457983343247,10.74919275619454,106.66075742381804
V2002,2026-03-01 08:13:00,SEG_A,32.06528414402659,10.749938116764872,106.65865560519671
V2003,2026-03-01 08:13:00,SEG_A,5.0,10.750776565551712,106.65994025382103
V2004,2026-03-01 08:13:00,SEG_A,22.014647168512425,10.74946636575084,106.66083062354754
V2005,2026-03-01 08:13:00,SEG_A,13.733606612402196,10.749267495944675,106.6595990015212
V2006,2026-03-01 08:13:00,SEG_A,5.423565156614108,10.751989359558582,106.65990361818643
V2007,2026-03-01 08:13:00,SEG_A,20.156112709457567,10.74946313086713,106.65894807217802
V2008,2026-03-01 08:13:00,SEG_A,13.12895591265652,10.75110119253338,106.6594792682086
V2017,2026-03-01 08:14:00,SEG_A,21.218840501902903,10.750711463651568,106.66181203389108
V2018,2026-03-01 08:14:00,SEG_A,9.514347031416214,10.750218819371046,106.6587106648026
V2019,2026-03-01 08:14:00,SEG_A,12.319687818117457,10.749481154686718,106.66046444995747
V2020,2026-03-01 08:14:00,SEG_A,23.13617445134553,10.750991066690831,106.6591571877278
V2021,2026-03-01 08:14:00,SEG_A,22.987743236983995,10.749955914862891,106.6596754031041
V2022,2026-03-01 08:14:00,SEG_A,9.331908105448653,10.749440064205638,106.6617423138462
V2023,2026-03-01 08:14:00,SEG_A,17.45928613195219,10.750174611847502,106.65973775314146
V2024,2026-03-01 08:14:00,SEG_A,34.56782889150423,10.751305010488846,106.6592789378852
V2025,2026-03-01 08:14:00,SEG_A,12.811079562363004,10.74978575545663,106.66014587197829
V2035,2026-03-01 08:15:00,SEG_A,28.39747733393116,10.75035537621067,106.66196200566384
V2036,2026-03-01 08:15:00,SEG_A,14.65647133634604,10.750953303551643,106.65954876911108
V2037,2026-03-01 08:15:00,SEG_A,10.88320928572681,10.74932249088312,106.65793947105288
V2038,2026-03-01 08:15:00,SEG_A,25.29673807957529,10.749358367560864,106.65919856122024
V2039,2026-03-01 08:15:00,SEG_A,5.560226547098596,10.749795640563464,106.66176349231056
V2040,2026-03-01 08:15:00,SEG_A,31.75023080658174,10.748339133124198,106.65964555200402
V2041,2026-03-01 08:15:00,SEG_A,6.725137839250412,10.750988337741212,106.66028659354728
V2042,2026-03-01 08:15:00,SEG_A,9.90744538096132,10.75007257308059,106.6595225813786
V2051,2026-03-01 08:16:00,SEG_A,13.158910455106898,10.749828399401624,106.66085495975317
V2052,2026-03-01 08:16:00,SEG_A,5.0,10.74977911679345,106.65954427498916
V2053,2026-03-01 08:16:00,SEG_A,13.888705498359196,10.750848406448965,106.66055416148508
V2054,2026-03-01 08:16:00,SEG_A,9.01054153177059,10.750136699203328,106.66149044161408
V2055,2026-03-01 08:16:00,SEG_A,8.349074409621558,10.750145166780396,106.65980683932304
V2056,2026-03-01 08:16:00,SEG_A,14.495959873305784,10.748369342377751,106.6614107628543
V2057,2026-03-01 08:16:00,SEG_A,8.805184792894533,10.751026071970154,106.65937862339194
V2058,2026-03-01 08:16:00,SEG_A,9.995962784833916,10.751213123250466,106.66099388460349
V2059,2026-03-01 08:16:00,SEG_A,16.66932719171186,10.750761150549806,106.65971144721972
V2060,2026-03-01 08:16:00,SEG_A,14.93305897824888,10.749338375607536,106.66090406494928
V2061,2026-03-01 08:16:00,SEG_A,9.452693350661182,10.751485156344938,106.65968416583168
V2062,2026-03-01 08:16:00,SEG_A,15.164068512130674,10.750758728020656,106.6600238644212
V2075,2026-03-01 08:17:00,SEG_A,18.816956303035763,10.749677977371364,106.65935158187504
V2076,2026-03-01 08:17:00,SEG_A,15.412436506599674,10.748853037271733,106.66042880321784
V2077,2026-03-01 08:17:00,SEG_A,24.05109409566648,10.749920795959012,106.6597973510067
V2078,2026-03-01 08:17:00,SEG_A,17.987522825724554,10.747971530581168,106.6605368174566
V2079,2026-03-01 08:17:00,SEG_A,39.81508642995891,10.749877323778886,106.65988087496628
V2080,2026-03-01 08:17:00,SEG_A,20.948856000797463,10.7516453326682,106.66097496784442
V2081,2026-03-01 08:17:00,SEG_A,5.0,10.750563398837665,106.66257193014523
V2082,2026-03-01 08:17:00,SEG_A,19.97952837407572,10.74884539808673,106.6602818296244
V2083,2026-03-01 08:17:00,SEG_A,5.0,10.75123280368927,106.65904411741197
V2084,2026-03-01 08:17:00,SEG_A,15.593949077536184,10.749142219998008,106.65945355194243
V2085,2026-03-01 08:17:00,SEG_A,26.88920516688396,10.750103457164894,106.65944079752629
V2086,2026-03-01 08:17:00,SEG_A,5.838176232906218,10.7481282985136,106.65874871936649
V2087,2026-03-01 08:17:00,SEG_A,15.895673931555024,10.750980233768722,106.65943964850756
V2101,2026-03-01 08:18:00,SEG_A,13.04650464718665,10.749156144924797,106.66062225874826
V2102,2026-03-01 08:18:00,SEG_A,8.56401744366071,10.74901462199593,106.6611883499206
V2103,2026-03-01 08:18:00,SEG_A,17.83696928620018,10.749765070571751,106.66064143298472
V2104,2026-03-01 08:18:00,SEG_A,15.07145498488559,10.750383013150453,106.65918315209764
V2105,2026-03-01 08:18:00,SEG_A,31.56318887128498,10.749420380032324,106.66155601632694
V2106,2026-03-01 08:18:00,SEG_A,13.489049205564188,10.750807097115654,106.66073422349902
V2107,2026-03-01 08:18:00,SEG_A,24.174814041200364,10.749159376292836,106.66107563540128
V2108,2026-03-01 08:18:00,SEG_A,29.77151880729152,10.749741307020756,106.66003470606714
V2109,2026-03-01 08:18:00,SEG_A,10.812426860158766,10.749653563747817,106.66171142279892
V2110,2026-03-01 08:18:00,SEG_A,6.966123790958367,10.74905788117815,106.6616109009364
V2111,2026-03-01 08:18:00,SEG_A,19.996387407106894,10.752120370249042,106.65954956136216
V2112,2026-03-01 08:18:00,SEG_A,16.010249097900555,10.749339323056228,106.66014330116865
V2113,2026-03-01 08:18:00,SEG_A,5.0,10.750684954556656,106.66032347408348
V2114,2026-03-01 08:18:00,SEG_A,14.539562700272649,10.7496096356754,106.65910524601264
V2129,2026-03-01 08:19:00,SEG_A,14.608108095512389,10.751486038893516,106.66096467939416
V2130,2026-03-01 08:19:00,SEG_A,5.930466515625595,10.751242138618627,106.6597376854744
V2131,2026-03-01 08:19:00,SEG_A,7.764374189631639,10.750197103250873,106.65979723064432
V2132,2026-03-01 08:19:00,SEG_A,27.30772251222819,10.75034062202849,106.66020565892087
V2133,2026-03-01 08:19:00,SEG_A,22.20517666284352,10.751092871618091,106.6607836050943
V2134,2026-03-01 08:19:00,SEG_A,26.35570778251963,10.750608682412912,106.66016765146472
V2135,2026-03-01 08:19:00,SEG_A,24.913376496704235,10.74990910385992,106.66003324651632
V2136,2026-03-01 08:19:00,SEG_A,28.77261533837532,10.751621924127956,106.65999182419309
V2137,2026-03-01 08:19:00,SEG_A,11.371587381555068,10.751463173500207,106.66080041835792
V2138,2026-03-01 08:19:00,SEG_A,17.524650033578904,10.74967812728981,106.66033169657872
V2139,2026-03-01 08:19:00,SEG_A,14.82633232089838,10.749335661820426,106.66012904232858
V2140,2026-03-01 08:19:00,SEG_A,17.12339236511686,10.74962460493308,106.6609038256886
V2141,2026-03-01 08:19:00,SEG_A,25.310659138487917,10.750969897693656,106.65972375161478
V2142,2026-03-01 08:19:00,SEG_A,21.046572033506976,10.75007796139746,106.65876425402143
V2143,2026-03-01 08:19:00,SEG_A,20.381835027981964,10.750146131640957,106.66259354800206
V2144,2026-03-01 08:19:00,SEG_A,26.65816690622848,10.750711150156937,106.66024917050127
V2145,2026-03-01 08:19:00,SEG_A,16.309778040464145,10.748996310596366,106.6582610127728
V2146,2026-03-01 08:19:00,SEG_A,8.01952712734748,10.74995228298183,106.6578944607218
V2165,2026-03-01 08:20:00,SEG_A,27.57115997560616,10.74854982062979,106.66141116717417
V2166,2026-03-01 08:20:00,SEG_A,5.628438511789849,10.74885878475444,106.65976571429766
V2167,2026-03-01 08:20:00,SEG_A,12.454348222939323,10.748441582720282,106.66064987797348
V2168,2026-03-01 08:20:00,SEG_A,20.435219397812816,10.751054041596165,106.6595665446702
V2169,2026-03-01 08:20:00,SEG_A,14.683338280220411,10.749969572835097,106.66168799544148
V2170,2026-03-01 08:20:00,SEG_A,5.0,10.749043055651011,106.6600055408428
V2171,2026-03-01 08:20:00,SEG_A,6.315438120675976,10.749741679642728,106.65987392446362
V2172,2026-03-01 08:20:00,SEG_A,9.73851112966025,10.750064468926103,106.66062814927776
V2173,2026-03-01 08:20:00,SEG_A,13.109868439751985,10.749546805266032,106.65983423508334
V2174,2026-03-01 08:20:00,SEG_A,14.940509226835283,10.748259680434666,106.66046155391795
V2175,2026-03-01 08:20:00,SEG_A,11.391990164425644,10.75126153507481,106.66059105347564
V2176,2026-03-01 08:20:00,SEG_A,24.360531233757243,10.748988996206284,106.6596286133588
V2177,2026-03-01 08:20:00,SEG_A,5.060332100340727,10.74929480879107,106.66125210542452
V2178,2026-03-01 08:20:00,SEG_A,26.89992462337996,10.748851866705197,106.65954172233168
V2179,2026-03-01 08:20:00,SEG_A,14.390434623808408,10.75058560564181,106.65824018973646
V2180,2026-03-01 08:20:00,SEG_A,5.0,10.750489626143873,106.65805096143109
V2181,2026-03-01 08:20:00,SEG_A,11.425620750889038,10.75016209180856,106.66041566596994
V2182,2026-03-01 08:20:00,SEG_A,13.866255235649344,10.749634243280951,106.66084457085972
V2201,2026-03-01 08:21:00,SEG_A,13.07463777091423,10.74943300166406,106.65895608435868
V2202,2026-03-01 08:21:00,SEG_A,10.254747941295344,10.750019650095137,106.65921371387834
V2203,2026-03-01 08:21:00,SEG_A,15.768457112939544,10.749034543322088,106.658339008111
V2204,2026-03-01 08:21:00,SEG_A,21.55524896691836,10.749525585404632,106.65916296634676
V2205,2026-03-01 08:21:00,SEG_A,6.249222869620493,10.75042303597473,106.66137490771146
V2206,2026-03-01 08:21:00,SEG_A,11.775409111950845,10.749784436625337,106.66107163183987
V2207,2026-03-01 08:21:00,SEG_A,5.0,10.751966868642914,106.66244410030232
V2208,2026-03-01 08:21:00,SEG_A,5.0,10.749902496771083,106.65928105296813
V2209,2026-03-01 08:21:00,SEG_A,12.881825832762129,10.749581614930385,106.66081175909848
V2210,2026-03-01 08:21:00,SEG_A,14.099440744256071,10.7490890927858,106.6598278148387
V2221,2026-03-01 08:22:00,SEG_A,5.0,10.751615430273178,106.65898348937807
V2222,2026-03-01 08:22:00,SEG_A,14.991894139707076,10.749509803886522,106.65965627132846
V2223,2026-03-01 08:22:00,SEG_A,21.41085789084439,10.751499826797229,106.66119052470496
V2224,2026-03-01 08:22:00,SEG_A,11.761149341265218,10.750184255222404,106.65921792212632
V2225,2026-03-01 08:22:00,SEG_A,7.067597499402441,10.748853699094273,106.659562426693
V2226,2026-03-01 08:22:00,SEG_A,16.996845048119535,10.748088184840247,106.6599536462974
V2227,2026-03-01 08:22:00,SEG_A,27.128200996396195,10.751121911069074,106.65941481592348
V2228,2026-03-01 08:22:00,SEG_A,5.0,10.750459830306465,106.6576825717498
V2229,2026-03-01 08:22:00,SEG_A,23.88123292706142,10.749786412542116,106.66183130032056
V2230,2026-03-01 08:22:00,SEG_A,5.0,10.750918146225208,106.6598994911632
V2231,2026-03-01 08:22:00,SEG_A,12.351595748223357,10.748630156534787,106.66059574790673
V2232,2026-03-01 08:22:00,SEG_A,20.40909907821486,10.751785127801966,106.66100805026284
V2245,2026-03-01 08:23:00,SEG_A,5.657984659212643,10.751082343054437,106.65922987191736
V2246,2026-03-01 08:23:00,SEG_A,14.241531524880092,10.748765497720209,106.6615568946001
V2247,2026-03-01 08:23:00,SEG_A,24.23908248580546,10.749968415250788,106.6588458510644
V2248,2026-03-01 08:23:00,SEG_A,27.287256393941057,10.749634068272952,106.65889479515918
V2249,2026-03-01 08:23:00,SEG_A,5.0,10.749354034868109,106.65854536187749
V2250,2026-03-01 08:23:00,SEG_A,10.017433307817402,10.7507444087337,106.65962459983602
V2251,2026-03-01 08:23:00,SEG_A,17.845547056909687,10.749276665340467,106.66006516906636
V2252,2026-03-01 08:23:00,SEG_A,30.36720657668817,10.749651513921972,106.6603844294376
V2253,2026-03-01 08:23:00,SEG_A,5.0,10.751520106122417,106.65952279337104
V2254,2026-03-01 08:23:00,SEG_A,23.40426919925201,10.74987681970424,106.660611579365
V2255,2026-03-01 08:23:00,SEG_A,20.368099417688004,10.749547559660488,106.66109190643576
V2256,2026-03-01 08:23:00,SEG_A,8.928121088055203,10.750777934220029,106.65960979470584
V2257,2026-03-01 08:23:00,SEG_A,17.79646358905648,10.749538006997646,106.6600499759747
V2258,2026-03-01 08:23:00,SEG_A,6.402450386465864,10.75024755698469,106.66004418783496
V2273,2026-03-01 08:24:00,SEG_A,18.82624560584142,10.7499891362533,106.65870503302152
V2274,2026-03-01 08:24:00,SEG_A,27.37147116924841,10.750076306810849,106.6597108356016
V2275,2026-03-01 08:24:00,SEG_A,18.8493927093963,10.74941428847101,106.66014687517313
V2276,2026-03-01 08:24:00,SEG_A,5.0,10.751087087189251,106.65989558895886
V2277,2026-03-01 08:24:00,SEG_A,24.27040688507209,10.74979886382216,106.65986380029122
V2278,2026-03-01 08:24:00,SEG_A,5.30146057366434,10.750759756973018,106.65912416004598
V2279,2026-03-01 08:24:00,SEG_A,11.108621014406172,10.750001047186082,106.66012122418368
V2280,2026-03-01 08:24:00,SEG_A,5.0,10.749769194134512,106.66079523021864
V2281,2026-03-01 08:24:00,SEG_A,11.973295723808778,10.749775268245786,106.66016240605084
V2282,2026-03-01 08:24:00,SEG_A,13.992316539624008,10.748969484497612,106.65996365387632
V2283,2026-03-01 08:24:00,SEG_A,22.95258536004717,10.748948824052732,106.65962551811052
V2284,2026-03-01 08:24:00,SEG_A,5.0,10.75094138195049,106.65990764179315
V2285,2026-03-01 08:24:00,SEG_A,8.198402931153094,10.750092265600143,106.6587963997851
V2299,2026-03-01 08:25:00,SEG_A,10.617890973225014,10.749807473430478,106.6599090351052
V2300,2026-03-01 08:25:00,SEG_A,8.354418107185815,10.747976914746967,106.65943907099911
V2301,2026-03-01 08:25:00,SEG_A,17.87860533029512,10.750136258306254,106.66119955446982
V2302,2026-03-01 08:25:00,SEG_A,30.643892351710303,10.75075933377146,106.6613825206424
V2303,2026-03-01 08:25:00,SEG_A,21.13419433810496,10.751709899255928,106.66185085363428
V2304,2026-03-01 08:25:00,SEG_A,22.609321366231413,10.750706380146424,106.65979476782806
V2305,2026-03-01 08:25:00,SEG_A,14.66930175228872,10.749662162668647,106.66062125161088
V2306,2026-03-01 08:25:00,SEG_A,9.237215701125212,10.74980889379022,106.65764483011482
V2307,2026-03-01 08:25:00,SEG_A,28.784719158180074,10.749779525417413,106.66045558043731
V2317,2026-03-01 08:26:00,SEG_A,12.781173904551846,10.750034210118333,106.66069620746184
V2318,2026-03-01 08:26:00,SEG_A,23.659371612935587,10.74968990469141,106.65895577798442
V2319,2026-03-01 08:26:00,SEG_A,15.60875583138013,10.750470649586104,106.65853927469402
V2320,2026-03-01 08:26:00,SEG_A,7.87513362393932,10.749280813104036,106.65979217781128
V2321,2026-03-01 08:26:00,SEG_A,8.911728770985714,10.750707040725096,106.65839486679852
V2322,2026-03-01 08:26:00,SEG_A,5.0,10.749666111188487,106.65982434719584
V2323,2026-03-01 08:26:00,SEG_A,5.0,10.749393251157352,106.65959895618258
V2324,2026-03-01 08:26:00,SEG_A,11.853616423822835,10.750151881483289,106.65933842111558
V2325,2026-03-01 08:26:00,SEG_A,26.822690400066183,10.750488204639732,106.65919288647936
V2326,2026-03-01 08:26:00,SEG_A,15.756091946940584,10.750124015318606,106.6612147214745
V2327,2026-03-01 08:26:00,SEG_A,10.196940568669191,10.75076733869772,106.66004185447578
V2328,2026-03-01 08:26:00,SEG_A,26.93253213159013,10.75129089145264,106.6601969793046
V2329,2026-03-01 08:26:00,SEG_A,12.901739031871516,10.75050660590968,106.65981954997288
V2343,2026-03-01 08:27:00,SEG_A,16.788919251517658,10.750961157213718,106.65963409575484
V2344,2026-03-01 08:27:00,SEG_A,15.390296840277044,10.751181226764414,106.65772131099656
V2345,2026-03-01 08:27:00,SEG_A,19.71480401310673,10.749666115174008,106.65908768187543
V2346,2026-03-01 08:27:00,SEG_A,17.69235379420784,10.751227451296808,106.66103914383147
V2347,2026-03-01 08:27:00,SEG_A,13.919095752746973,10.75087574096376,106.66086806789843
V2348,2026-03-01 08:27:00,SEG_A,14.301029836054663,10.749306919448012,106.65936476596887
V2349,2026-03-01 08:27:00,SEG_A,21.702826790945096,10.749957853186288,106.65895381778029
V2350,2026-03-01 08:27:00,SEG_A,5.0,10.750831831452096,106.65945322157772
V2351,2026-03-01 08:27:00,SEG_A,17.643102045247854,10.75123970690707,106.65869107552314
V2352,2026-03-01 08:27:00,SEG_A,14.63890095589724,10.74982930585378,106.66037974287562
V2353,2026-03-01 08:27:00,SEG_A,24.91327998736348,10.748670548185338,106.6605697979487
V2354,2026-03-01 08:27:00,SEG_A,23.25219019994961,10.749813622936044,106.6598625530071
V2355,2026-03-01 08:27:00,SEG_A,18.34759495187938,10.75034481707789,106.66058235260736
V2356,2026-03-01 08:27:00,SEG_A,19.49024421120973,10.749018027694383,106.6609902664977
V2371,2026-03-01 08:28:00,SEG_A,21.80389762561527,10.750211982549772,106.660251486531
V2372,2026-03-01 08:28:00,SEG_A,16.097897031741,10.748748761214404,106.6599099278042
V2373,2026-03-01 08:28:00,SEG_A,16.769491882729337,10.749583914878734,106.6603376770187
V2374,2026-03-01 08:28:00,SEG_A,15.17045992284089,10.750773691891098,106.66066311238106
V2375,2026-03-01 08:28:00,SEG_A,16.33722630067873,10.7486327871087,106.66179072273869
V2376,2026-03-01 08:28:00,SEG_A,13.864872011430856,10.749919113546303,106.65965747915128
V2377,2026-03-01 08:28:00,SEG_A,11.092706751475708,10.751544058048,106.66138604432038
V2378,2026-03-01 08:28:00,SEG_A,18.555147228621365,10.749892499845568,106.660619117985
V2379,2026-03-01 08:28:00,SEG_A,15.59037585415498,10.749809777081676,106.6603381059215
V2380,2026-03-01 08:28:00,SEG_A,11.47073802443644,10.750252264264004,106.66020422092562
V2381,2026-03-01 08:28:00,SEG_A,19.8234881700634,10.749380863042523,106.66071013635288
V2382,2026-03-01 08:28:00,SEG_A,7.749508056395959,10.749427433348378,106.65947107494084
V2383,2026-03-01 08:28:00,SEG_A,6.423585821010574,10.751015662283386,106.6590309475238
V2397,2026-03-01 08:29:00,SEG_A,9.577842394169435,10.750380934946849,106.66117049709342
V2398,2026-03-01 08:29:00,SEG_A,28.332871266519376,10.75004136616368,106.66183774563078
V2399,2026-03-01 08:29:00,SEG_A,12.682683601396556,10.751098767622365,106.65905781900304
V2400,2026-03-01 08:29:00,SEG_A,18.361604054906035,10.747658306959144,106.65887840898834
V2401,2026-03-01 08:29:00,SEG_A,18.73341438464612,10.7486875611478,106.66042694961078
V2402,2026-03-01 08:29:00,SEG_A,22.251664966498907,10.749498679807282,106.65903104704432
V2403,2026-03-01 08:29:00,SEG_A,11.20650707316209,10.749034187680817,106.659898786442
V2404,2026-03-01 08:29:00,SEG_A,15.816724999104654,10.749693989876905,106.66167435924018
V2405,2026-03-01 08:29:00,SEG_A,9.244769442504197,10.751391433179256,106.65895876076368
V2406,2026-03-01 08:29:00,SEG_A,15.582220559532391,10.751183105408549,106.66113135715224
V2407,2026-03-01 08:29:00,SEG_A,11.63793681839812,10.750555069720072,106.66042117908366
V2408,2026-03-01 08:29:00,SEG_A,10.68048657125808,10.750615949937147,106.66186249217203
V2421,2026-03-01 08:30:00,SEG_A,17.591517136688147,10.748185238251326,106.65926953374108
V2422,2026-03-01 08:30:00,SEG_A,12.760577390377165,10.74914388481297,106.6616291980148
V2423,2026-03-01 08:30:00,SEG_A,15.150894773799614,10.750176769678228,106.65951676929204
V2424,2026-03-01 08:30:00,SEG_A,14.873768637016312,10.748784746535698,106.6598301829639
V2425,2026-03-01 08:30:00,SEG_A,7.503932571233953,10.749722596415245,106.6574400834337
V2426,2026-03-01 08:30:00,SEG_A,5.975974332451795,10.751463926404517,106.66083039774912
V2427,2026-03-01 08:30:00,SEG_A,25.55231468732185,10.751387721269673,106.66067298742416
V2428,2026-03-01 08:30:00,SEG_A,11.37705051696692,10.748962749053735,106.66114674460545
V2429,2026-03-01 08:30:00,SEG_A,15.516543795099125,10.752494022816382,106.65963490202398
V2430,2026-03-01 08:30:00,SEG_A,30.78316683824384,10.749843208209304,106.66133604859724
V2431,2026-03-01 08:30:00,SEG_A,28.57353389785964,10.74897705007182,106.6595150019217
V2432,2026-03-01 08:30:00,SEG_A,6.736166194411753,10.74877005551174,106.66066706685052
V2433,2026-03-01 08:30:00,SEG_A,13.426973038007828,10.75005236632319,106.66055623913498
V2447,2026-03-01 08:31:00,SEG_A,23.724588698990782,10.749838374235976,106.6606963308814
V2448,2026-03-01 08:31:00,SEG_A,16.62571009835754,10.748597928960756,106.65990934182426
V2449,2026-03-01 08:31:00,SEG_A,5.115007205370532,10.749891879161783,106.65925486918276
V2450,2026-03-01 08:31:00,SEG_A,18.05570426787847,10.748657645662536,106.66001470182528
V2451,2026-03-01 08:31:00,SEG_A,19.579324660505552,10.75090759556931,106.65923583224212
V2452,2026-03-01 08:31:00,SEG_A,15.1420077776574,10.750184146972911,106.66154712627954
V2453,2026-03-01 08:31:00,SEG_A,5.0,10.749088897454929,106.66280446249272
V2454,2026-03-01 08:31:00,SEG_A,12.815221728352205,10.748109006190097,106.65941744985663
V2455,2026-03-01 08:31:00,SEG_A,5.0,10.750240920712455,106.66080978476027
V2465,2026-03-01 08:32:00,SEG_A,24.38849875004482,10.749138441119122,106.65957584474177
V2466,2026-03-01 08:32:00,SEG_A,19.199122914535952,10.748886397168386,106.6598905190904
V2467,2026-03-01 08:32:00,SEG_A,23.71309747130689,10.75021111074362,106.6612474263368
V2468,2026-03-01 08:32:00,SEG_A,24.068818864047984,10.75000773833442,106.65766325862364
V2469,2026-03-01 08:32:00,SEG_A,6.153821638277547,10.750763334112383,106.65844974857971
V2470,2026-03-01 08:32:00,SEG_A,12.3864592913044,10.750338480613689,106.66146957069576
V2471,2026-03-01 08:32:00,SEG_A,10.399842428364687,10.749356512290916,106.6599475542335
V2472,2026-03-01 08:32:00,SEG_A,17.80730375848082,10.749845753172604,106.66104926834888
V2473,2026-03-01 08:32:00,SEG_A,8.606849335772225,10.75012016093338,106.66044521271024
V2474,2026-03-01 08:32:00,SEG_A,11.798137520753148,10.75083970993656,106.66014895854124
V2475,2026-03-01 08:32:00,SEG_A,21.31076570521819,10.750194104108049,106.66037640457148
V2476,2026-03-01 08:32:00,SEG_A,9.940865945205156,10.749369228294809,106.66122439647992
V2477,2026-03-01 08:32:00,SEG_A,20.08408355616266,10.748977034833777,106.66018086342466
V2478,2026-03-01 08:32:00,SEG_A,5.0,10.7494260598363,106.66096102767662
V2480,2026-03-01 08:32:00,SEG_A,11.861971054910786,10.750338272223829,106.6604652898754
V2481,2026-03-01 08:32:00,SEG_A,22.698845690674915,10.749789742248227,106.65983434418736
V2482,2026-03-01 08:32:00,SEG_A,5.0,10.749795478460827,106.6587384249376
V2483,2026-03-01 08:32:00,SEG_A,5.0,10.748914820629889,106.6615086849078
V2503,2026-03-01 08:33:00,SEG_A,20.36177165593273,10.750753112300876,106.66016271873502
V2504,2026-03-01 08:33:00,SEG_A,13.236844052031074,10.751530397801456,106.65952209846024
V2505,2026-03-01 08:33:00,SEG_A,18.130508803418767,10.75041390841074,106.65939044214774
V2506,2026-03-01 08:33:00,SEG_A,8.537420917508054,10.74964614797913,106.65950778314682
V2507,2026-03-01 08:33:00,SEG_A,5.0,10.749348504917482,106.66026622298465
V2508,2026-03-01 08:33:00,SEG_A,25.12754867318879,10.750554391335172,106.65740046550162
V2509,2026-03-01 08:33:00,SEG_A,20.130429718058625,10.749441848214104,106.66045308007467
V2510,2026-03-01 08:33:00,SEG_A,14.886917926314975,10.749807312373914,106.65989776427205
V2511,2026-03-01 08:33:00,SEG_A,14.82060553384176,10.751344404972093,106.65998033981292
V2512,2026-03-01 08:33:00,SEG_A,23.684289065449605,10.750939905865843,106.66066704554758
V2513,2026-03-01 08:33:00,SEG_A,5.0,10.751116632656162,106.65954209870586
V2514,2026-03-01 08:33:00,SEG_A,20.72581824859818,10.74902746716676,106.65881492595668
V2515,2026-03-01 08:33:00,SEG_A,30.811109894649597,10.74904301693316,106.66114610663904
V2529,2026-03-01 08:34:00,SEG_A,11.947951842370314,10.749518245352636,106.66096007096392
V2530,2026-03-01 08:34:00,SEG_A,14.65162744508086,10.751796094645652,106.6606622133819
V2531,2026-03-01 08:34:00,SEG_A,11.718216046483848,10.75023965869656,106.65964593119062
V2532,2026-03-01 08:34:00,SEG_A,21.87516872392336,10.74866780228671,106.65917630402342
V2533,2026-03-01 08:34:00,SEG_A,18.64551934843937,10.751225756448724,106.65779803140386
V2534,2026-03-01 08:34:00,SEG_A,25.995769727923324,10.749859864871572,106.65811612503806
V2535,2026-03-01 08:34:00,SEG_A,5.0,10.748470613934192,106.65998029514417
V2536,2026-03-01 08:34:00,SEG_A,14.472815697528922,10.75063320043471,106.65945051282245
V2537,2026-03-01 08:34:00,SEG_A,6.135675628430633,10.74958691361234,106.6600336102869
V2538,2026-03-01 08:34:00,SEG_A,16.84618235964222,10.749210835300728,106.66090144670034
V2539,2026-03-01 08:34:00,SEG_A,10.028825826207733,10.749130282637674,106.65945760849053
V2540,2026-03-01 08:34:00,SEG_A,23.598721405620857,10.74986720354706,106.65930548649692
V2541,2026-03-01 08:34:00,SEG_A,22.40886200358835,10.75214274853995,106.6602096826343
V2542,2026-03-01 08:34:00,SEG_A,24.870739686923468,10.751036077950577,106.65939436024834
V2543,2026-03-01 08:34:00,SEG_A,15.21307344380986,10.748717455370295,106.65979505773365
V2544,2026-03-01 08:34:00,SEG_A,9.990477046994208,10.749597114042825,106.65925010496862
V2561,2026-03-01 08:35:00,SEG_A,20.19236903164547,10.748915720399165,106.65970732870665
V2562,2026-03-01 08:35:00,SEG_A,13.970446091642376,10.749047488431906,106.6590301319772
V2563,2026-03-01 08:35:00,SEG_A,27.054148736948484,10.749022639380309,106.6610784360764
V2564,2026-03-01 08:35:00,SEG_A,11.50812417307987,10.749974360670118,106.66056184441824
V2565,2026-03-01 08:35:00,SEG_A,10.21153061676257,10.750567904313495,106.65795357030044
V2566,2026-03-01 08:35:00,SEG_A,18.51765910731709,10.747531469875428,106.65977315327328
V2567,2026-03-01 08:35:00,SEG_A,21.83394388254793,10.75062229530606,106.65870158952104
V2568,2026-03-01 08:35:00,SEG_A,5.642684831251865,10.749311327959678,106.66018621586235
V2569,2026-03-01 08:35:00,SEG_A,5.0,10.749986776424151,106.6603114293738
V2570,2026-03-01 08:35:00,SEG_A,12.73570255303213,10.750525320968054,106.66022372415831
V2571,2026-03-01 08:35:00,SEG_A,10.666765924808836,10.74806381063974,106.66013341308155
V2572,2026-03-01 08:35:00,SEG_A,7.375397078160177,10.74942165737514,106.66047912421796
V2573,2026-03-01 08:35:00,SEG_A,26.33866706747481,10.749961939876558,106.66055406483645
V2587,2026-03-01 08:36:00,SEG_A,18.1362128884793,10.75011434910982,106.66037713248431
V2588,2026-03-01 08:36:00,SEG_A,18.7726784627671,10.749066329215582,106.65902447182098
V2589,2026-03-01 08:36:00,SEG_A,20.71941707280322,10.749370655389436,106.657249851508
V2590,2026-03-01 08:36:00,SEG_A,20.19004238307092,10.74896373871193,106.66046713587792
V2591,2026-03-01 08:36:00,SEG_A,26.142574794535754,10.750016762457262,106.66099576583166
V2592,2026-03-01 08:36:00,SEG_A,16.230381444289616,10.751587429328142,106.65893789289125
V2593,2026-03-01 08:36:00,SEG_A,14.934280156668082,10.75067316160504,106.659809588243
V2594,2026-03-01 08:36:00,SEG_A,24.21775197322136,10.749567960460489,106.66206937115165
V2595,2026-03-01 08:36:00,SEG_A,31.97758003417796,10.750282071996228,106.66055260118036
V2596,2026-03-01 08:36:00,SEG_A,24.5333714849971,10.748812802601032,106.65868799998542
V2597,2026-03-01 08:36:00,SEG_A,25.05135131086108,10.750273988472872,106.65977349475402
V2598,2026-03-01 08:36:00,SEG_A,15.088986423049288,10.747613958527635,106.65980943768554
V2599,2026-03-01 08:36:00,SEG_A,8.975626086454211,10.750918071633617,106.66099503077838
V2600,2026-03-01 08:36:00,SEG_A,19.613441873039285,10.7503954586488,106.65850265325128
V2601,2026-03-01 08:36:00,SEG_A,19.725144639974992,10.750629397945524,106.66124519265377
V2602,2026-03-01 08:36:00,SEG_A,31.945678499441577,10.748307439326428,106.65961152317438
V2603,2026-03-01 08:36:00,SEG_A,9.061866902738842,10.750172507188385,106.6600134018582
V2604,2026-03-01 08:36:00,SEG_A,13.127343415358837,10.7510276043614,106.65889858578882
V2605,2026-03-01 08:36:00,SEG_A,6.671028260859151,10.7489757747289,106.65963967241257
V2625,2026-03-01 08:37:00,SEG_A,23.923221304775566,10.74917002722302,106.65832505368502
V2626,2026-03-01 08:37:00,SEG_A,12.181586826319002,10.748402278282123,106.66001467316715
V2627,2026-03-01 08:37:00,SEG_A,8.756367003930679,10.748045728613246,106.66173602514586
V2628,2026-03-01 08:37:00,SEG_A,10.699506295156958,10.748362380697056,106.6608981717905
V2629,2026-03-01 08:37:00,SEG_A,9.17108509968572,10.751090166033691,106.65926660566532
V2630,2026-03-01 08:37:00,SEG_A,10.67281847789762,10.750344831709477,106.6605932193807
V2631,2026-03-01 08:37:00,SEG_A,21.14786989872479,10.74991025886127,106.66052861672156
V2632,2026-03-01 08:37:00,SEG_A,20.965028855387363,10.750200569138569,106.65985734188672
V2633,2026-03-01 08:37:00,SEG_A,5.0,10.75059917415678,106.66004217369914
V2634,2026-03-01 08:37:00,SEG_A,11.69107318119434,10.751277766363591,106.65857216636708
V2635,2026-03-01 08:37:00,SEG_A,28.15229052291909,10.749977726721363,106.6603175181785
V2636,2026-03-01 08:37:00,SEG_A,11.839647083757834,10.748332927087477,106.65986039010151
V2637,2026-03-01 08:37:00,SEG_A,17.67795925514234,10.750676225446403,106.65980196680157
V2638,2026-03-01 08:37:00,SEG_A,5.0,10.748458338655418,106.66205201962376
V2653,2026-03-01 08:38:00,SEG_A,15.792744068175432,10.749206010572168,106.65981361757404
V2654,2026-03-01 08:38:00,SEG_A,5.0,10.75040487228672,106.65830343130442
V2655,2026-03-01 08:38:00,SEG_A,16.186276854332693,10.748773494406976,106.65915035896488
V2656,2026-03-01 08:38:00,SEG_A,24.2378568203613,10.750587917945914,106.66114920313768
V2657,2026-03-01 08:38:00,SEG_A,27.477817060010324,10.74922716129286,106.66149897166244
V2658,2026-03-01 08:38:00,SEG_A,5.0,10.750746100334544,106.6595066622854
V2659,2026-03-01 08:38:00,SEG_A,7.557598858885469,10.750614469867305,106.66094495152517
V2660,2026-03-01 08:38:00,SEG_A,22.32214709317236,10.750214859888894,106.66013195730132
V2661,2026-03-01 08:38:00,SEG_A,19.21493268559922,10.750303764075516,106.66054135583958
V2671,2026-03-01 08:39:00,SEG_A,11.735129906577102,10.749046225960637,106.66127697366076
V2672,2026-03-01 08:39:00,SEG_A,19.351257620731303,10.750328584341524,106.65936636791506
V2673,2026-03-01 08:39:00,SEG_A,18.40531050109412,10.748914721940338,106.66063406235608
V2674,2026-03-01 08:39:00,SEG_A,26.031093596849683,10.751631045543908,106.6607085240541
V2675,2026-03-01 08:39:00,SEG_A,5.0,10.750197330130948,106.66213968174404
V2676,2026-03-01 08:39:00,SEG_A,8.051107276461726,10.74994081842709,106.6614135243518
V2677,2026-03-01 08:39:00,SEG_A,19.937071376588683,10.752480156324484,106.65926713061675
V2678,2026-03-01 08:39:00,SEG_A,7.081953714073425,10.751224125435836,106.65880412137172
V2679,2026-03-01 08:39:00,SEG_A,13.42585608945971,10.74993435345514,106.66103598947338
V2680,2026-03-01 08:39:00,SEG_A,19.914143744201976,10.750457064914176,106.6595975691221
V2682,2026-03-01 08:39:00,SEG_A,15.797377660374693,10.748702137029008,106.65936251855068
V2683,2026-03-01 08:39:00,SEG_A,13.290318128421568,10.749465399759734,106.65998392216548
V2684,2026-03-01 08:39:00,SEG_A,29.2241286144583,10.75124716691737,106.65984116728352
V2685,2026-03-01 08:39:00,SEG_A,5.333760442673116,10.751337367642902,106.65995094572654
V2686,2026-03-01 08:39:00,SEG_A,5.0,10.750712430118494,106.66102568668424
V2687,2026-03-01 08:39:00,SEG_A,5.0,10.749175445357867,106.65988954598868
V2688,2026-03-01 08:39:00,SEG_A,20.876087290468934,10.749484253415377,106.65916785809802
V2689,2026-03-01 08:39:00,SEG_A,20.81735399744226,10.749531677626686,106.66054205465056
V2709,2026-03-01 08:40:00,SEG_A,5.097630244300566,10.749317756203869,106.65984032791718
V2710,2026-03-01 08:40:00,SEG_A,13.436118452613847,10.751836423707411,106.66023224659271
V2711,2026-03-01 08:40:00,SEG_A,5.0,10.750418181361589,106.66054566372274
V2712,2026-03-01 08:40:00,SEG_A,13.998975774042094,10.748786603325591,106.66175805469533
V2713,2026-03-01 08:40:00,SEG_A,6.440928691349942,10.750660772206416,106.66020005052906
V2714,2026-03-01 08:40:00,SEG_A,19.80648439223816,10.751706857924168,106.66056163887214
V2715,2026-03-01 08:40:00,SEG_A,10.530686183651737,10.751105992275129,106.65936890054996
V2716,2026-03-01 08:40:00,SEG_A,16.308464091162143,10.748706916391985,106.65896671877266
V2717,2026-03-01 08:40:00,SEG_A,15.41109336348949,10.750368086708582,106.6582976093773
V2718,2026-03-01 08:40:00,SEG_A,18.978298944005317,10.749180571023402,106.66127968801568
V2719,2026-03-01 08:40:00,SEG_A,12.184284569403934,10.74887637773045,106.66007580455796
V2720,2026-03-01 08:40:00,SEG_A,7.670119991370197,10.751268945141431,106.66000053020753
V2721,2026-03-01 08:40:00,SEG_A,13.786587015253703,10.750591801018931,106.6589950525608
V2722,2026-03-01 08:40:00,SEG_A,5.0,10.75040835157944,106.65890032929198
V2737,2026-03-01 08:41:00,SEG_A,17.19548455515368,10.74844592117898,106.66025269648875
V2738,2026-03-01 08:41:00,SEG_A,14.633903480454888,10.750129966292116,106.66003562971348
V2739,2026-03-01 08:41:00,SEG_A,17.073358983600656,10.751337343225677,106.6588204925879
V2740,2026-03-01 08:41:00,SEG_A,12.26278131599664,10.750666618628962,106.66048092586772
V2741,2026-03-01 08:41:00,SEG_A,18.675244426736672,10.752753577215673,106.66061413552411
V2742,2026-03-01 08:41:00,SEG_A,24.0475023700402,10.749692927941148,106.6590070876261
V2743,2026-03-01 08:41:00,SEG_A,12.485460566130929,10.750711960171344,106.66040682785484
V2744,2026-03-01 08:41:00,SEG_A,18.22601096479104,10.749785655613202,106.6596261973812
V2745,2026-03-01 08:41:00,SEG_A,13.561142045653778,10.750724475450165,106.66084072742817
V2746,2026-03-01 08:41:00,SEG_A,6.950066802630179,10.750762342559431,106.65934927876924
V2747,2026-03-01 08:41:00,SEG_A,18.751373214728428,10.749808034257535,106.66156578854924
V2748,2026-03-01 08:41:00,SEG_A,11.655402968150836,10.750178611840894,106.66060659315757
V2749,2026-03-01 08:41:00,SEG_A,8.008329199016943,10.749927142944571,106.65973341511535
V2750,2026-03-01 08:41:00,SEG_A,10.889492132752212,10.749560276998515,106.66111201459812
V2765,2026-03-01 08:42:00,SEG_A,5.0,10.75094508085262,106.65839669103312
V2766,2026-03-01 08:42:00,SEG_A,17.29464696117341,10.74915630665222,106.658573296555
V2767,2026-03-01 08:42:00,SEG_A,16.906840746228575,10.749666200614689,106.66083818910542
V2768,2026-03-01 08:42:00,SEG_A,5.0,10.749242685354526,106.6576123577915
V2769,2026-03-01 08:42:00,SEG_A,5.0,10.75179819240998,106.6620835982441
V2770,2026-03-01 08:42:00,SEG_A,15.741809641791622,10.749176171234094,106.6597015510745
V2771,2026-03-01 08:42:00,SEG_A,21.98859361989091,10.749485610980178,106.66023763386704
V2772,2026-03-01 08:42:00,SEG_A,14.897951596150005,10.749431187329916,106.659473807254
V2773,2026-03-01 08:42:00,SEG_A,17.346566973484066,10.749023111863613,106.66045172934562
V2774,2026-03-01 08:42:00,SEG_A,11.227368322806544,10.750127367304648,106.66138396256616
V2775,2026-03-01 08:42:00,SEG_A,13.65446363818438,10.750919804340192,106.65820796714412
V2776,2026-03-01 08:42:00,SEG_A,11.237095890875242,10.750027688621076,106.6619233306792
V2777,2026-03-01 08:42:00,SEG_A,5.0,10.749903790138108,106.66145668885092
V2778,2026-03-01 08:42:00,SEG_A,8.719836757865025,10.749787161189577,106.66033173898504
V2779,2026-03-01 08:42:00,SEG_A,16.47606842978224,10.751565770475455,106.66044847381006
V2780,2026-03-01 08:42:00,SEG_A,25.622183164113757,10.74963999164269,106.65925947458877
V2781,2026-03-01 08:42:00,SEG_A,13.194214455842916,10.748840896906632,106.6604835116962
V2782,2026-03-01 08:42:00,SEG_A,11.912975097958034,10.749328211100025,106.66049865840962
V2801,2026-03-01 08:43:00,SEG_A,6.762999421140723,10.750504813430403,106.65972173996164
V2802,2026-03-01 08:43:00,SEG_A,17.639962831991674,10.75074340684128,106.659433558112
V2803,2026-03-01 08:43:00,SEG_A,6.071136058525301,10.750385818467873,106.65946661214473
V2804,2026-03-01 08:43:00,SEG_A,16.168766285859185,10.748656673563035,106.65974781727552
V2805,2026-03-01 08:43:00,SEG_A,20.719615128319973,10.750605932507646,106.65921164202912
V2806,2026-03-01 08:43:00,SEG_A,5.653885045455587,10.750015763689753,106.66056103279702
V2807,2026-03-01 08:43:00,SEG_A,18.24140112154041,10.74948784015564,106.66029782444248
V2808,2026-03-01 08:43:00,SEG_A,27.01884377020796,10.750205144687309,106.65836685206418
V2809,2026-03-01 08:43:00,SEG_A,16.62560270480514,10.752043956971212,106.65871260918688
V2810,2026-03-01 08:43:00,SEG_A,15.237797294632175,10.749773664566968,106.66009588295928
V2811,2026-03-01 08:43:00,SEG_A,16.554017225230176,10.751139971986063,106.6600847832864
V2812,2026-03-01 08:43:00,SEG_A,25.218076457696377,10.749882344341213,106.65964986322602
V2813,2026-03-01 08:43:00,SEG_A,9.646536135691154,10.74818291297088,106.66027578141193
V2814,2026-03-01 08:43:00,SEG_A,31.43200230777474,10.750458235477286,106.66068674735416
V2829,2026-03-01 08:44:00,SEG_A,31.229166699396732,10.751210681908963,106.66030391802222
V2830,2026-03-01 08:44:00,SEG_A,21.84663838484792,10.749130824091267,106.6597394878458
V2831,2026-03-01 08:44:00,SEG_A,22.58279875347244,10.751487167193458,106.6592291338279
V2832,2026-03-01 08:44:00,SEG_A,11.131293524614742,10.752181375793878,106.66009626124976
V2833,2026-03-01 08:44:00,SEG_A,29.58689578160303,10.750206857317275,106.66024618028231
V2834,2026-03-01 08:44:00,SEG_A,12.55607289872082,10.75094255514151,106.66135777755032
V2835,2026-03-01 08:44:00,SEG_A,6.719982158873064,10.74964754944778,106.66091507852435
V2836,2026-03-01 08:44:00,SEG_A,13.963610897725378,10.749506614531466,106.66100954215386
V2837,2026-03-01 08:44:00,SEG_A,23.827625637700088,10.749550357909328,106.660212366528
V2838,2026-03-01 08:44:00,SEG_A,5.332201632766136,10.74910451908952,106.66012416523212
V2839,2026-03-01 08:44:00,SEG_A,15.251254300638749,10.74903312390827,106.65928402607528
V2840,2026-03-01 08:44:00,SEG_A,6.479645040355525,10.750455059856913,106.6580323608033
V2841,2026-03-01 08:44:00,SEG_A,6.907382163518431,10.748137058452167,106.66041902060384
V2842,2026-03-01 08:44:00,SEG_A,5.0,10.750031729198536,106.66163952401574
V2843,2026-03-01 08:44:00,SEG_A,28.387471850167216,10.748194092430822,106.66029840960162
V2844,2026-03-01 08:44:00,SEG_A,7.088229628956363,10.74880686396429,106.6598865300456
V2861,2026-03-01 08:45:00,SEG_A,23.38280883638392,10.749347839962764,106.66022532867149
V2862,2026-03-01 08:45:00,SEG_A,16.73346262927532,10.750661491733924,106.6602507406199
V2863,2026-03-01 08:45:00,SEG_A,9.08652369742546,10.750880306952093,106.66173165659433
V2864,2026-03-01 08:45:00,SEG_A,10.329572621951051,10.748164767923557,106.66049931956834
V2865,2026-03-01 08:45:00,SEG_A,12.350556847582808,10.749868897144044,106.66055617775572
V2866,2026-03-01 08:45:00,SEG_A,11.348860561395211,10.749731148028657,106.65989988048304
V2867,2026-03-01 08:45:00,SEG_A,26.75803150388013,10.750030069604112,106.6587643264192
V2868,2026-03-01 08:45:00,SEG_A,5.432972150871079,10.75013922992166,106.6588705719993
V2869,2026-03-01 08:45:00,SEG_A,5.0,10.750635535990934,106.66068449840286
V2870,2026-03-01 08:45:00,SEG_A,12.054907728849171,10.750293659291152,106.6601881216442
V2881,2026-03-01 08:46:00,SEG_A,21.491323053437743,10.750641321388466,106.6611665671351
V2882,2026-03-01 08:46:00,SEG_A,12.351798551110404,10.751202527567647,106.65863600291402
V2883,2026-03-01 08:46:00,SEG_A,5.0,10.748786198313908,106.66000921169262
V2884,2026-03-01 08:46:00,SEG_A,24.619024932622047,10.74939785791936,106.65952330659503
V2885,2026-03-01 08:46:00,SEG_A,13.2718563575253,10.750572828123389,106.65952237469664
V2886,2026-03-01 08:46:00,SEG_A,10.73266433666799,10.748654604736643,106.65942827888884
V2887,2026-03-01 08:46:00,SEG_A,24.419694023482663,10.75009092600848,106.65926014548975
V2888,2026-03-01 08:46:00,SEG_A,24.889151781831472,10.74941478649794,106.66141995557948
V2889,2026-03-01 08:46:00,SEG_A,26.228855823200803,10.750056011626375,106.65850145047264
V2890,2026-03-01 08:46:00,SEG_A,33.31600492276604,10.750387276056264,106.65967611297528
V2901,2026-03-01 08:47:00,SEG_A,21.910384115299504,10.749520097592326,106.66005523925928
V2902,2026-03-01 08:47:00,SEG_A,24.71747079114345,10.749654048369834,106.65930989509197
V2903,2026-03-01 08:47:00,SEG_A,26.344564432998112,10.750045557821114,106.6610912050906
V2904,2026-03-01 08:47:00,SEG_A,9.518008852922504,10.751406674208962,106.66027362727452
V2905,2026-03-01 08:47:00,SEG_A,18.47830100971727,10.75013162931143,106.659494525018
V2906,2026-03-01 08:47:00,SEG_A,14.986537516040226,10.74955740976201,106.66095954606264
V2907,2026-03-01 08:47:00,SEG_A,13.375542663450702,10.748503492772208,106.658320576265
V2908,2026-03-01 08:47:00,SEG_A,5.0,10.750617970757554,106.65884849568862
V2909,2026-03-01 08:47:00,SEG_A,17.400686206708535,10.75013657451749,106.65993529140508
V2910,2026-03-01 08:47:00,SEG_A,18.50724162705896,10.750158303537091,106.65729027025722
V2911,2026-03-01 08:47:00,SEG_A,12.410998073212076,10.750425103134065,106.66164028281077
V2912,2026-03-01 08:47:00,SEG_A,28.491660932659983,10.748636849486417,106.65965027470068
V2913,2026-03-01 08:47:00,SEG_A,5.0,10.75151988507511,106.66101285620816
V2914,2026-03-01 08:47:00,SEG_A,17.8047030949054,10.75016609486126,106.66138063110034
V2915,2026-03-01 08:47:00,SEG_A,24.690601558081116,10.751158044696655,106.66045667985978
V2916,2026-03-01 08:47:00,SEG_A,12.2061736038867,10.750767124832018,106.66081604190524
V2917,2026-03-01 08:47:00,SEG_A,13.474900243264322,10.749648751081166,106.66113331326956
V2935,2026-03-01 08:48:00,SEG_A,22.540412409322272,10.749568840755195,106.6588182448778
V2936,2026-03-01 08:48:00,SEG_A,27.223769429784127,10.750461055978144,106.65961819883562
V2937,2026-03-01 08:48:00,SEG_A,5.833801312803876,10.75204740656386,106.65997554818124
V2938,2026-03-01 08:48:00,SEG_A,26.178624499755955,10.75089363354461,106.65947909843834
V2939,2026-03-01 08:48:00,SEG_A,10.896471080081753,10.751446314897931,106.66146251733262
V2940,2026-03-01 08:48:00,SEG_A,5.0,10.750549780260982,106.65987878519527
V2941,2026-03-01 08:48:00,SEG_A,6.733414696491952,10.750261746094717,106.658650403209
V2942,2026-03-01 08:48:00,SEG_A,11.2683571628312,10.74920152626723,106.65950020873584
V2943,2026-03-01 08:48:00,SEG_A,14.428172050704072,10.748984433338094,106.66157317902886
V2944,2026-03-01 08:48:00,SEG_A,18.946265867153,10.751794563028382,106.65983992003092
V2945,2026-03-01 08:48:00,SEG_A,10.609680301623127,10.751758415614493,106.65942194026012
V2957,2026-03-01 08:49:00,SEG_A,17.49653139263118,10.74883150008652,106.66069034016137
V2958,2026-03-01 08:49:00,SEG_A,14.98895135817327,10.749517262555676,106.6597053641628
V2959,2026-03-01 08:49:00,SEG_A,9.477942572876962,10.750888843778856,106.6585818852664
V2960,2026-03-01 08:49:00,SEG_A,7.052112521548653,10.749671227115329,106.66161375084825
V2961,2026-03-01 08:49:00,SEG_A,23.43424439274279,10.748359159196752,106.66135134708875
V2962,2026-03-01 08:49:00,SEG_A,25.79536173586947,10.748825991673977,106.6574785417294
V2963,2026-03-01 08:49:00,SEG_A,14.42222702122206,10.7511224244093,106.6615912619698
V2964,2026-03-01 08:49:00,SEG_A,8.033381885109998,10.751751979104665,106.65777206760418
V2965,2026-03-01 08:49:00,SEG_A,12.0555950893657,10.749582789330784,106.66115233702492
V2966,2026-03-01 08:49:00,SEG_A,25.38641972751824,10.750954223655434,106.65864944995126
V2967,2026-03-01 08:49:00,SEG_A,21.90095225439137,10.750509041968591,106.65832876561473
V2968,2026-03-01 08:49:00,SEG_A,5.0,10.75103798929002,106.65981990069902
V2981,2026-03-01 08:50:00,SEG_A,5.0,10.748398010486794,106.66143724245784
V2982,2026-03-01 08:50:00,SEG_A,15.809722926058026,10.750103274362209,106.65888184717188
V2983,2026-03-01 08:50:00,SEG_A,15.806253831601852,10.74885406243166,106.6611868704489
V2984,2026-03-01 08:50:00,SEG_A,36.82264567894537,10.750483941053666,106.65936505361454
V2985,2026-03-01 08:50:00,SEG_A,5.0,10.74831553588546,106.66155486183102
V2986,2026-03-01 08:50:00,SEG_A,6.766465253831415,10.749629165118314,106.66065532597456
V2987,2026-03-01 08:50:00,SEG_A,26.85831839489434,10.749800413078836,106.65959533313033
V2988,2026-03-01 08:50:00,SEG_A,15.57296822808547,10.74937236218336,106.6594261807967
V2989,2026-03-01 08:50:00,SEG_A,18.29504094027099,10.750185291517834,106.66213160530656
V2990,2026-03-01 08:50:00,SEG_A,18.51079053308344,10.751151145548096,106.65892871482328
V2991,2026-03-01 08:50:00,SEG_A,19.201258320242168,10.749277018653398,106.66039545326328
V2992,2026-03-01 08:50:00,SEG_A,20.508116784918727,10.750049868844002,106.66240732572147
V2993,2026-03-01 08:50:00,SEG_A,26.42383815286762,10.75117724533283,106.66076428619236
V2994,2026-03-01 08:50:00,SEG_A,29.106886541840357,10.748563030702533,106.661370283118
V2995,2026-03-01 08:50:00,SEG_A,7.070045504003817,10.749435660880934,106.66056139244404
V2996,2026-03-01 08:50:00,SEG_A,24.86576132408579,10.74884642336832,106.65948745512232
V2997,2026-03-01 08:50:00,SEG_A,15.780256580010484,10.749813633995304,106.66085403206124
V2998,2026-03-01 08:50:00,SEG_A,42.48742092787616,10.750419320708524,106.65926480356184
V2999,2026-03-01 08:50:00,SEG_A,5.0,10.749674746086416,106.65905975011395
V3019,2026-03-01 08:51:00,SEG_A,19.357419177376894,10.75083134705102,106.66047744960412
V3020,2026-03-01 08:51:00,SEG_A,12.57445317296198,10.750933330020864,106.65912693722368
V3022,2026-03-01 08:51:00,SEG_A,8.42762848405252,10.750397754476076,106.65802877260596
V3023,2026-03-01 08:51:00,SEG_A,9.822571592804,10.750470269905865,106.65897016385364
V3024,2026-03-01 08:51:00,SEG_A,18.274053988902896,10.749442977404932,106.6599671916902
V3025,2026-03-01 08:51:00,SEG_A,19.761264051334845,10.750952797023116,106.66009249241132
V3026,2026-03-01 08:51:00,SEG_A,8.487917640970041,10.74954196113762,106.66063695536307
V3027,2026-03-01 08:51:00,SEG_A,6.829971332139147,10.74982193340336,106.65961411590165
V3028,2026-03-01 08:51:00,SEG_A,14.173105733448285,10.74899071747075,106.6581480556478
V3029,2026-03-01 08:51:00,SEG_A,19.16594092767715,10.750964131423489,106.6582078250425
V3030,2026-03-01 08:51:00,SEG_A,17.95140928740973,10.751083182914844,106.66059591104676
V3043,2026-03-01 08:52:00,SEG_A,27.561581764717367,10.749226704286992,106.65911017836378
V3044,2026-03-01 08:52:00,SEG_A,19.539571442963677,10.749376966105082,106.65973142208225
V3045,2026-03-01 08:52:00,SEG_A,22.011240197897266,10.749455897818386,106.65803457424846
V3046,2026-03-01 08:52:00,SEG_A,5.0,10.75000995558572,106.65813657685152
V3047,2026-03-01 08:52:00,SEG_A,12.622716661621435,10.748607903483755,106.66163993900686
V3048,2026-03-01 08:52:00,SEG_A,32.32114075812538,10.748941802897658,106.66025675868003
V3049,2026-03-01 08:52:00,SEG_A,7.316770144025182,10.749690684397946,106.66180346932796
V3050,2026-03-01 08:52:00,SEG_A,11.266491618188118,10.749713962537763,106.65905747073276
V3052,2026-03-01 08:52:00,SEG_A,14.632911246916333,10.74933892267015,106.66086354550772
V3053,2026-03-01 08:52:00,SEG_A,24.616218271763792,10.74858796048712,106.66209348665376
V3054,2026-03-01 08:52:00,SEG_A,5.0,10.751288630681676,106.66014982769852
V3067,2026-03-01 08:53:00,SEG_A,5.0,10.749936719071084,106.6608077076027
V3068,2026-03-01 08:53:00,SEG_A,5.0,10.749279102132345,106.660572651709
V3069,2026-03-01 08:53:00,SEG_A,15.33378890616464,10.7514162736206,106.65858863254591
V3070,2026-03-01 08:53:00,SEG_A,33.817319467595645,10.74846200755643,106.65797083628117
V3071,2026-03-01 08:53:00,SEG_A,14.528697764021544,10.748865541071757,106.65996124433596
V3072,2026-03-01 08:53:00,SEG_A,14.410184968362667,10.749804225787893,106.6591575889678
V3073,2026-03-01 08:53:00,SEG_A,18.461249220637526,10.749682662885233,106.66110366487077
V3074,2026-03-01 08:53:00,SEG_A,13.557021979773548,10.749035352577131,106.65831228944816
V3075,2026-03-01 08:53:00,SEG_A,13.623124548413028,10.748730795428637,106.658650038146
V3076,2026-03-01 08:53:00,SEG_A,19.219658473175897,10.748222329938836,106.66141219337833
V3077,2026-03-01 08:53:00,SEG_A,16.277731075164322,10.749956157368976,106.65896523405944
V3078,2026-03-01 08:53:00,SEG_A,21.114978370743504,10.749997095066403,106.65931390335726
V3079,2026-03-01 08:53:00,SEG_A,16.59859757321271,10.74831721454456,106.65836467286844
V3080,2026-03-01 08:53:00,SEG_A,6.038511317591373,10.750349527267607,106.6599967416782
V3095,2026-03-01 08:54:00,SEG_A,6.061537099119464,10.750164232139312,106.65978766179478
V3096,2026-03-01 08:54:00,SEG_A,9.71530507858489,10.74952942751399,106.6598454481088
V3097,2026-03-01 08:54:00,SEG_A,8.857307899494302,10.750007094475324,106.65972182337832
V3098,2026-03-01 08:54:00,SEG_A,10.109739703464314,10.751589842233903,106.66041523992256
V3099,2026-03-01 08:54:00,SEG_A,11.938302139016365,10.750145860430823,106.65897317986322
V3100,2026-03-01 08:54:00,SEG_A,11.505827145771336,10.749679922549564,106.65875320609008
V3101,2026-03-01 08:54:00,SEG_A,18.098832383955344,10.749494387297387,106.65964453333255
V3102,2026-03-01 08:54:00,SEG_A,10.450241127013156,10.752959090590643,106.65933738484982
V3111,2026-03-01 08:55:00,SEG_A,18.084470444387776,10.749932992063531,106.65969174408863
V3112,2026-03-01 08:55:00,SEG_A,36.43020779972854,10.748460948692292,106.66095851285904
V3113,2026-03-01 08:55:00,SEG_A,8.098632445969354,10.750131195489343,106.66256858751908
V3114,2026-03-01 08:55:00,SEG_A,7.301048041407497,10.749276127345173,106.65998248626283
V3115,2026-03-01 08:55:00,SEG_A,8.222264338949106,10.75088405635094,106.65946547056392
V3116,2026-03-01 08:55:00,SEG_A,20.232077121194692,10.7486708108682,106.65819316849785
V3117,2026-03-01 08:55:00,SEG_A,13.168120168375603,10.748431492161965,106.66151826891276
V3118,2026-03-01 08:55:00,SEG_A,5.0,10.74896231331233,106.66041361988547
V3127,2026-03-01 08:56:00,SEG_A,11.856249087061853,10.750992838878696,106.6602148761736
V3128,2026-03-01 08:56:00,SEG_A,14.20248376090024,10.74856695523003,106.65885729154012
V3129,2026-03-01 08:56:00,SEG_A,5.0,10.751306851223672,106.66053056312312
V3130,2026-03-01 08:56:00,SEG_A,8.107035928606447,10.749435628356174,106.65917470982376
V3131,2026-03-01 08:56:00,SEG_A,7.913110268954331,10.750460301031216,106.6597124637792
V3132,2026-03-01 08:56:00,SEG_A,31.649341954379707,10.751250359824516,106.66130948034046
V3133,2026-03-01 08:56:00,SEG_A,20.37085579958501,10.749577340929491,106.66059779088452
V3134,2026-03-01 08:56:00,SEG_A,12.209338443770736,10.751630276050728,106.66040427938304
V3135,2026-03-01 08:56:00,SEG_A,17.09888286882412,10.75012707266243,106.66174026642736
V3136,2026-03-01 08:56:00,SEG_A,5.0,10.751838287827669,106.65981384619256
V3137,2026-03-01 08:56:00,SEG_A,5.0,10.749247790268356,106.65834919273728
V3138,2026-03-01 08:56:00,SEG_A,20.22925396468512,10.748961707049654,106.6601686676662
V3139,2026-03-01 08:56:00,SEG_A,24.07373624132678,10.749327983071431,106.65973189630697
V3140,2026-03-01 08:56:00,SEG_A,5.0,10.749611642891049,106.66257402362528
V3141,2026-03-01 08:56:00,SEG_A,21.223465312883533,10.749735269581109,106.6593883119638
V3142,2026-03-01 08:56:00,SEG_A,14.658932834748532,10.750130050752194,106.65958093029283
V3159,2026-03-01 08:57:00,SEG_A,5.0,10.749824883047328,106.66160963370233
V3160,2026-03-01 08:57:00,SEG_A,14.06338671134852,10.750643585379434,106.66235231389732
V3161,2026-03-01 08:57:00,SEG_A,18.232446784960768,10.749234787955412,106.65937243139726
V3162,2026-03-01 08:57:00,SEG_A,15.00526566578405,10.74936710535474,106.65944191300018
V3163,2026-03-01 08:57:00,SEG_A,22.88203127407592,10.751026156280773,106.65835310751795
V3164,2026-03-01 08:57:00,SEG_A,8.454643856798242,10.749535995613089,106.66059908894616
V3165,2026-03-01 08:57:00,SEG_A,24.14460470804525,10.752701967934271,106.65953432670372
V3166,2026-03-01 08:57:00,SEG_A,11.674170285263768,10.750588570015635,106.65931778328104
V3167,2026-03-01 08:57:00,SEG_A,13.872305108075864,10.749584961891216,106.65737834607808
V3168,2026-03-01 08:57:00,SEG_A,15.985865841212366,10.749817639040698,106.66127123105024
V3169,2026-03-01 08:57:00,SEG_A,15.04392326029084,10.748745252521688,106.65974190112702
V3170,2026-03-01 08:57:00,SEG_A,5.0,10.7487890821648,106.66063550596814
V3171,2026-03-01 08:57:00,SEG_A,13.021276480370696,10.750922508239498,106.65803310774912
V3172,2026-03-01 08:57:00,SEG_A,13.060308821409976,10.749524487501612,106.6609558485826
V3173,2026-03-01 08:57:00,SEG_A,20.38210214533298,10.750642252150088,106.66154141003808
V3174,2026-03-01 08:57:00,SEG_A,12.05530312570747,10.7513350808353,106.65895579384912
V3175,2026-03-01 08:57:00,SEG_A,6.352978001874449,10.750752746571498,106.65849525926158
V3176,2026-03-01 08:57:00,SEG_A,19.582125027351665,10.75010131319372,106.66107185272864
V3177,2026-03-01 08:57:00,SEG_A,14.524448280360884,10.750056048946297,106.66050926499292
V3197,2026-03-01 08:58:00,SEG_A,5.0,10.750547486833822,106.66161690919876
V3198,2026-03-01 08:58:00,SEG_A,27.95387842714508,10.750737872590632,106.66070880951531
V3199,2026-03-01 08:58:00,SEG_A,33.01525960157164,10.747665604337106,106.65953566432393
V3200,2026-03-01 08:58:00,SEG_A,21.787934792612813,10.749662712992158,106.6612397783086
V3201,2026-03-01 08:58:00,SEG_A,14.685167517518458,10.750131743860338,106.65972532533576
V3202,2026-03-01 08:58:00,SEG_A,10.819912329535514,10.749452890036851,106.66027116629684
V3203,2026-03-01 08:58:00,SEG_A,8.803480273417065,10.75095320488349,106.6606532259246
V3204,2026-03-01 08:58:00,SEG_A,23.795331527758723,10.748871075644008,106.6583005234532
V3205,2026-03-01 08:58:00,SEG_A,14.966513954945892,10.75289880061356,106.66126620877807
V3215,2026-03-01 08:59:00,SEG_A,19.745116244351767,10.749967538930912,106.66054244233786
V3216,2026-03-01 08:59:00,SEG_A,17.09011510023354,10.750355954680252,106.6597931289269
V3217,2026-03-01 08:59:00,SEG_A,9.387291939560068,10.749664928880035,106.65831685502204
V3218,2026-03-01 08:59:00,SEG_A,21.735586660261006,10.748764836027824,106.65978235294476
V3219,2026-03-01 08:59:00,SEG_A,20.184360331848264,10.7508393967171,106.65822534806316
V3220,2026-03-01 08:59:00,SEG_A,14.265215398199375,10.750459744699448,106.66005201610926
V3221,2026-03-01 08:59:00,SEG_A,25.75259966138836,10.749178193100086,106.6579509588698
V3222,2026-03-01 08:59:00,SEG_A,21.48260813414817,10.749462913880382,106.6582414594024
V3223,2026-03-01 08:59:00,SEG_A,13.73190087546821,10.751230557975932,106.65873674738218
V3224,2026-03-01 08:59:00,SEG_A,33.68796763157814,10.749162118405463,106.66008701085411
V3225,2026-03-01 08:59:00,SEG_A,5.246940657219133,10.750041610348696,106.65986625217823
V3226,2026-03-01 08:59:00,SEG_A,5.0,10.752825826968952,106.65950466283098
V3227,2026-03-01 08:59:00,SEG_A,11.044299541551773,10.750969035879354,106.66181425488334
V3228,2026-03-01 08:59:00,SEG_A,24.011494944034425,10.748798819876974,106.66021390900949
V3229,2026-03-01 08:59:00,SEG_A,5.0,10.750901705081322,106.65836481186146
V3230,2026-03-01 08:59:00,SEG_A,8.574389411126104,10.74999679849597,106.66044500656112
V3231,2026-03-01 08:59:00,SEG_A,12.912523012837449,10.751519083676731,106.66072323958218
V3249,2026-03-01 09:00:00,SEG_A,28.248004952823106,10.749616472206778,106.66089492769144
V3250,2026-03-01 09:00:00,SEG_A,41.81903990878734,10.748354339776276,106.6593276061553
V3251,2026-03-01 09:00:00,SEG_A,27.988971796185584,10.748305241500397,106.66011766317614
V3252,2026-03-01 09:00:00,SEG_A,44.48238674848083,10.750440605920716,106.66060262681488
V3257,2026-03-01 09:01:00,SEG_A,36.89771299224039,10.749652906817884,106.66084488002625
V3258,2026-03-01 09:01:00,SEG_A,36.40266768625663,10.749808680399944,106.65956968203751
V3259,2026-03-01 09:01:00,SEG_A,28.791586047542328,10.749347897628208,106.65961806328492
V3260,2026-03-01 09:01:00,SEG_A,40.59060706725108,10.750558947287224,106.65976540349028
V3261,2026-03-01 09:01:00,SEG_A,37.98258988814923,10.748279186841511,106.66053973451726
V3262,2026-03-01 09:01:00,SEG_A,34.43281690279967,10.750747123238227,106.66131643994784
V3263,2026-03-01 09:01:00,SEG_A,38.49667978645596,10.748976688719234,106.65998330138692
V3271,2026-03-01 09:02:00,SEG_A,45.43827354638604,10.749512037143653,106.66082552540738
V3272,2026-03-01 09:02:00,SEG_A,25.65786536719858,10.748957540988906,106.65793563599016
V3273,2026-03-01 09:02:00,SEG_A,32.820758857042456,10.751508077184544,106.6620578022346
V3274,2026-03-01 09:02:00,SEG_A,41.87672374584354,10.74936157079273,106.65977836009914
V3275,2026-03-01 09:02:00,SEG_A,43.78671912666418,10.74843701914836,106.659427500824
V3276,2026-03-01 09:02:00,SEG_A,51.479144595602,10.748954289930673,106.65925097510072
V3283,2026-03-01 09:03:00,SEG_A,30.127063347686228,10.749755252826196,106.65961251526784
V3284,2026-03-01 09:03:00,SEG_A,34.41836343489804,10.75024792300452,106.66044330524126
V3285,2026-03-01 09:03:00,SEG_A,43.462615238347496,10.749023190236384,106.65835401630568
V3286,2026-03-01 09:03:00,SEG_A,42.09910749224583,10.749494080958517,106.66183831237969
V3287,2026-03-01 09:03:00,SEG_A,55.07607756811957,10.751990689794397,106.65905988909896
V3293,2026-03-01 09:04:00,SEG_A,28.35842064437613,10.750568955606374,106.65919099447508
V3294,2026-03-01 09:04:00,SEG_A,29.40590525854288,10.748977756665855,106.66028333237936
V3295,2026-03-01 09:04:00,SEG_A,39.2278495752412,10.747867316970328,106.65961634405694
V3296,2026-03-01 09:04:00,SEG_A,49.35384979979811,10.749548704329069,106.65983452344656
V3297,2026-03-01 09:04:00,SEG_A,48.34393149861722,10.750795489258204,106.66102175108765
V3298,2026-03-01 09:04:00,SEG_A,17.819571119570377,10.751733523038444,106.66063640043542
V3305,2026-03-01 09:05:00,SEG_A,33.93615989858361,10.749870274980989,106.65932890910727
V3306,2026-03-01 09:05:00,SEG_A,39.83408115627518,10.748960724370768,106.65871928256328
V3307,2026-03-01 09:05:00,SEG_A,49.781531860567135,10.749030342386632,106.66000033162526
V3308,2026-03-01 09:05:00,SEG_A,47.63611877282269,10.75091430412623,106.66079484820492
V3309,2026-03-01 09:05:00,SEG_A,42.42293211601229,10.750724003308536,106.6613730881326
V3310,2026-03-01 09:05:00,SEG_A,43.400180751962985,10.748162797653183,106.65947146679385
V3311,2026-03-01 09:05:00,SEG_A,45.5709605737767,10.749372904066291,106.66162010613944
V3319,2026-03-01 09:06:00,SEG_A,30.672344589136124,10.749802052368064,106.6597557633683
V3320,2026-03-01 09:06:00,SEG_A,43.34367284034212,10.749991301629992,106.6594541164162
V3321,2026-03-01 09:06:00,SEG_A,49.98852624605925,10.749460742518378,106.65970790363696
V3322,2026-03-01 09:06:00,SEG_A,27.26801891264301,10.749286374123152,106.66051607607632
V3323,2026-03-01 09:06:00,SEG_A,42.56481565083888,10.750599516990066,106.66055098228594
V3324,2026-03-01 09:06:00,SEG_A,56.70171229036123,10.749252141172551,106.65838057625656
V3325,2026-03-01 09:06:00,SEG_A,31.59557603142781,10.749296348164169,106.65902567306338
V3333,2026-03-01 09:07:00,SEG_A,42.74881809887768,10.749199492899404,106.657789240578
V3334,2026-03-01 09:07:00,SEG_A,43.36010210937732,10.749102292601023,106.660689062479
V3335,2026-03-01 09:07:00,SEG_A,33.951122862978,10.74901209954633,106.66015317190724
V3339,2026-03-01 09:08:00,SEG_A,41.08092082467364,10.748448409997502,106.65978070003976
V3340,2026-03-01 09:08:00,SEG_A,54.33913502723114,10.750131415998196,106.65943535353378
V3341,2026-03-01 09:08:00,SEG_A,25.93543471997109,10.75138030572773,106.65992991619896
V3342,2026-03-01 09:08:00,SEG_A,25.94612917309737,10.749075734317929,106.65872246198263
V3347,2026-03-01 09:09:00,SEG_A,26.24371127307373,10.750294562843829,106.65809469623044
V3348,2026-03-01 09:09:00,SEG_A,41.293367392457846,10.748648748255905,106.6596187065926
V3349,2026-03-01 09:09:00,SEG_A,44.83632319305888,10.752304037683876,106.65892199947922
V3350,2026-03-01 09:09:00,SEG_A,38.79746040458887,10.749276241325225,106.65913012967744
V3355,2026-03-01 09:10:00,SEG_A,49.86448219858218,10.751380542190772,106.66052980151994
V3356,2026-03-01 09:10:00,SEG_A,39.33688370913584,10.750794625812317,106.65885549938255
V3357,2026-03-01 09:10:00,SEG_A,25.242742223870188,10.750436637577687,106.65899432158284
V3358,2026-03-01 09:10:00,SEG_A,39.47754614267616,10.750119627015874,106.66024811955916
V3363,2026-03-01 09:11:00,SEG_A,46.0821793813074,10.750767352554655,106.66021489124677
V3364,2026-03-01 09:11:00,SEG_A,48.27352076613417,10.751271685196636,106.66028309891936
V3365,2026-03-01 09:11:00,SEG_A,39.083101127997416,10.750894570990114,106.65909587469343
V3366,2026-03-01 09:11:00,SEG_A,34.25631775507739,10.749946699657116,106.65825864293156
V3371,2026-03-01 09:12:00,SEG_A,36.24880422492628,10.750418791486728,106.65854570720349
V3372,2026-03-01 09:12:00,SEG_A,36.00171727005117,10.74989764026601,106.66107007361036
V3373,2026-03-01 09:12:00,SEG_A,42.65747973436339,10.748816511789132,106.65951252328128
V3374,2026-03-01 09:12:00,SEG_A,47.08841082128553,10.748799225134077,106.65992135573164
V3375,2026-03-01 09:12:00,SEG_A,39.9270363797898,10.74961421694008,106.6626957517828
V3376,2026-03-01 09:12:00,SEG_A,36.698148324419606,10.750449765159368,106.65923369887976
V3377,2026-03-01 09:12:00,SEG_A,44.22198393599523,10.750870787596853,106.65941203596326
V3385,2026-03-01 09:13:00,SEG_A,41.29124675816037,10.751973660894183,106.66000747964642
V3386,2026-03-01 09:13:00,SEG_A,32.45864518283137,10.74994927686591,106.65967220019998
V3389,2026-03-01 09:14:00,SEG_A,46.50637883136166,10.751012809154204,106.6602667918458
V3390,2026-03-01 09:14:00,SEG_A,33.48406809710873,10.750195308085043,106.6612070728876
V3391,2026-03-01 09:14:00,SEG_A,44.23912439679931,10.750748245342828,106.6595374537583
V3395,2026-03-01 09:15:00,SEG_A,34.2039984644406,10.749642967350647,106.66184878190776
V3396,2026-03-01 09:15:00,SEG_A,48.07978919631245,10.750574486939144,106.66038077693464
V3397,2026-03-01 09:15:00,SEG_A,38.682559820437255,10.75199937726537,106.66080216763145
V3398,2026-03-01 09:15:00,SEG_A,34.00360068827798,10.748599897721782,106.66056683800198
V3403,2026-03-01 09:16:00,SEG_A,50.97954544451402,10.751783484870186,106.65926128086316
V3404,2026-03-01 09:16:00,SEG_A,16.632037482424533,10.751044509543272,106.65965802810264
V3405,2026-03-01 09:16:00,SEG_A,33.07050869494407,10.749411281893847,106.65958518617865
V3406,2026-03-01 09:16:00,SEG_A,50.37754472554992,10.750159911239315,106.6612835986301
V3411,2026-03-01 09:17:00,SEG_A,38.07171645961612,10.75066220713922,106.66125897749556
V3412,2026-03-01 09:17:00,SEG_A,29.151622330123036,10.74940265498607,106.65964213750291
V3413,2026-03-01 09:17:00,SEG_A,46.35773625845315,10.749471889464612,106.65957026766505
V3414,2026-03-01 09:17:00,SEG_A,28.704059382798206,10.750483407315974,106.6598386009254
V3415,2026-03-01 09:17:00,SEG_A,34.76763972016323,10.74974048677552,106.66112699550192
V3421,2026-03-01 09:18:00,SEG_A,46.649027481989854,10.750540464184027,106.65974461358816
V3422,2026-03-01 09:18:00,SEG_A,46.7013269350238,10.75013986058076,106.65942702853444
V3423,2026-03-01 09:18:00,SEG_A,34.33571773633206,10.750410234844422,106.65991748226418
V3424,2026-03-01 09:18:00,SEG_A,28.995958772690912,10.75084716149307,106.65951972497136
V3429,2026-03-01 09:19:00,SEG_A,34.93049612689072,10.749775949293763,106.65772781619955
V3430,2026-03-01 09:19:00,SEG_A,39.26654723962773,10.751027729775148,106.66162284124736
V3431,2026-03-01 09:19:00,SEG_A,24.84443081666289,10.74919860724076,106.65914576613902
V3432,2026-03-01 09:19:00,SEG_A,41.1657714202052,10.748780227532125,106.66168226324872
V3437,2026-03-01 09:20:00,SEG_A,29.138453805489668,10.748432943550318,106.65944111287712
V3438,2026-03-01 09:20:00,SEG_A,55.63592729569158,10.751897894232393,106.65954876307174
V3439,2026-03-01 09:20:00,SEG_A,34.606407854416126,10.74835963795944,106.66007803072551
V3440,2026-03-01 09:20:00,SEG_A,41.29610201590496,10.750789556254198,106.66091070751332
V3441,2026-03-01 09:20:00,SEG_A,38.42062465868294,10.75055602787476,106.65929936113216
V3442,2026-03-01 09:20:00,SEG_A,44.29634026688549,10.749492767921817,106.66045945851596
V3443,2026-03-01 09:20:00,SEG_A,43.02801060228292,10.750068803625696,106.66079453971815
V3451,2026-03-01 09:21:00,SEG_A,34.914663924022044,10.748890352405992,106.66102811909596
V3452,2026-03-01 09:21:00,SEG_A,31.090902754791955,10.748981773236398,106.65923405405997
V3453,2026-03-01 09:21:00,SEG_A,40.912699316594605,10.750620797439147,106.6611926722334
V3454,2026-03-01 09:21:00,SEG_A,48.35977039157361,10.750000773709235,106.66102052197375
V3459,2026-03-01 09:22:00,SEG_A,38.3604204562156,10.749275890776897,106.6607167330077
V3460,2026-03-01 09:22:00,SEG_A,47.65112213073575,10.749981240040576,106.65918378077338
V3461,2026-03-01 09:22:00,SEG_A,42.16223653788314,10.749766731791548,106.65975898675622
V3462,2026-03-01 09:22:00,SEG_A,35.90079825118531,10.75092498324732,106.66024988022632
V3463,2026-03-01 09:22:00,SEG_A,48.28560705511704,10.75133632614548,106.66045898076888
V3464,2026-03-01 09:22:00,SEG_A,35.94818308091878,10.75104032623222,106.66046566470229
V3471,2026-03-01 09:23:00,SEG_A,39.06041699782131,10.749212201111373,106.65903146459952
V3472,2026-03-01 09:23:00,SEG_A,53.82772311043949,10.750113961078837,106.6611252677462
V3473,2026-03-01 09:23:00,SEG_A,51.07925550116201,10.7495891530699,106.66042350576592
V3477,2026-03-01 09:24:00,SEG_A,37.97328738198268,10.749359345091497,106.65972212429284
V3478,2026-03-01 09:24:00,SEG_A,45.33900995066738,10.75072452359402,106.66018601712244
V3479,2026-03-01 09:24:00,SEG_A,48.74193053165302,10.7512688329951,106.66081637594196
V3480,2026-03-01 09:24:00,SEG_A,35.63046039082225,10.750494441549211,106.66049920065912
V3481,2026-03-01 09:24:00,SEG_A,33.47494853082759,10.748430561105948,106.65797722437864
V3482,2026-03-01 09:24:00,SEG_A,40.55884392089721,10.750298039714869,106.65881821842234
V3489,2026-03-01 09:25:00,SEG_A,38.72639251498372,10.749596964285637,106.65931623235784
V3490,2026-03-01 09:25:00,SEG_A,41.95698112891425,10.748704578399002,106.65988903121868
V3491,2026-03-01 09:25:00,SEG_A,44.12795390147659,10.749784906288614,106.6589997958
V3492,2026-03-01 09:25:00,SEG_A,48.24148318881201,10.750730256961615,106.65895881282869
V3497,2026-03-01 09:26:00,SEG_A,34.269803466641136,10.750814503821452,106.6576689803038
V3498,2026-03-01 09:26:00,SEG_A,35.52486672285451,10.74982864535412,106.66174254030334
V3501,2026-03-01 09:27:00,SEG_A,28.148120262459763,10.74954489678814,106.66127611204094
V3502,2026-03-01 09:27:00,SEG_A,44.18123848691536,10.749843248710516,106.66011307236184
V3503,2026-03-01 09:27:00,SEG_A,44.64724292423817,10.75077241014791,106.6594435858526
V3504,2026-03-01 09:27:00,SEG_A,52.27776754623736,10.751316348201204,106.66067725763035
V3505,2026-03-01 09:27:00,SEG_A,33.25632107323287,10.748979776093227,106.6596733962034
V3506,2026-03-01 09:27:00,SEG_A,40.486120781155286,10.748231508134442,106.66049469313354
V3513,2026-03-01 09:28:00,SEG_A,26.12195998084265,10.7513397350449,106.6596781015862
V3514,2026-03-01 09:28:00,SEG_A,44.04717648002328,10.750678996525744,106.65875468449094
V3515,2026-03-01 09:28:00,SEG_A,32.61322886032292,10.751547019907056,106.66029043551568
V3516,2026-03-01 09:28:00,SEG_A,35.35531468561187,10.749873652988873,106.66108623690484
V3517,2026-03-01 09:28:00,SEG_A,47.47451583787444,10.74853391823776,106.66163428384368
V3518,2026-03-01 09:28:00,SEG_A,47.72918424798944,10.749847524750658,106.65880827755691
V3519,2026-03-01 09:28:00,SEG_A,48.432069120487405,10.750476427500294,106.65854220162193
V3527,2026-03-01 09:29:00,SEG_A,37.90866160815786,10.750830946679368,106.66139701038504
V3528,2026-03-01 09:29:00,SEG_A,44.27590363862066,10.751928072830218,106.66050268913403
V3529,2026-03-01 09:29:00,SEG_A,42.41770770863996,10.750240388822505,106.65871450443788
V3533,2026-03-01 09:30:00,SEG_A,29.78396841158525,10.750704993786004,106.6597502575496
V3534,2026-03-01 09:30:00,SEG_A,24.268268232843617,10.75010078359181,106.6604389788836
V3535,2026-03-01 09:30:00,SEG_A,47.70512778540042,10.749926645205424,106.6596273288372
V3536,2026-03-01 09:30:00,SEG_A,55.89011744391623,10.7500065861561,106.6607195618316
V3537,2026-03-01 09:30:00,SEG_A,35.68368285298993,10.750689909651635,106.6585443710076
V3543,2026-03-01 09:31:00,SEG_A,31.856683634757253,10.750994427969736,106.66112936762312
V3544,2026-03-01 09:31:00,SEG_A,35.70370453332852,10.74786398645056,106.65932524326008
V3545,2026-03-01 09:31:00,SEG_A,44.38283342245597,10.749933276861016,106.66018034774676
V3549,2026-03-01 09:32:00,SEG_A,49.24113172955875,10.750416107148284,106.65903474948126
V3550,2026-03-01 09:32:00,SEG_A,33.50946136340798,10.749564851918748,106.66018946390814
V3551,2026-03-01 09:32:00,SEG_A,39.02211118953925,10.748876267934367,106.65887027996568
V3553,2026-03-01 09:32:00,SEG_A,58.56184300114285,10.751796779523792,106.65902176858788
V3554,2026-03-01 09:32:00,SEG_A,41.19922637912489,10.748535420489947,106.65868789046914
V3561,2026-03-01 09:33:00,SEG_A,48.7117042190799,10.749045071547442,106.66007604711756
V3562,2026-03-01 09:33:00,SEG_A,44.42774321110517,10.75011554617241,106.6603611007593
V3563,2026-03-01 09:33:00,SEG_A,29.36296485152677,10.750554036219716,106.65951383580584
V3564,2026-03-01 09:33:00,SEG_A,42.795609786273126,10.750919988845553,106.66066880850752
V3569,2026-03-01 09:34:00,SEG_A,51.449064120233984,10.748370257453711,106.66102232499522
V3570,2026-03-01 09:34:00,SEG_A,19.703459874034547,10.749599713369818,106.66184051591225
V3573,2026-03-01 09:35:00,SEG_A,54.89856778598992,10.748764259169002,106.65961846068356
V3574,2026-03-01 09:35:00,SEG_A,32.57315367341108,10.748965588196308,106.66112740272706
V3575,2026-03-01 09:35:00,SEG_A,40.213212016006544,10.749444432803571,106.65948215409884
V3576,2026-03-01 09:35:00,SEG_A,35.49418338443683,10.749526196822591,106.6587355546557
V3577,2026-03-01 09:35:00,SEG_A,37.9301636594784,10.749640793308348,106.6592422032936
V3583,2026-03-01 09:36:00,SEG_A,35.29426118643241,10.751059161731742,106.6591502991909
V3584,2026-03-01 09:36:00,SEG_A,50.7190382915534,10.74941254903479,106.65952203227944
V3585,2026-03-01 09:36:00,SEG_A,31.29209741098567,10.749075740589184,106.65957323567768
V3586,2026-03-01 09:36:00,SEG_A,20.549211536715102,10.749766667658823,106.65949202576276
V3587,2026-03-01 09:36:00,SEG_A,46.32008878889466,10.750422980738357,106.65929236256888
V3588,2026-03-01 09:36:00,SEG_A,36.331593924592745,10.74976538196148,106.66148595655449
V3589,2026-03-01 09:36:00,SEG_A,33.42156255634846,10.74928023933505,106.65887141584838
V3597,2026-03-01 09:37:00,SEG_A,16.977198789276887,10.750668609949482,106.65812984538346
V3598,2026-03-01 09:37:00,SEG_A,35.800261216805936,10.748686975338243,106.65978438850505
V3599,2026-03-01 09:37:00,SEG_A,46.71034958694263,10.748142686736273,106.65964052031048
V3600,2026-03-01 09:37:00,SEG_A,35.893049849471545,10.751581048683873,106.66043176100784
V3601,2026-03-01 09:37:00,SEG_A,30.58226309381262,10.74952870562097,106.6615561042384
V3602,2026-03-01 09:37:00,SEG_A,45.7149225341922,10.749081766537596,106.6597329294616
V3609,2026-03-01 09:38:00,SEG_A,45.66986841324746,10.749175533951188,106.6610954137926
V3610,2026-03-01 09:38:00,SEG_A,40.58306783769058,10.74983487743666,106.6579918521942
V3611,2026-03-01 09:38:00,SEG_A,37.01110046389221,10.750371592416146,106.6617453450188
V3615,2026-03-01 09:39:00,SEG_A,37.3703789989122,10.749013704845428,106.6617753792941
V3616,2026-03-01 09:39:00,SEG_A,45.054900141792245,10.750340616124676,106.6595871502518
V3617,2026-03-01 09:39:00,SEG_A,40.30297303671982,10.75016471726997,106.66039987568472
V3621,2026-03-01 09:40:00,SEG_A,58.19348024254721,10.74976692484088,106.66034780868218
V3622,2026-03-01 09:40:00,SEG_A,28.68134273901027,10.750996871570226,106.66004147253636
V3623,2026-03-01 09:40:00,SEG_A,39.5082607104937,10.748062614885097,106.66007379681383
V3624,2026-03-01 09:40:00,SEG_A,46.7666265905326,10.749763721364516,106.66117419934564
V3625,2026-03-01 09:40:00,SEG_A,49.0631613751309,10.749358904617258,106.6615951138588
V3626,2026-03-01 09:40:00,SEG_A,40.36235971460066,10.750049745250788,106.6600989812226
V3627,2026-03-01 09:40:00,SEG_A,40.554526007529006,10.74736986664334,106.6598144936018
V3635,2026-03-01 09:41:00,SEG_A,32.287055687853425,10.748998261256729,106.66183814851476
V3636,2026-03-01 09:41:00,SEG_A,54.99477095904113,10.749997352868752,106.6602815236051
V3637,2026-03-01 09:41:00,SEG_A,32.15313554370385,10.75064257484994,106.6617596491716
V3638,2026-03-01 09:41:00,SEG_A,27.766153760442453,10.750463883299702,106.66053902224265
V3639,2026-03-01 09:41:00,SEG_A,44.220852119114056,10.751642817667848,106.66203601821216
V3640,2026-03-01 09:41:00,SEG_A,38.1321305770187,10.750673173672157,106.66008423370572
V3647,2026-03-01 09:42:00,SEG_A,48.90566480471078,10.750026567611355,106.65912756402253
V3648,2026-03-01 09:42:00,SEG_A,55.40170462207404,10.750856308976957,106.6595433410186
V3649,2026-03-01 09:42:00,SEG_A,51.39055077555529,10.74946439108474,106.6614107034032
V3650,2026-03-01 09:42:00,SEG_A,51.826276715075934,10.74907851722832,106.66058175830302
V3651,2026-03-01 09:42:00,SEG_A,46.25752563169063,10.752614909199586,106.65925769888236
V3652,2026-03-01 09:42:00,SEG_A,51.46034621595064,10.750017346018032,106.6587586358164
V3659,2026-03-01 09:43:00,SEG_A,41.04491518063444,10.750763309175502,106.6585455384656
V3660,2026-03-01 09:43:00,SEG_A,43.43905258529186,10.74892473589854,106.65993746080424
V3663,2026-03-01 09:44:00,SEG_A,48.53449621013402,10.750345536624996,106.65960817670975
V3664,2026-03-01 09:44:00,SEG_A,37.51368413622241,10.751542481866844,106.66030657753768
V3665,2026-03-01 09:44:00,SEG_A,15.337558856409494,10.75242093851566,106.66018306235696
V3666,2026-03-01 09:44:00,SEG_A,42.74695204587854,10.751086694813434,106.66046540282731
V3667,2026-03-01 09:44:00,SEG_A,45.97526894173448,10.749576276532634,106.65877020467605
V3668,2026-03-01 09:44:00,SEG_A,42.24186225178557,10.751431614652274,106.65935219744162
V3669,2026-03-01 09:44:00,SEG_A,34.17580804144179,10.75122101926038,106.65954275479486
V3677,2026-03-01 09:45:00,SEG_A,39.743895558692806,10.749166151307492,106.6591424325706
V3678,2026-03-01 09:45:00,SEG_A,34.55025901126255,10.750257075198675,106.66051980375356
V3679,2026-03-01 09:45:00,SEG_A,28.683741456447763,10.749496004891636,106.6602432854653
V3680,2026-03-01 09:45:00,SEG_A,32.80256071921918,10.75043390415306,106.65969257170909
V3681,2026-03-01 09:45:00,SEG_A,34.212637826645945,10.75005320543245,106.66039228032956
V3682,2026-03-01 09:45:00,SEG_A,33.21176868584058,10.749757387620186,106.6604676783773
V3683,2026-03-01 09:45:00,SEG_A,33.90327853346586,10.748342243159575,106.65846342615431
V3691,2026-03-01 09:46:00,SEG_A,27.1672639864915,10.750131506954451,106.65879683969412
V3692,2026-03-01 09:46:00,SEG_A,36.59481200056113,10.752211202574257,106.66093217437724
V3695,2026-03-01 09:47:00,SEG_A,29.21768199855552,10.750257275915091,106.66005597025358
V3696,2026-03-01 09:47:00,SEG_A,37.53868160653135,10.751092057025126,106.659432901027
V3697,2026-03-01 09:47:00,SEG_A,42.61481398245859,10.75082055494027,106.6585167787911
V3698,2026-03-01 09:47:00,SEG_A,34.01268526660493,10.750053860967316,106.66063015341942
V3699,2026-03-01 09:47:00,SEG_A,51.36990212737226,10.749784120201271,106.65968352895734
V3700,2026-03-01 09:47:00,SEG_A,33.01923175829069,10.750329984092176,106.6597028824263
V3701,2026-03-01 09:47:00,SEG_A,37.80774189739425,10.749906111494113,106.66055162806208
V3709,2026-03-01 09:48:00,SEG_A,47.79751310622898,10.75029988908474,106.66063708210028
V3710,2026-03-01 09:48:00,SEG_A,57.48020675662657,10.749698478399123,106.6589543084991
V3713,2026-03-01 09:49:00,SEG_A,49.79405497716787,10.74871269780152,106.6580333804751
V3714,2026-03-01 09:49:00,SEG_A,57.34011581249729,10.75031237328692,106.66045441330591
V3717,2026-03-01 09:50:00,SEG_A,37.08668503732474,10.749697309768049,106.65944891819215
V3718,2026-03-01 09:50:00,SEG_A,32.03286459300402,10.74817796814973,106.66014474704716
V3719,2026-03-01 09:50:00,SEG_A,37.599008105630055,10.748624718453431,106.66006253341284
V3723,2026-03-01 09:51:00,SEG_A,44.25294560642699,10.75113003994629,106.66033038549462
V3724,2026-03-01 09:51:00,SEG_A,43.169148674726245,10.748218860999774,106.65968247500614
V3725,2026-03-01 09:51:00,SEG_A,38.200728545211135,10.751223664820351,106.65949377067209
V3726,2026-03-01 09:51:00,SEG_A,42.11887607244898,10.750225757343085,106.66115767516028
V3727,2026-03-01 09:51:00,SEG_A,38.93004734155093,10.750827786948694,106.65829513486584
V3733,2026-03-01 09:52:00,SEG_A,32.17028504464338,10.749824990635627,106.6588825919562
V3734,2026-03-01 09:52:00,SEG_A,48.20006255119662,10.750543687391032,106.66142956239754
V3735,2026-03-01 09:52:00,SEG_A,26.96573757668649,10.751901696946922,106.6584275245862
V3736,2026-03-01 09:52:00,SEG_A,30.413535399334357,10.749379178453136,106.66130772069197
V3741,2026-03-01 09:53:00,SEG_A,35.529264264574984,10.74889677323511,106.6609475895674
V3742,2026-03-01 09:53:00,SEG_A,43.64954109931446,10.750501191222908,106.6593663977512
V3745,2026-03-01 09:54:00,SEG_A,25.594055412601087,10.74875641940746,106.6602167747967
V3746,2026-03-01 09:54:00,SEG_A,54.15538324811682,10.750202172496987,106.6607021418523
V3747,2026-03-01 09:54:00,SEG_A,37.29916999458818,10.74948937841106,106.66008218435206
V3748,2026-03-01 09:54:00,SEG_A,34.73368487499117,10.750724269338718,106.65839372810105
V3749,2026-03-01 09:54:00,SEG_A,47.119896260534674,10.750039313012303,106.6597852791314
V3755,2026-03-01 09:55:00,SEG_A,37.70155694127912,10.751903467608626,106.65904901088112
V3756,2026-03-01 09:55:00,SEG_A,48.64334774471186,10.748845319336494,106.66065478108575
V3757,2026-03-01 09:55:00,SEG_A,45.66522046499178,10.749489634844943,106.65878252314714
V3761,2026-03-01 09:56:00,SEG_A,30.4770709100992,10.749341126522111,106.65906584313775
V3762,2026-03-01 09:56:00,SEG_A,29.488602398100696,10.75108274582529,106.65963982513554
V3765,2026-03-01 09:57:00,SEG_A,44.02726444653164,10.75103663858459,106.66045019397232
V3766,2026-03-01 09:57:00,SEG_A,29.00404820287176,10.74905753142308,106.66117007099038
V3767,2026-03-01 09:57:00,SEG_A,33.56310834934418,10.750975676513905,106.65956971527818
V3768,2026-03-01 09:57:00,SEG_A,41.13149855375321,10.74861389272298,106.65939173242528
V3769,2026-03-01 09:57:00,SEG_A,32.99754895648223,10.75022559965056,106.66009319757973
V3770,2026-03-01 09:57:00,SEG_A,43.70119916996507,10.749509477496908,106.6590697699287
V3777,2026-03-01 09:58:00,SEG_A,40.96101412728994,10.751578363068903,106.66055385819637
V3778,2026-03-01 09:58:00,SEG_A,33.23180307573758,10.751529353454108,106.65864487660028
V3779,2026-03-01 09:58:00,SEG_A,42.12268932284124,10.750487784645752,106.6591188844168
V3780,2026-03-01 09:58:00,SEG_A,45.58074441510603,10.74948610987106,106.66069514242751
V3781,2026-03-01 09:58:00,SEG_A,25.28323605931033,10.75033497609023,106.6595878933273
V3782,2026-03-01 09:58:00,SEG_A,49.197630263742575,10.749956019270227,106.66124922953372
V3783,2026-03-01 09:58:00,SEG_A,44.060902120264416,10.749872491540952,106.6607876693096
V3791,2026-03-01 09:59:00,SEG_A,30.21132871150576,10.75115816996488,106.66001678816374
V3792,2026-03-01 09:59:00,SEG_A,27.607487841151094,10.748216884313106,106.6588839612848
V3793,2026-03-01 09:59:00,SEG_A,30.08412329517576,10.7479539230291,106.65890049301336
V3797,2026-03-01 10:00:00,SEG_A,62.13172867535167,10.750911125844045,106.65891827801528
V3798,2026-03-01 10:00:00,SEG_A,42.96177748951331,10.74920826319334,106.66044625076404
V3799,2026-03-01 10:00:00,SEG_A,28.99850066313384,10.748892220551916,106.66034390756248
V3800,2026-03-01 10:00:00,SEG_A,47.9813529087842,10.750502644348751,106.66085411733454
V3801,2026-03-01 10:00:00,SEG_A,42.99054847011077,10.750172496099031,106.65949630672574
V3807,2026-03-01 10:01:00,SEG_A,45.832481753523005,10.750307865834731,106.66130942630194
V3808,2026-03-01 10:01:00,SEG_A,35.804366297367686,10.75018867614836,106.6599009063509
V3809,2026-03-01 10:01:00,SEG_A,40.4678353844664,10.749114801050997,106.6605759116679
V3810,2026-03-01 10:01:00,SEG_A,43.34371420679597,10.751285223616922,106.659989974148
V3811,2026-03-01 10:01:00,SEG_A,36.70528393401492,10.750789294377944,106.6592057956184
V3812,2026-03-01 10:01:00,SEG_A,48.67987628067167,10.751082841997414,106.66125727890112
V3819,2026-03-01 10:02:00,SEG_A,44.31890555581286,10.750736015443144,106.65925840199348
V3820,2026-03-01 10:02:00,SEG_A,45.85566983449688,10.751458616847296,106.65979362757167
V3821,2026-03-01 10:02:00,SEG_A,37.49401771742562,10.75047654630924,106.6593503424496
V3825,2026-03-01 10:03:00,SEG_A,37.2245615611344,10.75057015269995,106.66018863570407
V3826,2026-03-01 10:03:00,SEG_A,40.8727843556159,10.75021169875947,106.66075879623148
V3827,2026-03-01 10:03:00,SEG_A,39.66512636747965,10.75045001345046,106.65901308079223
V3828,2026-03-01 10:03:00,SEG_A,60.430806215802605,10.749716140680684,106.66020359300788
V3829,2026-03-01 10:03:00,SEG_A,44.53172419828969,10.7495892094876,106.66000782479423
V3835,2026-03-01 10:04:00,SEG_A,31.190341303224567,10.74878941483486,106.65872647067457
V3836,2026-03-01 10:04:00,SEG_A,47.80578117201274,10.749942585945073,106.6601008580999
V3837,2026-03-01 10:04:00,SEG_A,39.876768503594526,10.748874283458802,106.65932926909396
V3838,2026-03-01 10:04:00,SEG_A,35.03659034997238,10.748594728552774,106.6594957899047
V3839,2026-03-01 10:04:00,SEG_A,31.34954834883009,10.750577675628866,106.66066097106396
V3840,2026-03-01 10:04:00,SEG_A,29.65088701888088,10.749703368235751,106.66185605988132
V3841,2026-03-01 10:04:00,SEG_A,32.153896818573656,10.750426637817796,106.660105521934
V3849,2026-03-01 10:05:00,SEG_A,25.276706427830423,10.75071570234066,106.66014639216908
V3850,2026-03-01 10:05:00,SEG_A,43.39480887374416,10.751936102800302,106.65917518837048
V3851,2026-03-01 10:05:00,SEG_A,17.00147253502366,10.748946545422193,106.66048604506828
V3855,2026-03-01 10:06:00,SEG_A,40.34087379008029,10.750201957269862,106.6601801294438
V3856,2026-03-01 10:06:00,SEG_A,39.42243570722635,10.748966869416542,106.65926961987329
V3857,2026-03-01 10:06:00,SEG_A,36.84260075888851,10.752065195238089,106.65865116367958
V3858,2026-03-01 10:06:00,SEG_A,36.64818797346488,10.75009826706011,106.65969666724672
V3859,2026-03-01 10:06:00,SEG_A,48.5917563315019,10.749691502069496,106.65976545860084
V3865,2026-03-01 10:07:00,SEG_A,35.49521834816641,10.750286995193088,106.66187985002496
V3866,2026-03-01 10:07:00,SEG_A,44.5752597253235,10.751448402072636,106.6606452121731
V3869,2026-03-01 10:08:00,SEG_A,38.01066486314112,10.749403741282975,106.66162076466875
V3870,2026-03-01 10:08:00,SEG_A,31.201111089440687,10.750686392259242,106.66052422828572
V3871,2026-03-01 10:08:00,SEG_A,27.36789361943805,10.749169219670009,106.65933730943904
V3872,2026-03-01 10:08:00,SEG_A,44.51667290653273,10.749632964894069,106.65991441019338
V3873,2026-03-01 10:08:00,SEG_A,28.33882114412218,10.752325911716715,106.66007119561874
V3879,2026-03-01 10:09:00,SEG_A,52.10574977159507,10.749405541625205,106.65976251575754
V3880,2026-03-01 10:09:00,SEG_A,35.26224668868238,10.74991843387957,106.6613081440935
V3881,2026-03-01 10:09:00,SEG_A,59.7841264313878,10.7507456392037,106.66108799376696
V3882,2026-03-01 10:09:00,SEG_A,53.73141985181665,10.750248871076767,106.6615702508736
V3883,2026-03-01 10:09:00,SEG_A,46.33920905912323,10.750143987359312,106.66035034103444
V3884,2026-03-01 10:09:00,SEG_A,25.428664293057405,10.750292119260449,106.65845625247955
V3885,2026-03-01 10:09:00,SEG_A,26.99784678711114,10.750192878689026,106.6588859214048
V3893,2026-03-01 10:10:00,SEG_A,35.10726530556463,10.74942478389235,106.6591539788717
V3894,2026-03-01 10:10:00,SEG_A,30.8999238393721,10.750529184991446,106.65986488920366
V3895,2026-03-01 10:10:00,SEG_A,40.438478878586416,10.751274641156195,106.66133208072593
V3899,2026-03-01 10:11:00,SEG_A,35.31671822544381,10.748296853524453,106.65968604275017
V3900,2026-03-01 10:11:00,SEG_A,36.13814418207534,10.748674889612875,106.6607767022337
V3903,2026-03-01 10:12:00,SEG_A,37.62851194601576,10.750248186594476,106.66000933671788
V3904,2026-03-01 10:12:00,SEG_A,41.682955039896925,10.748475172016716,106.66066521774408
V3907,2026-03-01 10:13:00,SEG_A,39.45895568579186,10.74901307810525,106.6615282663672
V3908,2026-03-01 10:13:00,SEG_A,30.72718731058744,10.750427120916848,106.65952644467868
V3909,2026-03-01 10:13:00,SEG_A,38.48530989937582,10.74857606773139,106.66134312722173
V3910,2026-03-01 10:13:00,SEG_A,37.77762155265378,10.748784910341106,106.66125269059704
V3911,2026-03-01 10:13:00,SEG_A,35.96690549570157,10.75033460729173,106.66084141638213
V3912,2026-03-01 10:13:00,SEG_A,43.79227464459456,10.7478033644495,106.66069535670096
V3919,2026-03-01 10:14:00,SEG_A,32.794632159584225,10.750233626351244,106.65931395314284
V3920,2026-03-01 10:14:00,SEG_A,40.06839994695043,10.750985989330058,106.66011722933166
V3923,2026-03-01 10:15:00,SEG_A,44.84648640909696,10.749798051368394,106.66103239289151
V3924,2026-03-01 10:15:00,SEG_A,37.65895441909824,10.750247157104075,106.65968885056952
V3925,2026-03-01 10:15:00,SEG_A,43.69406243938569,10.74962351021736,106.66164755160894
V3926,2026-03-01 10:15:00,SEG_A,56.13890189780511,10.750873938254186,106.66154129664942
V3927,2026-03-01 10:15:00,SEG_A,27.686284153127623,10.748578622256725,106.65967843943336
V3928,2026-03-01 10:15:00,SEG_A,40.32984772207102,10.7498017925819,106.65835786475036
V3935,2026-03-01 10:16:00,SEG_A,40.81320999137047,10.752326192136314,106.66031883088436
V3936,2026-03-01 10:16:00,SEG_A,39.22465144296588,10.750574714727115,106.65966285376211
V3937,2026-03-01 10:16:00,SEG_A,25.6378150131854,10.749759478825728,106.65974370639093
V3938,2026-03-01 10:16:00,SEG_A,27.261460315601504,10.749926964810204,106.65793288977538
V3939,2026-03-01 10:16:00,SEG_A,37.218505318756165,10.750243595992044,106.66009699617712
V3945,2026-03-01 10:17:00,SEG_A,34.5100242558444,10.749432051853002,106.65946175844046
V3946,2026-03-01 10:17:00,SEG_A,32.12045187321191,10.748248916667457,106.65953706013283
V3947,2026-03-01 10:17:00,SEG_A,46.98668250169833,10.750196979805466,106.6615605752702
V3948,2026-03-01 10:17:00,SEG_A,46.00765043991347,10.750523964810274,106.66188264902264
V3949,2026-03-01 10:17:00,SEG_A,39.22283523997431,10.750063075673506,106.65998853557834
V3950,2026-03-01 10:17:00,SEG_A,52.3502938494684,10.750002515316458,106.65935172262591
V3951,2026-03-01 10:17:00,SEG_A,44.701404303702816,10.749183740188943,106.6605334715126
V3959,2026-03-01 10:18:00,SEG_A,40.4513188962068,10.749183196734169,106.65985570829687
V3960,2026-03-01 10:18:00,SEG_A,46.030246549879976,10.748213472041614,106.65821924780462
V3961,2026-03-01 10:18:00,SEG_A,47.346208971138594,10.751520122816853,106.65873479996498
V3962,2026-03-01 10:18:00,SEG_A,40.80367416666316,10.749600454887084,106.65973916988776
V3963,2026-03-01 10:18:00,SEG_A,42.44424807005132,10.74870712977099,106.6588927824995
V3964,2026-03-01 10:18:00,SEG_A,37.5899906166302,10.749854624402106,106.65887404489432
V3971,2026-03-01 10:19:00,SEG_A,40.22776632887542,10.750294758862056,106.6597885002539
V3972,2026-03-01 10:19:00,SEG_A,18.758702043634425,10.748863213508946,106.65987429054027
V3973,2026-03-01 10:19:00,SEG_A,42.91783309834164,10.748210325977611,106.65994639829212
V3974,2026-03-01 10:19:00,SEG_A,31.021887302287748,10.75023462016509,106.6599805992143
V3975,2026-03-01 10:19:00,SEG_A,45.948012819436585,10.751066822930188,106.66045898989928
V3976,2026-03-01 10:19:00,SEG_A,46.8831487117646,10.749649657524076,106.66282311741126
V3983,2026-03-01 10:20:00,SEG_A,43.96248033365946,10.750989296995431,106.660150475922
V3984,2026-03-01 10:20:00,SEG_A,29.79062169289121,10.750107578809567,106.6626110762284
V3985,2026-03-01 10:20:00,SEG_A,53.16804261590229,10.747025600437242,106.6600633431537
V3989,2026-03-01 10:21:00,SEG_A,48.99480129118956,10.74845486909489,106.659444789903
V3990,2026-03-01 10:21:00,SEG_A,35.42659947771868,10.752143941938236,106.65931497923135
V3991,2026-03-01 10:21:00,SEG_A,22.76027823599916,10.74941818488472,106.6604555503474
V3992,2026-03-01 10:21:00,SEG_A,46.27267637266883,10.752276539693442,106.66140689757098
V3993,2026-03-01 10:21:00,SEG_A,41.50338075132122,10.749108584532426,106.66162402743134
V3999,2026-03-01 10:22:00,SEG_A,33.758843326848094,10.750088902836216,106.660958270404
V4000,2026-03-01 10:22:00,SEG_A,33.791085678422,10.749984367885435,106.6599620043969
V4001,2026-03-01 10:22:00,SEG_A,29.509638119651846,10.750168498794766,106.6600315446786
V4002,2026-03-01 10:22:00,SEG_A,44.44067399676846,10.74881311352534,106.66000997038526
V4003,2026-03-01 10:22:00,SEG_A,51.05387250924647,10.752077499831913,106.66128012926896
V4004,2026-03-01 10:22:00,SEG_A,30.58342795479806,10.750451052682044,106.65951685342505
V4005,2026-03-01 10:22:00,SEG_A,42.27120474503937,10.749227783294224,106.65828652655814
V4013,2026-03-01 10:23:00,SEG_A,38.30468112071268,10.747991621563113,106.66059037154405
V4014,2026-03-01 10:23:00,SEG_A,40.961470742078085,10.749006768549986,106.66077327024232
V4015,2026-03-01 10:23:00,SEG_A,28.812598394273223,10.751045407615324,106.65994263338035
V4019,2026-03-01 10:24:00,SEG_A,34.144519872973895,10.748871576317455,106.66077073206743
V4020,2026-03-01 10:24:00,SEG_A,29.6125442472278,10.750133987301858,106.65941635099811
V4021,2026-03-01 10:24:00,SEG_A,35.79664271550134,10.748896440469023,106.65937968056748
V4022,2026-03-01 10:24:00,SEG_A,40.07049913205486,10.75023531222635,106.65921440751872
V4023,2026-03-01 10:24:00,SEG_A,39.27252478050069,10.75088845443097,106.65833737144304
V4024,2026-03-01 10:24:00,SEG_A,39.94984821126513,10.749049216054598,106.65894731582787
V4031,2026-03-01 10:25:00,SEG_A,46.43741942505852,10.752241524889136,106.6597823829002
V4032,2026-03-01 10:25:00,SEG_A,44.40330551753034,10.749568170680307,106.66008535221762
V4035,2026-03-01 10:26:00,SEG_A,38.06582803360995,10.749828658467017,106.65916674097512
V4036,2026-03-01 10:26:00,SEG_A,32.53915695789794,10.748174146234168,106.65937078475235
V4039,2026-03-01 10:27:00,SEG_A,35.77182194876127,10.748938213910062,106.66008576644394
V4040,2026-03-01 10:27:00,SEG_A,48.53986573011689,10.750128466195791,106.65939017956175
V4041,2026-03-01 10:27:00,SEG_A,39.014828759251,10.747949367229644,106.65986059725046
V4042,2026-03-01 10:27:00,SEG_A,36.797165047276216,10.749066539641994,106.65924790164766
V4043,2026-03-01 10:27:00,SEG_A,36.71812398768282,10.750992458276006,106.66109206041678
V4044,2026-03-01 10:27:00,SEG_A,32.57499870753752,10.749481922626757,106.6595074100427
V4045,2026-03-01 10:27:00,SEG_A,46.476364124401,10.75014550655263,106.66009278986265
V4053,2026-03-01 10:28:00,SEG_A,40.195525133340126,10.750024057703063,106.65983479487926
V4054,2026-03-01 10:28:00,SEG_A,33.14066042918757,10.750335139949282,106.65971125825008
V4055,2026-03-01 10:28:00,SEG_A,32.76159933009019,10.751014173262249,106.6600990096227
V4056,2026-03-01 10:28:00,SEG_A,38.17520834125408,10.751340056614746,106.65816391846448
V4061,2026-03-01 10:29:00,SEG_A,43.01698753016176,10.749272873685856,106.65764403597852
V4062,2026-03-01 10:29:00,SEG_A,37.11575922056607,10.75184804879091,106.6593439508096
V4063,2026-03-01 10:29:00,SEG_A,46.32612405251689,10.751198672197065,106.65998730319738
V4064,2026-03-01 10:29:00,SEG_A,40.963644947290334,10.74828370209346,106.65928383613682
V4065,2026-03-01 10:29:00,SEG_A,47.25606099463997,10.750060679097038,106.66036734144144
V4071,2026-03-01 10:30:00,SEG_A,39.69078257287132,10.749814140631177,106.65904136827432
V4072,2026-03-01 10:30:00,SEG_A,49.58921271881511,10.749637162799369,106.6614260781222
V4073,2026-03-01 10:30:00,SEG_A,40.10194692163247,10.750648428930814,106.66055770964296
V4074,2026-03-01 10:30:00,SEG_A,33.40580207719318,10.750367202921552,106.66192833294448
V4075,2026-03-01 10:30:00,SEG_A,42.01289802480285,10.75090127673956,106.6606932718446
V4076,2026-03-01 10:30:00,SEG_A,42.45639726691989,10.750186478717724,106.66054731555911
V4077,2026-03-01 10:30:00,SEG_A,46.1062603718049,10.748647835942949,106.66024730288908
V4085,2026-03-01 10:31:00,SEG_A,43.99586021831199,10.74965609940922,106.66018396926664
V4086,2026-03-01 10:31:00,SEG_A,41.88806502736139,10.747571109690906,106.66064652574586
V4087,2026-03-01 10:31:00,SEG_A,41.19953756976201,10.750564048865243,106.65871315640454
V4088,2026-03-01 10:31:00,SEG_A,37.473814598700855,10.748908470543434,106.6607446013762
V4089,2026-03-01 10:31:00,SEG_A,28.759067663452047,10.749071345218075,106.66053431412828
V4090,2026-03-01 10:31:00,SEG_A,34.96500374178202,10.749071609343211,106.66090671942952
V4097,2026-03-01 10:32:00,SEG_A,32.80631802123339,10.748497772583422,106.65956569673658
V4098,2026-03-01 10:32:00,SEG_A,36.8435880489364,10.750089960411549,106.66123972296435
V4101,2026-03-01 10:33:00,SEG_A,41.63641942469004,10.749308113208986,106.65981764914248
V4102,2026-03-01 10:33:00,SEG_A,49.471512991134674,10.749296094215577,106.65897011202382
V4105,2026-03-01 10:34:00,SEG_A,22.958813134791,10.75043812549244,106.6600933658613
V4106,2026-03-01 10:34:00,SEG_A,34.68068137568517,10.750180050471402,106.66017012161716
V4107,2026-03-01 10:34:00,SEG_A,31.52409657313652,10.75033185372678,106.66119713542253
V4111,2026-03-01 10:35:00,SEG_A,35.46386435934751,10.751523094916235,106.65859091340948
V4112,2026-03-01 10:35:00,SEG_A,43.88292942036436,10.75173132441092,106.66068552192648
V4113,2026-03-01 10:35:00,SEG_A,29.351223847686544,10.748718419491084,106.65924837462336
V4114,2026-03-01 10:35:00,SEG_A,41.263263292159,10.750225942694088,106.6587283034457
V4115,2026-03-01 10:35:00,SEG_A,33.01794033242427,10.74918851751302,106.65981925319188
V4121,2026-03-01 10:36:00,SEG_A,45.43483342693056,10.749533899003309,106.66121333398294
V4122,2026-03-01 10:36:00,SEG_A,40.16885551108068,10.750774760735396,106.66029619700204
V4123,2026-03-01 10:36:00,SEG_A,38.582912960978895,10.749045115388691,106.65985446340764
V4124,2026-03-01 10:36:00,SEG_A,46.73640535115878,10.7494918648881,106.6604397413956
V4125,2026-03-01 10:36:00,SEG_A,31.33811294380797,10.75078005833613,106.66031294133649
V4131,2026-03-01 10:37:00,SEG_A,39.80451012106943,10.750899093506623,106.66005742577478
V4132,2026-03-01 10:37:00,SEG_A,48.72406208657944,10.750580327445943,106.65994045869368
V4133,2026-03-01 10:37:00,SEG_A,34.97659557594545,10.74951373628464,106.65852948952606
V4134,2026-03-01 10:37:00,SEG_A,37.86336887921339,10.750145998758564,106.6617154210978
V4135,2026-03-01 10:37:00,SEG_A,44.22656258623101,10.749135146019862,106.65856063172448
V4141,2026-03-01 10:38:00,SEG_A,51.26359106077903,10.750331821546776,106.66171367423917
V4142,2026-03-01 10:38:00,SEG_A,40.74378034257983,10.751077440362254,106.66042871967292
V4143,2026-03-01 10:38:00,SEG_A,35.606362948597074,10.75018123415438,106.66050317187752
V4144,2026-03-01 10:38:00,SEG_A,39.74241494877914,10.750412856517997,106.66086536295931
V4145,2026-03-01 10:38:00,SEG_A,39.81301486403286,10.747056112331318,106.66167827015148
V4146,2026-03-01 10:38:00,SEG_A,37.61926855823737,10.749176719779168,106.65887588970436
V4147,2026-03-01 10:38:00,SEG_A,37.30843278133084,10.749437252168685,106.6592629905361
V4155,2026-03-01 10:39:00,SEG_A,42.05489634325699,10.748798469707705,106.65974673567447
V4156,2026-03-01 10:39:00,SEG_A,43.27874382613015,10.751578711771304,106.65972807424976
V4157,2026-03-01 10:39:00,SEG_A,44.40672160358488,10.750878151911923,106.65980337230162
V4158,2026-03-01 10:39:00,SEG_A,49.18726197989872,10.75120217383143,106.66138038473406
V4159,2026-03-01 10:39:00,SEG_A,43.66745735188425,10.752360137249658,106.65938471688725
V4160,2026-03-01 10:39:00,SEG_A,56.99262068943152,10.75076829948866,106.66134038733304
V4161,2026-03-01 10:39:00,SEG_A,37.43969796366631,10.750844474702964,106.66142697416366
V4169,2026-03-01 10:40:00,SEG_A,39.38811383242504,10.751622730830636,106.65930417945232
V4170,2026-03-01 10:40:00,SEG_A,41.54487841163861,10.749645704570897,106.66058796094642
V4171,2026-03-01 10:40:00,SEG_A,33.74729694219843,10.751927397753994,106.65830938759692
V4175,2026-03-01 10:41:00,SEG_A,56.94742808955182,10.750385702485968,106.65956677222808
V4176,2026-03-01 10:41:00,SEG_A,32.85368492313397,10.749776712925591,106.65804472166892
V4177,2026-03-01 10:41:00,SEG_A,36.6780442475297,10.749737072756144,106.65892558635088
V4178,2026-03-01 10:41:00,SEG_A,45.98276155923488,10.749781233712213,106.65936420545538
V4179,2026-03-01 10:41:00,SEG_A,37.397328519451655,10.750355107473316,106.66007322121048
V4180,2026-03-01 10:41:00,SEG_A,34.39219929529938,10.75012565347404,106.65994932404244
V4181,2026-03-01 10:41:00,SEG_A,30.8842862148095,10.749711495306492,106.66057933827042
V4189,2026-03-01 10:42:00,SEG_A,38.4110272639334,10.749422330615255,106.66102555835572
V4190,2026-03-01 10:42:00,SEG_A,26.59326581928191,10.74885713552721,106.6597526914944
V4191,2026-03-01 10:42:00,SEG_A,50.808378445074496,10.74962548302703,106.66041615155729
V4192,2026-03-01 10:42:00,SEG_A,40.22182943510473,10.751296258412935,106.65841527698178
V4193,2026-03-01 10:42:00,SEG_A,45.88770562978222,10.749801101070258,106.66092488419392
V4194,2026-03-01 10:42:00,SEG_A,33.44574315119748,10.750024393069864,106.65989749328908
V4201,2026-03-01 10:43:00,SEG_A,29.991366079448376,10.749290376245906,106.65978050973492
V4202,2026-03-01 10:43:00,SEG_A,58.49653240962371,10.749718840872594,106.6591403441872
V4203,2026-03-01 10:43:00,SEG_A,32.81232912338051,10.751140022112043,106.66099730174832
V4204,2026-03-01 10:43:00,SEG_A,36.11617450917112,10.748124215883925,106.65887140645528
V4209,2026-03-01 10:44:00,SEG_A,27.50878221669949,10.751949962298706,106.6592696221088
V4210,2026-03-01 10:44:00,SEG_A,53.89879925426029,10.749634945657135,106.65843381322908
V4211,2026-03-01 10:44:00,SEG_A,50.27023118452375,10.751401865627631,106.65909394899973
V4212,2026-03-01 10:44:00,SEG_A,37.34678186722039,10.74909420406344,106.65987947330554
V4217,2026-03-01 10:45:00,SEG_A,40.376441767228194,10.75024481066312,106.65926764371898
V4218,2026-03-01 10:45:00,SEG_A,37.18578107161666,10.749994279819829,106.6594793330354
V4219,2026-03-01 10:45:00,SEG_A,42.6514568322924,10.750457439016124,106.66217270662362
V4220,2026-03-01 10:45:00,SEG_A,42.22552023489897,10.74808775734448,106.66116301908085
V4221,2026-03-01 10:45:00,SEG_A,38.36903486691046,10.752011925362936,106.6614709244525
V4222,2026-03-01 10:45:00,SEG_A,35.95786093030747,10.750721902783871,106.65940604485225
V4223,2026-03-01 10:45:00,SEG_A,40.02152661131755,10.750675984814354,106.66111300020604
V4231,2026-03-01 10:46:00,SEG_A,34.60314554410484,10.750009509733763,106.65918463720762
V4232,2026-03-01 10:46:00,SEG_A,29.50334323867288,10.749411226479625,106.66132618496344
V4233,2026-03-01 10:46:00,SEG_A,46.72596293539176,10.749029951998375,106.65968518394985
V4234,2026-03-01 10:46:00,SEG_A,45.99298537549265,10.749429028604812,106.66007958624483
V4239,2026-03-01 10:47:00,SEG_A,25.306129849429237,10.749729418899864,106.66164621020046
V4240,2026-03-01 10:47:00,SEG_A,44.41552814205899,10.748129542850938,106.66065833946242
V4241,2026-03-01 10:47:00,SEG_A,34.01810564617337,10.750691306930094,106.6593099182334
V4242,2026-03-01 10:47:00,SEG_A,39.57574044470428,10.749462457231438,106.66000315772274
V4247,2026-03-01 10:48:00,SEG_A,48.27543508981631,10.750122924617807,106.6605076334245
V4248,2026-03-01 10:48:00,SEG_A,43.22903338238324,10.751240730325309,106.66072141237356
V4249,2026-03-01 10:48:00,SEG_A,36.45643615752123,10.749358732956,106.6599502458524
V4250,2026-03-01 10:48:00,SEG_A,33.91918847136602,10.748947807798674,106.6578719475307
V4255,2026-03-01 10:49:00,SEG_A,32.34267723800678,10.749147408156608,106.66127815492736
V4256,2026-03-01 10:49:00,SEG_A,53.05376348887008,10.750195892834968,106.65969691956448
V4257,2026-03-01 10:49:00,SEG_A,52.38968397328787,10.749021426459135,106.6600518233276
V4258,2026-03-01 10:49:00,SEG_A,43.70372799636905,10.749137199392823,106.6593640857786
V4263,2026-03-01 10:50:00,SEG_A,37.459492522190885,10.749558552122984,106.66076219660292
V4264,2026-03-01 10:50:00,SEG_A,25.83411176818846,10.751574279859,106.6601355294632
V4265,2026-03-01 10:50:00,SEG_A,44.88014060789212,10.750725077783148,106.65929194083996
V4266,2026-03-01 10:50:00,SEG_A,32.68513155056607,10.748967730715346,106.65975293197016
V4267,2026-03-01 10:50:00,SEG_A,45.59363753240823,10.74941623797478,106.66060793164016
V4273,2026-03-01 10:51:00,SEG_A,29.62048774848455,10.749369427608428,106.659970827657
V4274,2026-03-01 10:51:00,SEG_A,30.43097814274595,10.747995856116486,106.65984078961256
V4275,2026-03-01 10:51:00,SEG_A,44.58086849738593,10.75059185731973,106.66087523738554
V4276,2026-03-01 10:51:00,SEG_A,27.57154190576141,10.750057901909829,106.65973154863576
V4277,2026-03-01 10:51:00,SEG_A,39.30223451602246,10.749788218366366,106.6593395518194
V4278,2026-03-01 10:51:00,SEG_A,15.85767636627516,10.751161829020573,106.66032999016548
V4279,2026-03-01 10:51:00,SEG_A,28.12568169970794,10.750473131652992,106.659552695193
V4287,2026-03-01 10:52:00,SEG_A,21.47776258488209,10.748459167731625,106.66118903360884
V4288,2026-03-01 10:52:00,SEG_A,42.95242540805248,10.74964618415252,106.65909125667731
V4291,2026-03-01 10:53:00,SEG_A,28.89197225555703,10.749639300774822,106.66017699140508
V4292,2026-03-01 10:53:00,SEG_A,37.01771431029451,10.749514371466423,106.6603269096256
V4295,2026-03-01 10:54:00,SEG_A,38.37781143388269,10.750546277236564,106.6607924128222
V4296,2026-03-01 10:54:00,SEG_A,41.00044952889513,10.750876706577376,106.659436668523
V4297,2026-03-01 10:54:00,SEG_A,47.083020423193,10.751015809442183,106.66067749634593
V4298,2026-03-01 10:54:00,SEG_A,41.073358267849706,10.750713323332404,106.65910599553476
V4299,2026-03-01 10:54:00,SEG_A,41.58689811488167,10.750300510476825,106.65867048433684
V4305,2026-03-01 10:55:00,SEG_A,36.72678680225237,10.74863623619217,106.66085371274713
V4306,2026-03-01 10:55:00,SEG_A,36.67540889777534,10.75065341951112,106.66093556602566
V4309,2026-03-01 10:56:00,SEG_A,50.309526939151326,10.749205876059252,106.65932248526022
V4310,2026-03-01 10:56:00,SEG_A,33.371519718876364,10.749216573111958,106.66149270460728
V4311,2026-03-01 10:56:00,SEG_A,38.04986301283325,10.749888501835356,106.66077438678693
V4312,2026-03-01 10:56:00,SEG_A,26.691776207728203,10.750052645821269,106.65890312827132
V4313,2026-03-01 10:56:00,SEG_A,37.644680635533454,10.74941357930604,106.65936201925396
V4314,2026-03-01 10:56:00,SEG_A,41.80465445365092,10.750221213402392,106.65978017941076
V4321,2026-03-01 10:57:00,SEG_A,37.65674891427616,10.751399995785906,106.66016817422478
V4322,2026-03-01 10:57:00,SEG_A,58.17172753444506,10.749730859550764,106.66025704285296
V4323,2026-03-01 10:57:00,SEG_A,55.24119417639054,10.748486076783257,106.6583622499668
V4324,2026-03-01 10:57:00,SEG_A,33.63593458232474,10.750813372689471,106.65839014881666
V4325,2026-03-01 10:57:00,SEG_A,44.77639245249616,10.750526706694489,106.6620143902332
V4326,2026-03-01 10:57:00,SEG_A,48.36387940409898,10.750364050237495,106.66135913293516
V4333,2026-03-01 10:58:00,SEG_A,44.4311404700717,10.75129262241034,106.66101903932528
V4334,2026-03-01 10:58:00,SEG_A,23.228964504716355,10.749146347955206,106.65871981949424
V4335,2026-03-01 10:58:00,SEG_A,44.187782041176405,10.750413326623486,106.65730210812204
V4336,2026-03-01 10:58:00,SEG_A,37.59334702937727,10.75080071983034,106.66014797599122
V4341,2026-03-01 10:59:00,SEG_A,41.01103643511404,10.75049693151568,106.65873554865172
V4342,2026-03-01 10:59:00,SEG_A,54.32636870888836,10.750710502413664,106.659712003109
V4343,2026-03-01 10:59:00,SEG_A,32.516374832282835,10.751077153410431,106.65889823021791
V4344,2026-03-01 10:59:00,SEG_A,58.09091859833656,10.7493867950601,106.6617205052146
V4345,2026-03-01 10:59:00,SEG_A,38.52420971941827,10.75158074670882,106.65926513149316
V4346,2026-03-01 10:59:00,SEG_A,40.1506910283736,10.75080474933017,106.66066207713668
V4347,2026-03-01 10:59:00,SEG_A,48.80609466926307,10.749512527885198,106.66008480837284
V10,2026-03-01 07:00:00,SEG_B,18.301860892767905,10.750430821003008,106.66214164760086
V11,2026-03-01 07:00:00,SEG_B,11.748679868923077,10.749487757270929,106.65918622727176
V12,2026-03-01 07:00:00,SEG_B,19.92783538060397,10.75112897229272,106.65988605254236
V13,2026-03-01 07:00:00,SEG_B,8.278748184299776,10.749175518784307,106.66065059278782
V14,2026-03-01 07:00:00,SEG_B,20.94603336962754,10.750543154268303,106.65933449029272
V15,2026-03-01 07:00:00,SEG_B,16.857290584533757,10.75011668580914,106.66021868859671
V16,2026-03-01 07:00:00,SEG_B,21.97143022358552,10.750223595548777,106.66067891356307
V17,2026-03-01 07:00:00,SEG_B,15.540632555911133,10.75028911939869,106.66063128822584
V18,2026-03-01 07:00:00,SEG_B,5.0,10.749680328783644,106.6595296273457
V36,2026-03-01 07:01:00,SEG_B,7.39982356071535,10.7496609669241,106.66084030813744
V37,2026-03-01 07:01:00,SEG_B,5.0,10.750434423643544,106.66023773560232
V38,2026-03-01 07:01:00,SEG_B,10.246800354425645,10.74855394214561,106.66007212950772
V39,2026-03-01 07:01:00,SEG_B,10.76405832748958,10.750232676211354,106.66002185214552
V40,2026-03-01 07:01:00,SEG_B,27.81423113056732,10.749760644372529,106.65897650250736
V41,2026-03-01 07:01:00,SEG_B,16.43420507965053,10.750219996683972,106.66135918757524
V42,2026-03-01 07:01:00,SEG_B,21.680889967316627,10.75035687105915,106.66146330289122
V43,2026-03-01 07:01:00,SEG_B,5.489895565417193,10.74936024846725,106.6590734240586
V44,2026-03-01 07:01:00,SEG_B,11.881521574753856,10.748623313852445,106.66063515094682
V45,2026-03-01 07:01:00,SEG_B,13.222218423209814,10.748529193705496,106.65898442091878
V46,2026-03-01 07:01:00,SEG_B,17.508110779601562,10.750838126567894,106.66199673089169
V47,2026-03-01 07:01:00,SEG_B,38.31089972805864,10.750414409433276,106.65901046187996
V48,2026-03-01 07:01:00,SEG_B,5.0,10.750267711462344,106.65918705890468
V49,2026-03-01 07:01:00,SEG_B,11.677141918562516,10.74938790320094,106.65985920911358
V50,2026-03-01 07:01:00,SEG_B,23.52784184630115,10.750157048567443,106.65984136516296
V51,2026-03-01 07:01:00,SEG_B,6.714769977393507,10.748325317055295,106.65951369209093
V52,2026-03-01 07:01:00,SEG_B,14.569739593453436,10.75176792991358,106.66013027452146
V64,2026-03-01 07:02:00,SEG_B,13.563846293739196,10.749616812678864,106.66146144429224
V65,2026-03-01 07:02:00,SEG_B,6.143634543652096,10.749105272981044,106.66064332679468
V66,2026-03-01 07:02:00,SEG_B,11.843159017123284,10.74999487813328,106.65983655710149
V67,2026-03-01 07:02:00,SEG_B,17.700596390391468,10.751407481861314,106.6600905849069
V68,2026-03-01 07:02:00,SEG_B,20.151510346214863,10.74794982789897,106.65995128159808
V69,2026-03-01 07:02:00,SEG_B,8.254157837657031,10.748781186939576,106.65912184763307
V70,2026-03-01 07:02:00,SEG_B,12.327012474393504,10.750915902542356,106.65867360728224
V71,2026-03-01 07:02:00,SEG_B,15.24505194075534,10.749515830566668,106.65967232690564
V72,2026-03-01 07:02:00,SEG_B,23.022062602436836,10.750538115437005,106.66133739810743
V73,2026-03-01 07:02:00,SEG_B,13.763954566000796,10.74930405738833,106.65977614118312
V74,2026-03-01 07:02:00,SEG_B,16.939974330169772,10.750176573358454,106.65891561192775
V84,2026-03-01 07:03:00,SEG_B,17.732444407524078,10.751728697644406,106.65901314292157
V85,2026-03-01 07:03:00,SEG_B,13.037777232463124,10.750777337576062,106.66043476607446
V86,2026-03-01 07:03:00,SEG_B,11.990751430159206,10.749866177035484,106.65862510419164
V87,2026-03-01 07:03:00,SEG_B,13.09461004820268,10.74973361250999,106.66023216988962
V88,2026-03-01 07:03:00,SEG_B,10.557382249447873,10.750471538522543,106.66101271581782
V89,2026-03-01 07:03:00,SEG_B,16.243434621347728,10.7503517564084,106.66005315534755
V90,2026-03-01 07:03:00,SEG_B,15.000675144731314,10.749278441966457,106.66031649426166
V91,2026-03-01 07:03:00,SEG_B,14.221707212692085,10.75209316830893,106.66157335490249
V92,2026-03-01 07:03:00,SEG_B,18.086772420452007,10.749236942790306,106.65888758852802
V102,2026-03-01 07:04:00,SEG_B,12.324350621152988,10.751300044594698,106.66058265524198
V103,2026-03-01 07:04:00,SEG_B,28.858492843279556,10.751177411888978,106.66043908667892
V104,2026-03-01 07:04:00,SEG_B,28.95147620934234,10.750438993158738,106.6608279881768
V105,2026-03-01 07:04:00,SEG_B,12.627432371722334,10.75006654581586,106.6593025761767
V106,2026-03-01 07:04:00,SEG_B,22.916671476758825,10.748821696376885,106.66078235034242
V107,2026-03-01 07:04:00,SEG_B,13.474791539958725,10.751171247093469,106.66075086898871
V108,2026-03-01 07:04:00,SEG_B,29.56516926117441,10.75073077469114,106.65842795974434
V109,2026-03-01 07:04:00,SEG_B,14.464374616814393,10.748827992807405,106.65948172015764
V110,2026-03-01 07:04:00,SEG_B,27.089827466213773,10.750637533810895,106.6593010695714
V129,2026-03-01 07:05:00,SEG_B,19.19350274250217,10.75027627417933,106.6585872341161
V130,2026-03-01 07:05:00,SEG_B,5.0,10.75005435358539,106.65952822396636
V131,2026-03-01 07:05:00,SEG_B,18.675086173732893,10.75070195362622,106.66013824143204
V132,2026-03-01 07:05:00,SEG_B,21.08106468300683,10.750229211374116,106.6605300647056
V133,2026-03-01 07:05:00,SEG_B,9.36261389704094,10.74982038858617,106.66019677609664
V134,2026-03-01 07:05:00,SEG_B,21.56422780333935,10.749606258827775,106.66052116725572
V135,2026-03-01 07:05:00,SEG_B,12.873289664676967,10.749882457832673,106.66082951904204
V136,2026-03-01 07:05:00,SEG_B,5.0,10.748703527671925,106.65851781460256
V137,2026-03-01 07:05:00,SEG_B,5.0,10.749321735559844,106.66074943389972
V138,2026-03-01 07:05:00,SEG_B,12.720927468939404,10.75019779008194,106.66108921749672
V139,2026-03-01 07:05:00,SEG_B,25.62148905814153,10.749930862065272,106.66135358588956
V140,2026-03-01 07:05:00,SEG_B,15.737013267472872,10.749162601776172,106.6594055996478
V141,2026-03-01 07:05:00,SEG_B,5.0,10.749111866146269,106.65964198331191
V142,2026-03-01 07:05:00,SEG_B,21.42868015502881,10.751720769831168,106.6586178184846
V143,2026-03-01 07:05:00,SEG_B,18.14261974607935,10.748959456060842,106.66047469708846
V144,2026-03-01 07:05:00,SEG_B,13.951306794498189,10.748169094174152,106.66092829699156
V145,2026-03-01 07:05:00,SEG_B,10.159994297530153,10.749466099761626,106.65893024758871
V146,2026-03-01 07:05:00,SEG_B,9.765733786499556,10.750427890440696,106.65981075565908
V165,2026-03-01 07:06:00,SEG_B,5.0,10.749664392631882,106.65800918800488
V166,2026-03-01 07:06:00,SEG_B,5.0,10.751363862229814,106.66089518498195
V167,2026-03-01 07:06:00,SEG_B,9.244158133721676,10.748497496543958,106.65703547116216
V168,2026-03-01 07:06:00,SEG_B,10.652035936538924,10.752420415012248,106.66043488427148
V169,2026-03-01 07:06:00,SEG_B,10.523421711604083,10.7504650802095,106.658439041647
V170,2026-03-01 07:06:00,SEG_B,12.621413098418916,10.750099477473016,106.65991389934815
V171,2026-03-01 07:06:00,SEG_B,21.326448973520645,10.750344645226235,106.66066832601813
V172,2026-03-01 07:06:00,SEG_B,9.493021742153925,10.750897815408411,106.66162893694762
V173,2026-03-01 07:06:00,SEG_B,7.238803842788699,10.749112304344283,106.66133578433632
V174,2026-03-01 07:06:00,SEG_B,13.469248106439515,10.751403821392069,106.6595574642881
V175,2026-03-01 07:06:00,SEG_B,26.64036461016569,10.750131485816803,106.66025822882332
V176,2026-03-01 07:06:00,SEG_B,27.517744173359237,10.749638229522557,106.65905887790407
V177,2026-03-01 07:06:00,SEG_B,11.411486335773166,10.750452333950642,106.65843424092782
V178,2026-03-01 07:06:00,SEG_B,20.09976722120897,10.749461228682382,106.66114781266072
V179,2026-03-01 07:06:00,SEG_B,5.0,10.749213434224895,106.65831353184876
V180,2026-03-01 07:06:00,SEG_B,8.39016426908838,10.750247665901108,106.65982077337456
V181,2026-03-01 07:06:00,SEG_B,12.97297944841588,10.74984081512862,106.66020338824062
V182,2026-03-01 07:06:00,SEG_B,6.931711664455138,10.7507068496409,106.66066266597038
V197,2026-03-01 07:07:00,SEG_B,29.570390806504868,10.74834824085182,106.65871893079316
V198,2026-03-01 07:07:00,SEG_B,11.611147148313291,10.749479411587144,106.66081260128774
V199,2026-03-01 07:07:00,SEG_B,16.933277758566703,10.748225037940358,106.6605154104029
V200,2026-03-01 07:07:00,SEG_B,10.379688901154797,10.75127444721694,106.65937241246355
V201,2026-03-01 07:07:00,SEG_B,9.907077735182114,10.750541131610804,106.66076292648232
V202,2026-03-01 07:07:00,SEG_B,18.584794911489627,10.748314402682617,106.66053803443992
V203,2026-03-01 07:07:00,SEG_B,6.725535586604808,10.750235276111589,106.6585762655646
V204,2026-03-01 07:07:00,SEG_B,18.570577180344507,10.749193401095692,106.65871736534972
V205,2026-03-01 07:07:00,SEG_B,20.7105610918592,10.750241644521676,106.6593860231986
V206,2026-03-01 07:07:00,SEG_B,26.609430792168517,10.74955934757843,106.66003210767396
V207,2026-03-01 07:07:00,SEG_B,17.151307581428807,10.749380334065872,106.6604711362934
V208,2026-03-01 07:07:00,SEG_B,10.732381222682204,10.749588361677784,106.6613626426398
V209,2026-03-01 07:07:00,SEG_B,6.675311579900535,10.74758721966907,106.661610936995
V210,2026-03-01 07:07:00,SEG_B,35.394623620856024,10.74959473073455,106.65806316195938
V224,2026-03-01 07:08:00,SEG_B,21.6864631705147,10.75034935062256,106.66238260228268
V225,2026-03-01 07:08:00,SEG_B,18.361508789799498,10.750387703141262,106.65983307206989
V226,2026-03-01 07:08:00,SEG_B,21.534206937606328,10.750625085201248,106.66125172500855
V227,2026-03-01 07:08:00,SEG_B,10.829416650901722,10.749564592527056,106.65952089682908
V228,2026-03-01 07:08:00,SEG_B,21.326413769431912,10.751498374440295,106.65954115950684
V229,2026-03-01 07:08:00,SEG_B,11.60181017765527,10.75031407722387,106.6597542385
V230,2026-03-01 07:08:00,SEG_B,22.61642922511912,10.74774822270938,106.65917329495308
V231,2026-03-01 07:08:00,SEG_B,8.740669328308433,10.747679643987611,106.65903636155562
V232,2026-03-01 07:08:00,SEG_B,7.678751073232591,10.74979889534548,106.66111296589166
V233,2026-03-01 07:08:00,SEG_B,13.039514790474382,10.748969186279728,106.6599430454588
V234,2026-03-01 07:08:00,SEG_B,23.3933889715308,10.749024041183883,106.65908942511608
V235,2026-03-01 07:08:00,SEG_B,19.46839167419379,10.749778463884269,106.6606474846907
V236,2026-03-01 07:08:00,SEG_B,14.890825665637626,10.750701663648089,106.65896492188595
V249,2026-03-01 07:09:00,SEG_B,7.854955027321099,10.750011451291671,106.65970073529613
V250,2026-03-01 07:09:00,SEG_B,6.879456754169471,10.752048755650865,106.66178516840206
V251,2026-03-01 07:09:00,SEG_B,24.088389468443427,10.74907914960219,106.66085501932427
V252,2026-03-01 07:09:00,SEG_B,20.117011275983216,10.750442545624203,106.66124966526704
V253,2026-03-01 07:09:00,SEG_B,20.08296914289022,10.750740014236303,106.66063690628336
V254,2026-03-01 07:09:00,SEG_B,17.726331264016846,10.748216388870286,106.6600836210774
V255,2026-03-01 07:09:00,SEG_B,10.550464329207,10.74872015904236,106.66168181661928
V256,2026-03-01 07:09:00,SEG_B,28.831962727085628,10.751359220600296,106.66025521341685
V257,2026-03-01 07:09:00,SEG_B,25.80500096762125,10.7500120531806,106.6602027972769
V258,2026-03-01 07:09:00,SEG_B,6.252229036304136,10.750396991304498,106.66006038592842
V259,2026-03-01 07:09:00,SEG_B,5.0,10.749948802888184,106.65992027043616
V260,2026-03-01 07:09:00,SEG_B,29.38048933315712,10.750894213328513,106.66001144543908
V275,2026-03-01 07:10:00,SEG_B,24.713518631428013,10.747327165566896,106.66039593387444
V276,2026-03-01 07:10:00,SEG_B,27.491505614428583,10.748872219235109,106.6596201934882
V277,2026-03-01 07:10:00,SEG_B,8.976864662171032,10.749105653953922,106.65967373799498
V278,2026-03-01 07:10:00,SEG_B,26.41988226947604,10.751837386675488,106.65966406077496
V279,2026-03-01 07:10:00,SEG_B,30.24048171251576,10.750035576476984,106.6617536910267
V280,2026-03-01 07:10:00,SEG_B,14.253610802772066,10.750131057826046,106.66036547447264
V281,2026-03-01 07:10:00,SEG_B,40.43082943494028,10.750851285574845,106.65929273547005
V282,2026-03-01 07:10:00,SEG_B,22.751982962206863,10.749638167462916,106.65951024981707
V283,2026-03-01 07:10:00,SEG_B,22.26881087913689,10.750031085587771,106.6602785759145
V284,2026-03-01 07:10:00,SEG_B,15.11188177492234,10.750336583126606,106.66042496589743
V285,2026-03-01 07:10:00,SEG_B,5.0,10.75066657266861,106.65901798058016
V286,2026-03-01 07:10:00,SEG_B,5.0,10.74994158875614,106.66008398100332
V287,2026-03-01 07:10:00,SEG_B,9.451950683421751,10.750831031857668,106.65865782483364
V288,2026-03-01 07:10:00,SEG_B,11.744450009819529,10.749415125865069,106.65995341272966
V307,2026-03-01 07:11:00,SEG_B,13.670737264402142,10.751882174880205,106.65983028020358
V308,2026-03-01 07:11:00,SEG_B,18.310338537521712,10.749767730670076,106.66007571328797
V309,2026-03-01 07:11:00,SEG_B,15.048133443488572,10.750448324065973,106.66116530753554
V310,2026-03-01 07:11:00,SEG_B,28.179151980826635,10.750309620081907,106.66058954688604
V311,2026-03-01 07:11:00,SEG_B,5.7930839265154646,10.749912123257584,106.66094028946488
V312,2026-03-01 07:11:00,SEG_B,21.927749107337227,10.750211609732794,106.66088639395956
V313,2026-03-01 07:11:00,SEG_B,18.926133671950552,10.75120030625826,106.66028935915696
V314,2026-03-01 07:11:00,SEG_B,12.154413475431722,10.750335841256932,106.65706940562414
V316,2026-03-01 07:11:00,SEG_B,18.614148807527872,10.750477529337267,106.65883757121986
V317,2026-03-01 07:11:00,SEG_B,9.30318366496849,10.751370540988614,106.65951596986842
V318,2026-03-01 07:11:00,SEG_B,32.94336249922388,10.749998080146824,106.66040803617688
V319,2026-03-01 07:11:00,SEG_B,27.93499518798886,10.750131027116192,106.65899765601932
V320,2026-03-01 07:11:00,SEG_B,14.12218038644568,10.749964389263807,106.6586352583478
V321,2026-03-01 07:11:00,SEG_B,12.953343429273414,10.749257807906002,106.66092435775718
V322,2026-03-01 07:11:00,SEG_B,15.276894993482044,10.749717204250851,106.65989381806938
V323,2026-03-01 07:11:00,SEG_B,16.784976147249328,10.75061681419969,106.65900028777132
V324,2026-03-01 07:11:00,SEG_B,6.667298939029825,10.751104679215402,106.6595876631278
V340,2026-03-01 07:12:00,SEG_B,5.0,10.749635561747736,106.6578197899355
V341,2026-03-01 07:12:00,SEG_B,15.288479414382364,10.749995367027775,106.66104553227478
V342,2026-03-01 07:12:00,SEG_B,24.501075141768965,10.750202775048251,106.6594996389226
V343,2026-03-01 07:12:00,SEG_B,18.881288900365902,10.749472082362676,106.65999860734856
V344,2026-03-01 07:12:00,SEG_B,22.889090535686144,10.749442228654011,106.66080567863924
V345,2026-03-01 07:12:00,SEG_B,20.419210949538417,10.749045208182867,106.66097389412822
V346,2026-03-01 07:12:00,SEG_B,20.58853076297204,10.750101925887371,106.65923767654196
V347,2026-03-01 07:12:00,SEG_B,8.126351851395441,10.749462337423097,106.6605425944633
V348,2026-03-01 07:12:00,SEG_B,7.354998660788817,10.75043751224862,106.65875824447112
V349,2026-03-01 07:12:00,SEG_B,13.367451324489208,10.750109647754574,106.66244513014506
V350,2026-03-01 07:12:00,SEG_B,5.0,10.75147201456649,106.660149842414
V351,2026-03-01 07:12:00,SEG_B,18.289375344127706,10.750118347913387,106.6604447268182
V352,2026-03-01 07:12:00,SEG_B,13.770519165103858,10.751454050181458,106.65954352885578
V353,2026-03-01 07:12:00,SEG_B,24.05787657743398,10.749355632879787,106.6599397481536
V354,2026-03-01 07:12:00,SEG_B,6.424299581678246,10.750455023720347,106.66144512595692
V370,2026-03-01 07:13:00,SEG_B,15.816250377924591,10.75007898871634,106.66113368047876
V371,2026-03-01 07:13:00,SEG_B,12.109836599972436,10.750352034471804,106.65901137285056
V372,2026-03-01 07:13:00,SEG_B,18.602538224350504,10.750003108550183,106.65925018666172
V373,2026-03-01 07:13:00,SEG_B,13.113365102601175,10.749815824253483,106.65972984487064
V374,2026-03-01 07:13:00,SEG_B,29.17072993814147,10.749901553997692,106.65975610388982
V375,2026-03-01 07:13:00,SEG_B,5.0,10.74910579264802,106.65973692657552
V376,2026-03-01 07:13:00,SEG_B,9.513178590586858,10.751381707593378,106.6598350622246
V377,2026-03-01 07:13:00,SEG_B,25.30755399454602,10.750061704634051,106.6600372278364
V378,2026-03-01 07:13:00,SEG_B,14.289628418299992,10.75000379625162,106.66171879500304
V379,2026-03-01 07:13:00,SEG_B,5.0,10.747998454255562,106.65945682916896
V380,2026-03-01 07:13:00,SEG_B,15.116223055500551,10.750690104424764,106.66047308719804
V381,2026-03-01 07:13:00,SEG_B,11.926032696955438,10.751019043693242,106.66103019540314
V382,2026-03-01 07:13:00,SEG_B,16.472462650172524,10.750962657572488,106.66027264526345
V383,2026-03-01 07:13:00,SEG_B,10.50813578573693,10.750697816839,106.66011061312255
V384,2026-03-01 07:13:00,SEG_B,15.010718774035896,10.75147295357219,106.65754912787146
V398,2026-03-01 07:14:00,SEG_B,6.533751593298902,10.748677458866707,106.6595138058693
V399,2026-03-01 07:14:00,SEG_B,18.36181367579669,10.74989760329339,106.6593494363796
V400,2026-03-01 07:14:00,SEG_B,9.606300306203927,10.749287662935588,106.65912049037134
V401,2026-03-01 07:14:00,SEG_B,33.25306301820849,10.750297511071183,106.6608867590544
V402,2026-03-01 07:14:00,SEG_B,11.087380255048611,10.749814043322814,106.65928644601864
V403,2026-03-01 07:14:00,SEG_B,5.0,10.748621990723151,106.65818938132
V404,2026-03-01 07:14:00,SEG_B,5.0,10.748804641025702,106.66132495567938
V405,2026-03-01 07:14:00,SEG_B,14.644510658365164,10.75129056376232,106.66041098257688
V406,2026-03-01 07:14:00,SEG_B,21.260470605721277,10.749099103004696,106.6605239509542
V407,2026-03-01 07:14:00,SEG_B,20.82971387259477,10.749423352707767,106.6605595403706
V408,2026-03-01 07:14:00,SEG_B,19.529502068598664,10.74945044737887,106.65887723156771
V409,2026-03-01 07:14:00,SEG_B,5.526973344813822,10.75008650554192,106.66032700986878
V410,2026-03-01 07:14:00,SEG_B,8.659793356336685,10.750026585341326,106.66057053703614
V421,2026-03-01 07:15:00,SEG_B,20.201992044626916,10.750593554694904,106.66153696565392
V422,2026-03-01 07:15:00,SEG_B,26.594758409890428,10.749625055310153,106.66037305231843
V423,2026-03-01 07:15:00,SEG_B,10.0111944859343,10.750023355316117,106.65940025055087
V424,2026-03-01 07:15:00,SEG_B,27.96056247308841,10.750363698150345,106.65978197087188
V425,2026-03-01 07:15:00,SEG_B,24.548948574851018,10.747829384590204,106.65798589740513
V426,2026-03-01 07:15:00,SEG_B,21.36670924175819,10.750060468448115,106.66025044630024
V427,2026-03-01 07:15:00,SEG_B,5.0,10.74997676628915,106.6620035094104
V428,2026-03-01 07:15:00,SEG_B,21.593596958366906,10.750169706545142,106.6595609460899
V429,2026-03-01 07:15:00,SEG_B,11.84341718504485,10.7478708021108,106.66025764042092
V430,2026-03-01 07:15:00,SEG_B,21.76386486785483,10.74842438067283,106.65933858310768
V449,2026-03-01 07:16:00,SEG_B,17.82101763133738,10.751912954807732,106.6604661776622
V450,2026-03-01 07:16:00,SEG_B,11.990303169732284,10.749492894719571,106.65958966002664
V451,2026-03-01 07:16:00,SEG_B,12.968298575617752,10.74962219346724,106.66091631144108
V452,2026-03-01 07:16:00,SEG_B,5.0,10.750862000050413,106.65962031347486
V453,2026-03-01 07:16:00,SEG_B,18.015582285562974,10.7488730120898,106.66132863106684
V454,2026-03-01 07:16:00,SEG_B,24.965079681374984,10.750959590525753,106.6584852452242
V455,2026-03-01 07:16:00,SEG_B,21.632968568528423,10.750404855087636,106.65839472875288
V456,2026-03-01 07:16:00,SEG_B,14.805620929833475,10.750364534489034,106.66055607527382
V457,2026-03-01 07:16:00,SEG_B,16.418090935590847,10.750291231416847,106.66147361139224
V458,2026-03-01 07:16:00,SEG_B,24.80827127928544,10.747132945046218,106.65968256144517
V459,2026-03-01 07:16:00,SEG_B,13.68279177964839,10.748247901427272,106.66009418305823
V460,2026-03-01 07:16:00,SEG_B,24.99006217928405,10.748913432140409,106.66033640093868
V461,2026-03-01 07:16:00,SEG_B,7.673412181628498,10.74932808797632,106.66147739363416
V462,2026-03-01 07:16:00,SEG_B,10.6595374391054,10.75046221248901,106.65812878188392
V463,2026-03-01 07:16:00,SEG_B,29.89854049115904,10.750602652446306,106.65981750015736
V464,2026-03-01 07:16:00,SEG_B,19.60437207999916,10.748590180571052,106.66118253074175
V465,2026-03-01 07:16:00,SEG_B,12.408121796028558,10.749795930484952,106.65950834438505
V466,2026-03-01 07:16:00,SEG_B,10.354788778035322,10.750694670611628,106.6602559068501
V477,2026-03-01 07:17:00,SEG_B,5.0,10.748752682530306,106.6611208406514
V478,2026-03-01 07:17:00,SEG_B,9.682991999494952,10.750360591677657,106.65860931457
V479,2026-03-01 07:17:00,SEG_B,26.50964385887385,10.749855972339946,106.66029004039648
V480,2026-03-01 07:17:00,SEG_B,33.60623833505348,10.75151644010059,106.65969343437872
V481,2026-03-01 07:17:00,SEG_B,10.254238521037127,10.74967445498848,106.66050989824848
V482,2026-03-01 07:17:00,SEG_B,14.158206925993031,10.749604755854996,106.6614671812507
V483,2026-03-01 07:17:00,SEG_B,14.086320865777305,10.752299589093038,106.66009074256375
V484,2026-03-01 07:17:00,SEG_B,29.28254715379782,10.75035731942271,106.66096296057324
V485,2026-03-01 07:17:00,SEG_B,9.203111587858205,10.749146240777412,106.660459705955
V486,2026-03-01 07:17:00,SEG_B,22.90842593972252,10.750040256502,106.65871360666492
V500,2026-03-01 07:18:00,SEG_B,14.65493128287274,10.751997514177804,106.6601323465064
V501,2026-03-01 07:18:00,SEG_B,15.543305353354684,10.75054812837964,106.66089560524333
V502,2026-03-01 07:18:00,SEG_B,5.0,10.748317673518208,106.66021029129108
V503,2026-03-01 07:18:00,SEG_B,9.280987504819922,10.75131202526222,106.65968482561011
V504,2026-03-01 07:18:00,SEG_B,5.0,10.748731986083156,106.65725032398036
V505,2026-03-01 07:18:00,SEG_B,13.1269957017367,10.749811615872735,106.6595755372902
V506,2026-03-01 07:18:00,SEG_B,23.63103231223791,10.751198519836516,106.65982961157664
V507,2026-03-01 07:18:00,SEG_B,5.0,10.750617281580492,106.6605553602285
V508,2026-03-01 07:18:00,SEG_B,17.47513256125556,10.750981479749308,106.65883517190352
V509,2026-03-01 07:18:00,SEG_B,31.07004308948111,10.74904057224686,106.6607492229272
V510,2026-03-01 07:18:00,SEG_B,5.0,10.74906973531273,106.66151636864672
V511,2026-03-01 07:18:00,SEG_B,12.9128014159932,10.750839922605133,106.66023695538873
V512,2026-03-01 07:18:00,SEG_B,14.16033475199862,10.751363850324932,106.65976334117536
V526,2026-03-01 07:19:00,SEG_B,5.0,10.74765565669158,106.66094276580122
V527,2026-03-01 07:19:00,SEG_B,7.120040578204465,10.749544472154996,106.65861355774672
V528,2026-03-01 07:19:00,SEG_B,5.0,10.749826162299906,106.65927042280586
V529,2026-03-01 07:19:00,SEG_B,18.023767983957587,10.75045253841898,106.66032084964633
V530,2026-03-01 07:19:00,SEG_B,16.90880632742755,10.751577768204932,106.65893240623096
V531,2026-03-01 07:19:00,SEG_B,14.56052107037666,10.75113268982052,106.66126453980934
V532,2026-03-01 07:19:00,SEG_B,5.0,10.749687644558344,106.66135812109586
V533,2026-03-01 07:19:00,SEG_B,19.064632841592523,10.75019526303148,106.65978231530656
V534,2026-03-01 07:19:00,SEG_B,11.929592594338036,10.75028821906309,106.659747625875
V535,2026-03-01 07:19:00,SEG_B,14.659371031644447,10.750078598706114,106.6593219284715
V536,2026-03-01 07:19:00,SEG_B,19.257034991051505,10.752914244648416,106.65822301336068
V537,2026-03-01 07:19:00,SEG_B,17.59210019351984,10.749239809911382,106.66057740257752
V538,2026-03-01 07:19:00,SEG_B,15.372459786622889,10.750761854774042,106.66117550657653
V551,2026-03-01 07:20:00,SEG_B,6.198915570205553,10.74989733790896,106.66179828770092
V552,2026-03-01 07:20:00,SEG_B,24.53111712233132,10.74930378794842,106.66022396742837
V553,2026-03-01 07:20:00,SEG_B,15.015994851320698,10.750281955867392,106.659301319564
V554,2026-03-01 07:20:00,SEG_B,14.285436778394123,10.748401947624725,106.66013512345188
V555,2026-03-01 07:20:00,SEG_B,18.600165387374656,10.749772580587356,106.65838494910942
V556,2026-03-01 07:20:00,SEG_B,22.9082549028117,10.750364525037991,106.6592739849023
V557,2026-03-01 07:20:00,SEG_B,12.755196425295487,10.748499330597218,106.65897458987222
V558,2026-03-01 07:20:00,SEG_B,10.697509229142884,10.75122842081228,106.65936049660912
V559,2026-03-01 07:20:00,SEG_B,20.12170927463007,10.749461683797138,106.66024794756083
V560,2026-03-01 07:20:00,SEG_B,13.868835982849582,10.750873056600092,106.65946518866178
V561,2026-03-01 07:20:00,SEG_B,5.0,10.748618050968636,106.65946812250606
V562,2026-03-01 07:20:00,SEG_B,5.007520234575578,10.75041021201568,106.65953423183514
V582,2026-03-01 07:21:00,SEG_B,23.793532444382503,10.75062879629361,106.661709943954
V583,2026-03-01 07:21:00,SEG_B,33.14115363119404,10.748969282968067,106.66007041912732
V584,2026-03-01 07:21:00,SEG_B,5.5903974668525365,10.749222394072252,106.65936991748974
V585,2026-03-01 07:21:00,SEG_B,6.542761006893805,10.7489481127271,106.65985571562148
V586,2026-03-01 07:21:00,SEG_B,5.266252652908744,10.750842126959135,106.65908224646256
V587,2026-03-01 07:21:00,SEG_B,37.47655176077114,10.749548615549037,106.66007201764192
V588,2026-03-01 07:21:00,SEG_B,5.0,10.751706091758129,106.6611195006808
V589,2026-03-01 07:21:00,SEG_B,17.3753269658889,10.74865319745122,106.66021066687772
V590,2026-03-01 07:21:00,SEG_B,6.02855163186196,10.751462355263474,106.66080919473184
V591,2026-03-01 07:21:00,SEG_B,15.76351230790189,10.747563624336752,106.65901658402134
V592,2026-03-01 07:21:00,SEG_B,20.50208905279898,10.751212883691723,106.66110916981148
V593,2026-03-01 07:21:00,SEG_B,5.0,10.750301552306812,106.66101551521648
V594,2026-03-01 07:21:00,SEG_B,5.0,10.749992095484629,106.66027384239833
V595,2026-03-01 07:21:00,SEG_B,12.59388332122612,10.7481478381446,106.65967430188992
V596,2026-03-01 07:21:00,SEG_B,12.381556557959808,10.749851927595452,106.65943652857456
V597,2026-03-01 07:21:00,SEG_B,11.455902774068262,10.749960293717653,106.66044245460496
V598,2026-03-01 07:21:00,SEG_B,12.564585897146662,10.749590351071632,106.66009235403826
V599,2026-03-01 07:21:00,SEG_B,5.0,10.750477035127226,106.65999943690288
V600,2026-03-01 07:21:00,SEG_B,15.317548212780494,10.750960734307595,106.65804718446996
V618,2026-03-01 07:22:00,SEG_B,23.1927907187282,10.75028988547592,106.66015723284345
V619,2026-03-01 07:22:00,SEG_B,13.32774195178064,10.7506785239514,106.65962922183051
V620,2026-03-01 07:22:00,SEG_B,16.88455896511915,10.75087193436652,106.65943819345648
V621,2026-03-01 07:22:00,SEG_B,10.070458080074443,10.748805634519275,106.65893552725387
V622,2026-03-01 07:22:00,SEG_B,5.0,10.750729828789016,106.66180891454208
V623,2026-03-01 07:22:00,SEG_B,26.402631547762446,10.748373915511374,106.66072485467156
V624,2026-03-01 07:22:00,SEG_B,26.37685079938845,10.749543190019262,106.66010144743063
V625,2026-03-01 07:22:00,SEG_B,5.0,10.750266736167976,106.65893644027057
V626,2026-03-01 07:22:00,SEG_B,16.597080143292118,10.748438797077812,106.66054285822447
V627,2026-03-01 07:22:00,SEG_B,23.19610140341352,10.749216820138283,106.6588630774186
V628,2026-03-01 07:22:00,SEG_B,5.0,10.749733586465926,106.65941840606573
V629,2026-03-01 07:22:00,SEG_B,5.0,10.750453018756312,106.65955002961812
V630,2026-03-01 07:22:00,SEG_B,6.394112330838141,10.74944542759436,106.66107130453892
V631,2026-03-01 07:22:00,SEG_B,19.823495550041777,10.749869973938502,106.66061910501844
V632,2026-03-01 07:22:00,SEG_B,5.7127043489060885,10.750032370100728,106.66014732233047
V633,2026-03-01 07:22:00,SEG_B,11.241307932010184,10.750435458335955,106.65921956654536
V634,2026-03-01 07:22:00,SEG_B,19.078565662208945,10.750551858771532,106.6570828401193
V645,2026-03-01 07:23:00,SEG_B,11.962588233214616,10.748197143803582,106.65924783913194
V646,2026-03-01 07:23:00,SEG_B,7.727176891173153,10.749128783927974,106.6620009631016
V647,2026-03-01 07:23:00,SEG_B,15.451292537356569,10.750245371008996,106.65822360170364
V648,2026-03-01 07:23:00,SEG_B,9.768294930904624,10.75021530262994,106.65897547108707
V649,2026-03-01 07:23:00,SEG_B,22.264502748143883,10.7487973034141,106.65971363386411
V650,2026-03-01 07:23:00,SEG_B,10.31158688019553,10.750164320659382,106.65935950992814
V651,2026-03-01 07:23:00,SEG_B,12.8328509834325,10.749763869908222,106.6592656122426
V652,2026-03-01 07:23:00,SEG_B,18.8807509479769,10.750238388374838,106.65991138605474
V653,2026-03-01 07:23:00,SEG_B,11.556333332304336,10.75079654403052,106.6597641657562
V654,2026-03-01 07:23:00,SEG_B,12.546421697392503,10.750104690029888,106.66169658668296
V666,2026-03-01 07:24:00,SEG_B,24.510272914830992,10.750625675571596,106.65873545800804
V667,2026-03-01 07:24:00,SEG_B,29.2174627220618,10.750658797368366,106.65998980388436
V668,2026-03-01 07:24:00,SEG_B,27.721750444974237,10.75015929778383,106.65997191692487
V669,2026-03-01 07:24:00,SEG_B,9.717599071824088,10.750581850439309,106.66047660296732
V670,2026-03-01 07:24:00,SEG_B,15.117441119117691,10.749210013646133,106.66012992985416
V671,2026-03-01 07:24:00,SEG_B,14.441609713902896,10.748666525681266,106.65852818764868
V672,2026-03-01 07:24:00,SEG_B,19.521227030478155,10.747398111684948,106.66020541052696
V673,2026-03-01 07:24:00,SEG_B,11.175335537969405,10.75130824660688,106.65950653179084
V674,2026-03-01 07:24:00,SEG_B,20.27587371401517,10.749603086158762,106.66011374815348
V675,2026-03-01 07:24:00,SEG_B,20.89469224736041,10.749537444283677,106.66099655488448
V676,2026-03-01 07:24:00,SEG_B,7.050416983148135,10.750294592842558,106.66092263972278
V689,2026-03-01 07:25:00,SEG_B,15.430020503924016,10.74784399199394,106.65908487534053
V690,2026-03-01 07:25:00,SEG_B,18.25811114988375,10.750387058729396,106.6588463250836
V691,2026-03-01 07:25:00,SEG_B,16.26758440399788,10.75102240722536,106.660777072959
V692,2026-03-01 07:25:00,SEG_B,14.237713703888524,10.749532023686676,106.65937065551566
V693,2026-03-01 07:25:00,SEG_B,18.742558263277257,10.750195103973144,106.6606294040061
V694,2026-03-01 07:25:00,SEG_B,16.054990504969215,10.750818763950347,106.66009459253296
V695,2026-03-01 07:25:00,SEG_B,21.27750972905349,10.750870822770366,106.65919547336978
V696,2026-03-01 07:25:00,SEG_B,5.0,10.751543492856015,106.6602566587307
V697,2026-03-01 07:25:00,SEG_B,5.0,10.749286180502782,106.66077187429237
V698,2026-03-01 07:25:00,SEG_B,12.762585350936856,10.74948793858068,106.6614008818603
V699,2026-03-01 07:25:00,SEG_B,6.621702828929516,10.749201846642244,106.66021138647504
V700,2026-03-01 07:25:00,SEG_B,18.123639456431057,10.75049634303434,106.66091123804456
V714,2026-03-01 07:26:00,SEG_B,6.395421710855876,10.75022429730718,106.6606009592847
V715,2026-03-01 07:26:00,SEG_B,17.660258504781126,10.749190546270905,106.66067748484208
V716,2026-03-01 07:26:00,SEG_B,9.049112583234926,10.749478461355212,106.65905604647529
V717,2026-03-01 07:26:00,SEG_B,25.409266789216247,10.750633421541028,106.66060499337569
V718,2026-03-01 07:26:00,SEG_B,24.977691369139603,10.752812649248238,106.65829077389608
V719,2026-03-01 07:26:00,SEG_B,9.092987352983137,10.749383824915826,106.6591491803776
V720,2026-03-01 07:26:00,SEG_B,6.379334019170299,10.749700346935944,106.6587833962847
V721,2026-03-01 07:26:00,SEG_B,17.680338940299304,10.750051698321428,106.66048102866476
V722,2026-03-01 07:26:00,SEG_B,19.06182761310602,10.750603006853426,106.65962659106316
V723,2026-03-01 07:26:00,SEG_B,31.96914722106934,10.750234431116482,106.65813751524738
V724,2026-03-01 07:26:00,SEG_B,6.98099403387026,10.748259497010972,106.66001733462916
V725,2026-03-01 07:26:00,SEG_B,14.025558207573331,10.7495315743021,106.6620109261124
V726,2026-03-01 07:26:00,SEG_B,19.391862992615287,10.750726098361447,106.65906892651203
V738,2026-03-01 07:27:00,SEG_B,16.87438688301518,10.750150921526808,106.66057928197132
V739,2026-03-01 07:27:00,SEG_B,32.486910131341006,10.75027728953121,106.66048508176706
V740,2026-03-01 07:27:00,SEG_B,6.379509369061397,10.748713092559464,106.66158282944676
V741,2026-03-01 07:27:00,SEG_B,7.612161760533571,10.74895605592853,106.65996090107878
V742,2026-03-01 07:27:00,SEG_B,14.278460692980891,10.749097493493556,106.65969502678128
V743,2026-03-01 07:27:00,SEG_B,24.835005741200835,10.749194006391168,106.65860632751564
V744,2026-03-01 07:27:00,SEG_B,22.54074896719834,10.750492296911938,106.65937948137936
V745,2026-03-01 07:27:00,SEG_B,5.0,10.74925537664356,106.65994529556316
V746,2026-03-01 07:27:00,SEG_B,24.325376719070555,10.74896341802513,106.65991548011849
V747,2026-03-01 07:27:00,SEG_B,20.401157279159182,10.74761873265988,106.66103378616792
V748,2026-03-01 07:27:00,SEG_B,5.540395422348501,10.750331995493458,106.6602466831496
V760,2026-03-01 07:28:00,SEG_B,24.621606452289168,10.749573395016942,106.6611649444452
V761,2026-03-01 07:28:00,SEG_B,22.42193919640964,10.75257251743697,106.65924999826376
V762,2026-03-01 07:28:00,SEG_B,10.940795388796598,10.74969388095154,106.65950977784996
V763,2026-03-01 07:28:00,SEG_B,7.879834001891176,10.747237324494328,106.65956530052628
V764,2026-03-01 07:28:00,SEG_B,17.954864477599237,10.749506778154494,106.66193538118353
V765,2026-03-01 07:28:00,SEG_B,15.1070065017269,10.751291029055183,106.66026142041272
V766,2026-03-01 07:28:00,SEG_B,21.611258479146063,10.750279241553931,106.6613687846319
V767,2026-03-01 07:28:00,SEG_B,15.447514801059206,10.750496120708087,106.66036633293363
V768,2026-03-01 07:28:00,SEG_B,12.693716334981447,10.750404982318924,106.6622343862462
V769,2026-03-01 07:28:00,SEG_B,12.836824463236464,10.750419464892854,106.66125777895088
V770,2026-03-01 07:28:00,SEG_B,24.12202624755424,10.75001171641772,106.65761661129704
V786,2026-03-01 07:29:00,SEG_B,6.19470988612512,10.74976156364902,106.659885222051
V787,2026-03-01 07:29:00,SEG_B,27.743296712982463,10.74964530269704,106.65756075036144
V788,2026-03-01 07:29:00,SEG_B,19.035557181299747,10.749300978146897,106.66004263102444
V789,2026-03-01 07:29:00,SEG_B,14.306362393263012,10.749726296004182,106.66079034058178
V790,2026-03-01 07:29:00,SEG_B,5.0,10.749482985775046,106.66068403791311
V791,2026-03-01 07:29:00,SEG_B,10.087321797245052,10.74839119329073,106.66066855534324
V792,2026-03-01 07:29:00,SEG_B,23.984757043532312,10.749955004792357,106.65803915440152
V793,2026-03-01 07:29:00,SEG_B,20.64775797359053,10.74834011211858,106.66030879927683
V794,2026-03-01 07:29:00,SEG_B,7.900289402062722,10.748840160714233,106.65955808998292
V795,2026-03-01 07:29:00,SEG_B,13.53361954858192,10.749355791749611,106.6605887032782
V796,2026-03-01 07:29:00,SEG_B,11.43144497232933,10.750980190871672,106.66028117316564
V797,2026-03-01 07:29:00,SEG_B,9.419542347229536,10.749134060116168,106.65835250370095
V798,2026-03-01 07:29:00,SEG_B,17.32586542293458,10.749645412452749,106.65762780447191
V799,2026-03-01 07:29:00,SEG_B,10.7142810178448,10.749098965970743,106.66157567759215
V800,2026-03-01 07:29:00,SEG_B,5.0,10.748558649200266,106.6611099696431
V813,2026-03-01 07:30:00,SEG_B,19.329046705744325,10.749172415759263,106.65958946601198
V814,2026-03-01 07:30:00,SEG_B,15.716742138947478,10.750995938684822,106.65939540138382
V815,2026-03-01 07:30:00,SEG_B,5.0,10.74808340253248,106.65874058693328
V816,2026-03-01 07:30:00,SEG_B,5.0,10.74984538924138,106.6588111198464
V817,2026-03-01 07:30:00,SEG_B,9.377960321430368,10.749225914115016,106.65955949213917
V818,2026-03-01 07:30:00,SEG_B,25.580034652184978,10.75066194758943,106.66001612941528
V819,2026-03-01 07:30:00,SEG_B,11.311789755353296,10.749566767343376,106.66032774646996
V820,2026-03-01 07:30:00,SEG_B,19.67335258681832,10.7490923824939,106.6600364807556
V821,2026-03-01 07:30:00,SEG_B,5.0,10.75021171378417,106.66076214924196
V822,2026-03-01 07:30:00,SEG_B,12.759450984952997,10.75181652699614,106.65911876155256
V823,2026-03-01 07:30:00,SEG_B,16.73952332242609,10.749964175253334,106.65989970233257
V824,2026-03-01 07:30:00,SEG_B,14.085422655962018,10.75010710503001,106.66084795874346
V840,2026-03-01 07:31:00,SEG_B,16.164118442684764,10.749825031963288,106.6610456401202
V841,2026-03-01 07:31:00,SEG_B,8.077257343185327,10.74837807487317,106.66061444012288
V842,2026-03-01 07:31:00,SEG_B,20.049906624537183,10.75048024115251,106.66040772836962
V843,2026-03-01 07:31:00,SEG_B,12.435676973299618,10.750787482704386,106.65995444187324
V844,2026-03-01 07:31:00,SEG_B,11.103091513478574,10.749688108687744,106.66202063969877
V845,2026-03-01 07:31:00,SEG_B,5.0,10.750499788104296,106.65832088957237
V846,2026-03-01 07:31:00,SEG_B,14.134133293416214,10.749566372514844,106.65791497170332
V847,2026-03-01 07:31:00,SEG_B,18.112300723470103,10.749619961937809,106.65790079365745
V848,2026-03-01 07:31:00,SEG_B,21.716544726194016,10.751435006177989,106.6614901243423
V849,2026-03-01 07:31:00,SEG_B,17.871651525211767,10.750046058138578,106.6613281566209
V850,2026-03-01 07:31:00,SEG_B,28.459068682720787,10.751133568702876,106.65905846239777
V851,2026-03-01 07:31:00,SEG_B,16.610758825719376,10.750439516144292,106.65819038303108
V852,2026-03-01 07:31:00,SEG_B,18.754885276966192,10.75227299182598,106.6606399361658
V853,2026-03-01 07:31:00,SEG_B,26.78730465153405,10.750182914730129,106.659926781676
V854,2026-03-01 07:31:00,SEG_B,18.050171120647803,10.749184173352017,106.65903622481277
V870,2026-03-01 07:32:00,SEG_B,10.583802167907386,10.74984486686882,106.66135307357754
V871,2026-03-01 07:32:00,SEG_B,26.729622557005456,10.74918320682073,106.65995756618992
V872,2026-03-01 07:32:00,SEG_B,15.721254621340584,10.749013759889484,106.65994431494735
V873,2026-03-01 07:32:00,SEG_B,15.042582883613605,10.751140209478937,106.66120742502832
V874,2026-03-01 07:32:00,SEG_B,12.366324813127935,10.74978604685614,106.66066429230206
V875,2026-03-01 07:32:00,SEG_B,10.318492408583907,10.750588640151737,106.65991209351265
V876,2026-03-01 07:32:00,SEG_B,7.244811378091034,10.74904316328712,106.66144705869604
V877,2026-03-01 07:32:00,SEG_B,13.748628166853612,10.7516403540939,106.65948636373928
V878,2026-03-01 07:32:00,SEG_B,17.329641609051947,10.752392676723018,106.65894261325532
V879,2026-03-01 07:32:00,SEG_B,5.0,10.751286590131286,106.6591731908946
V880,2026-03-01 07:32:00,SEG_B,14.83434908715013,10.74941408178955,106.66026816278097
V881,2026-03-01 07:32:00,SEG_B,7.395710342514063,10.749820059912116,106.66044981532656
V882,2026-03-01 07:32:00,SEG_B,6.933528909805904,10.749299915970354,106.6596526171664
V883,2026-03-01 07:32:00,SEG_B,5.0,10.749577439017202,106.6601187965399
V884,2026-03-01 07:32:00,SEG_B,11.803608467292571,10.749728623507067,106.65998009832909
V895,2026-03-01 07:33:00,SEG_B,8.104141157493,10.750857210353557,106.65888795574564
V896,2026-03-01 07:33:00,SEG_B,21.683015951217847,10.75118614250212,106.66021086460208
V897,2026-03-01 07:33:00,SEG_B,13.590295528304193,10.75040030990831,106.6571384816299
V898,2026-03-01 07:33:00,SEG_B,17.41806574788369,10.74988664600216,106.65994937188694
V899,2026-03-01 07:33:00,SEG_B,20.65226010318262,10.749925231078436,106.65885979314336
V900,2026-03-01 07:33:00,SEG_B,13.868778633396976,10.75006755548408,106.66011493391156
V901,2026-03-01 07:33:00,SEG_B,16.295354938280546,10.751039369044918,106.65891396544696
V902,2026-03-01 07:33:00,SEG_B,16.4056036493188,10.751289929698618,106.65826538850304
V903,2026-03-01 07:33:00,SEG_B,16.43717344624043,10.749414621498026,106.65962928961552
V904,2026-03-01 07:33:00,SEG_B,7.761539974284624,10.7498304492843,106.66184125561442
V921,2026-03-01 07:34:00,SEG_B,18.72397419333024,10.748989131082144,106.6615045067186
V922,2026-03-01 07:34:00,SEG_B,9.71144723354288,10.750501085432624,106.66106597762976
V923,2026-03-01 07:34:00,SEG_B,18.078148353639943,10.75009446999182,106.66001080208486
V924,2026-03-01 07:34:00,SEG_B,14.548471224903142,10.749423301511072,106.65955051657022
V925,2026-03-01 07:34:00,SEG_B,26.83672298920748,10.749891463367314,106.6592142037306
V926,2026-03-01 07:34:00,SEG_B,10.869619225107932,10.751100370680698,106.66067560663316
V927,2026-03-01 07:34:00,SEG_B,19.48263342585805,10.74974247880109,106.66057336247016
V928,2026-03-01 07:34:00,SEG_B,9.851511000394815,10.749740385968654,106.6609698044874
V929,2026-03-01 07:34:00,SEG_B,21.994221431352518,10.749018090154047,106.65914447354707
V930,2026-03-01 07:34:00,SEG_B,15.869617222507276,10.75172613237467,106.65808443483552
V931,2026-03-01 07:34:00,SEG_B,17.226663516564034,10.748623956668428,106.65936566900648
V932,2026-03-01 07:34:00,SEG_B,12.084572655486069,10.749579491656563,106.65946620406034
V933,2026-03-01 07:34:00,SEG_B,15.05765648301096,10.74946474443337,106.65853754261514
V934,2026-03-01 07:34:00,SEG_B,21.23895690018221,10.75075287216715,106.66084317431002
V935,2026-03-01 07:34:00,SEG_B,5.0,10.750298918152584,106.6606759788558
V936,2026-03-01 07:34:00,SEG_B,6.75038345248332,10.750009173248182,106.65988373335468
V945,2026-03-01 07:35:00,SEG_B,13.758957683740796,10.751430919018825,106.66136846939376
V946,2026-03-01 07:35:00,SEG_B,16.947191331204316,10.749178108228456,106.66157537664944
V947,2026-03-01 07:35:00,SEG_B,14.511861191772734,10.75012616519643,106.6596603949744
V948,2026-03-01 07:35:00,SEG_B,7.8816773896224195,10.748531360569684,106.66063286832356
V949,2026-03-01 07:35:00,SEG_B,8.732791568827036,10.753059531228995,106.65891392641738
V950,2026-03-01 07:35:00,SEG_B,5.0,10.750510138715612,106.66152931347897
V951,2026-03-01 07:35:00,SEG_B,15.516717255545773,10.750572242420189,106.65815645258252
V952,2026-03-01 07:35:00,SEG_B,9.579907634465863,10.748926384270865,106.65810495415003
V968,2026-03-01 07:36:00,SEG_B,9.224043682106306,10.750224289399418,106.65872704757126
V969,2026-03-01 07:36:00,SEG_B,9.84435388093827,10.749323753302637,106.66089855528014
V970,2026-03-01 07:36:00,SEG_B,21.405752973357245,10.750276819729333,106.65864957858194
V971,2026-03-01 07:36:00,SEG_B,12.50688452840224,10.749253883517058,106.66086967575669
V972,2026-03-01 07:36:00,SEG_B,24.42547882253748,10.75105638558603,106.65924478058058
V973,2026-03-01 07:36:00,SEG_B,5.0,10.74823303810187,106.66142162697808
V974,2026-03-01 07:36:00,SEG_B,11.789960485441409,10.749249275381734,106.66164266029344
V975,2026-03-01 07:36:00,SEG_B,25.12127956390661,10.75002444872192,106.65970659690892
V976,2026-03-01 07:36:00,SEG_B,13.943190297495,10.750227162798389,106.66160004728133
V977,2026-03-01 07:36:00,SEG_B,18.37973939389781,10.75072602903304,106.66116927010908
V978,2026-03-01 07:36:00,SEG_B,5.6425919918046485,10.750754861892474,106.65970543124531
V979,2026-03-01 07:36:00,SEG_B,5.0,10.747871830458012,106.65898188238847
V980,2026-03-01 07:36:00,SEG_B,19.24978582874065,10.75011379956534,106.66018436670716
V981,2026-03-01 07:36:00,SEG_B,30.607547861493536,10.74873091038514,106.65997256664582
V982,2026-03-01 07:36:00,SEG_B,17.435484182510525,10.74926372688346,106.66002832674508
V991,2026-03-01 07:37:00,SEG_B,26.069762889543995,10.750640729110202,106.66162740133946
V992,2026-03-01 07:37:00,SEG_B,14.527662261559556,10.752390222710652,106.65951460379708
V993,2026-03-01 07:37:00,SEG_B,8.868305326418648,10.74878994715031,106.66233102467156
V994,2026-03-01 07:37:00,SEG_B,21.55558058094318,10.74966587926662,106.66124902269686
V995,2026-03-01 07:37:00,SEG_B,20.50153748094225,10.751966127471375,106.65845216716724
V996,2026-03-01 07:37:00,SEG_B,12.877119133485964,10.749537478616055,106.6580263173236
V997,2026-03-01 07:37:00,SEG_B,23.482617638237556,10.749729603444196,106.660739631205
V998,2026-03-01 07:37:00,SEG_B,33.87817547463689,10.749646756308172,106.65957884701734
V1016,2026-03-01 07:38:00,SEG_B,15.033063061238929,10.750256491978444,106.66043525395716
V1017,2026-03-01 07:38:00,SEG_B,31.61369060687219,10.749154679535025,106.66085904605818
V1018,2026-03-01 07:38:00,SEG_B,16.66200478091299,10.74842890225743,106.66077069878207
V1019,2026-03-01 07:38:00,SEG_B,25.14098848643124,10.749142823596223,106.65999106613212
V1020,2026-03-01 07:38:00,SEG_B,5.0,10.748741193540315,106.6610480295776
V1021,2026-03-01 07:38:00,SEG_B,11.268667951940524,10.748891197025062,106.66022946036443
V1022,2026-03-01 07:38:00,SEG_B,10.820700548551814,10.749529178342224,106.66073932602568
V1023,2026-03-01 07:38:00,SEG_B,5.706133128525227,10.749094634787316,106.66015407999214
V1024,2026-03-01 07:38:00,SEG_B,22.755278325985643,10.75123816030149,106.65933493827964
V1025,2026-03-01 07:38:00,SEG_B,22.499015735357183,10.74921585770653,106.6618262093469
V1026,2026-03-01 07:38:00,SEG_B,5.929831796642173,10.751328478810793,106.65934351389318
V1027,2026-03-01 07:38:00,SEG_B,31.1059716383568,10.750591320728851,106.6589839834706
V1028,2026-03-01 07:38:00,SEG_B,10.822092163659946,10.750781181205223,106.6610526444176
V1029,2026-03-01 07:38:00,SEG_B,14.4342752662043,10.750044658280965,106.66075835303263
V1030,2026-03-01 07:38:00,SEG_B,16.05438741608656,10.74870649514066,106.65918702597536
V1031,2026-03-01 07:38:00,SEG_B,16.880959545213322,10.751215482416498,106.66161598242417
V1032,2026-03-01 07:38:00,SEG_B,21.2362353661716,10.750287290761037,106.66074881388596
V1050,2026-03-01 07:39:00,SEG_B,10.042856135887906,10.7490822910255,106.6588116111454
V1051,2026-03-01 07:39:00,SEG_B,23.51367591086407,10.750688611700978,106.66097666536996
V1052,2026-03-01 07:39:00,SEG_B,15.314504528194371,10.750776807698864,106.65823871059536
V1053,2026-03-01 07:39:00,SEG_B,21.90470014436284,10.750177119830004,106.66062710960014
V1054,2026-03-01 07:39:00,SEG_B,18.040186392388904,10.749012944845465,106.6585019602246
V1055,2026-03-01 07:39:00,SEG_B,9.303566670536297,10.750564917281272,106.66069009141518
V1056,2026-03-01 07:39:00,SEG_B,5.0,10.749018900632532,106.65927676431406
V1057,2026-03-01 07:39:00,SEG_B,12.141559517865474,10.748637949169147,106.65857794823386
V1058,2026-03-01 07:39:00,SEG_B,8.425317628739569,10.750086253836225,106.65881940566024
V1059,2026-03-01 07:39:00,SEG_B,14.073571920225872,10.751058552816142,106.65869822026258
V1060,2026-03-01 07:39:00,SEG_B,13.348433932715684,10.75102475673375,106.65958173160963
V1061,2026-03-01 07:39:00,SEG_B,10.410642473132649,10.751163495814309,106.65969379792102
V1062,2026-03-01 07:39:00,SEG_B,23.835960201644543,10.750428965391126,106.65965715534708
V1063,2026-03-01 07:39:00,SEG_B,18.837524244780244,10.750320449513849,106.661020882821
V1064,2026-03-01 07:39:00,SEG_B,10.613235697079851,10.75004120606678,106.6599384843204
V1065,2026-03-01 07:39:00,SEG_B,20.63318513311828,10.748974820805556,106.66101697704823
V1066,2026-03-01 07:39:00,SEG_B,18.73063017736333,10.748683074926369,106.66120826282548
V1081,2026-03-01 07:40:00,SEG_B,6.262541383304335,10.750330519528587,106.66161191047746
V1082,2026-03-01 07:40:00,SEG_B,11.076302714450316,10.750395142819032,106.65725056461396
V1083,2026-03-01 07:40:00,SEG_B,14.688566396121274,10.749686957714074,106.6591815023976
V1084,2026-03-01 07:40:00,SEG_B,23.65160375702825,10.749673756318376,106.6598225225129
V1085,2026-03-01 07:40:00,SEG_B,11.98245700168743,10.748083184128236,106.65886801355992
V1086,2026-03-01 07:40:00,SEG_B,22.68874788896173,10.74789004935312,106.65923368465036
V1087,2026-03-01 07:40:00,SEG_B,11.80223954968189,10.751743621867291,106.66076860376548
V1088,2026-03-01 07:40:00,SEG_B,10.542635783575204,10.751304513697116,106.6592594841795
V1089,2026-03-01 07:40:00,SEG_B,23.072798429872044,10.748641122754076,106.6610732578318
V1090,2026-03-01 07:40:00,SEG_B,11.750930836232117,10.748971495759058,106.65978285638693
V1091,2026-03-01 07:40:00,SEG_B,17.21875343776172,10.749505251569474,106.660553953506
V1092,2026-03-01 07:40:00,SEG_B,10.33604893068746,10.750620372393932,106.66044222206204
V1093,2026-03-01 07:40:00,SEG_B,14.51261556233652,10.749558617687637,106.66015154079577
V1094,2026-03-01 07:40:00,SEG_B,19.402029944269596,10.752061799152733,106.6609394204218
V1108,2026-03-01 07:41:00,SEG_B,28.500424315893103,10.750782128239097,106.65853173624012
V1109,2026-03-01 07:41:00,SEG_B,13.14106208498583,10.75025663438108,106.66017759111692
V1110,2026-03-01 07:41:00,SEG_B,19.314436423542997,10.74908295105354,106.66006494308756
V1111,2026-03-01 07:41:00,SEG_B,18.362582638209037,10.750825670953304,106.65919428183338
V1112,2026-03-01 07:41:00,SEG_B,12.238745062056816,10.747296182319928,106.6593785380324
V1113,2026-03-01 07:41:00,SEG_B,10.804680856231656,10.748980415491832,106.66016561215022
V1114,2026-03-01 07:41:00,SEG_B,14.552436543637857,10.747740786122424,106.6602155079693
V1115,2026-03-01 07:41:00,SEG_B,7.573406953687781,10.750485688959191,106.65871814875229
V1116,2026-03-01 07:41:00,SEG_B,15.24005230824752,10.749716836671114,106.66030310188496
V1117,2026-03-01 07:41:00,SEG_B,15.997578221210777,10.74974483582498,106.65846372768596
V1118,2026-03-01 07:41:00,SEG_B,5.0,10.749416113060908,106.65999172011608
V1119,2026-03-01 07:41:00,SEG_B,10.134016422407065,10.75062521193058,106.6597207790808
V1120,2026-03-01 07:41:00,SEG_B,7.279898201763918,10.749721903707012,106.66022585983632
V1129,2026-03-01 07:42:00,SEG_B,20.67729492510301,10.751671121228563,106.6604934319882
V1130,2026-03-01 07:42:00,SEG_B,14.6772609077279,10.747804816253478,106.65797755294396
V1131,2026-03-01 07:42:00,SEG_B,16.035276295166952,10.749641937330429,106.65889416481784
V1132,2026-03-01 07:42:00,SEG_B,15.524260646640403,10.750115131367508,106.66094441586854
V1133,2026-03-01 07:42:00,SEG_B,16.092818264101606,10.751228394368336,106.66000799402954
V1134,2026-03-01 07:42:00,SEG_B,14.077320041541311,10.751064312186248,106.65902155911996
V1135,2026-03-01 07:42:00,SEG_B,37.515579626129295,10.750375257478169,106.66038082925284
V1136,2026-03-01 07:42:00,SEG_B,19.20076779178078,10.751877136475333,106.66079250741168
V1154,2026-03-01 07:43:00,SEG_B,22.114770030178796,10.750974751815086,106.66131003969286
V1155,2026-03-01 07:43:00,SEG_B,21.994739427571098,10.751081374793936,106.66073290855743
V1156,2026-03-01 07:43:00,SEG_B,17.124229192931775,10.750089508999764,106.6597627402809
V1157,2026-03-01 07:43:00,SEG_B,5.301053655522194,10.74904468849118,106.65971798551806
V1158,2026-03-01 07:43:00,SEG_B,16.931617276819434,10.751440812598004,106.65995820277212
V1159,2026-03-01 07:43:00,SEG_B,23.027810327021317,10.751079315656431,106.65976855320233
V1160,2026-03-01 07:43:00,SEG_B,19.75752169096147,10.749756471958277,106.66132213589408
V1161,2026-03-01 07:43:00,SEG_B,20.086746706127457,10.748809516245313,106.66016152465215
V1162,2026-03-01 07:43:00,SEG_B,28.18489729459104,10.749818768965453,106.66044771503007
V1163,2026-03-01 07:43:00,SEG_B,19.36703070191316,10.748963377100836,106.6605107079492
V1164,2026-03-01 07:43:00,SEG_B,5.0,10.749374375893598,106.6610757229675
V1165,2026-03-01 07:43:00,SEG_B,17.854050322466865,10.749695522192251,106.66044646102124
V1166,2026-03-01 07:43:00,SEG_B,14.519262017958948,10.750012578502352,106.66065681852672
V1167,2026-03-01 07:43:00,SEG_B,9.181058074726945,10.750040336405554,106.6596877318054
V1168,2026-03-01 07:43:00,SEG_B,5.0,10.74907954424375,106.66156820644706
V1169,2026-03-01 07:43:00,SEG_B,18.077786516681872,10.748676411698598,106.65845964562416
V1170,2026-03-01 07:43:00,SEG_B,14.10268879911533,10.751561186533175,106.6598132418652
V1184,2026-03-01 07:44:00,SEG_B,17.906104633980245,10.749927587661167,106.6593916325041
V1185,2026-03-01 07:44:00,SEG_B,5.0,10.750339641766711,106.66018605284364
V1186,2026-03-01 07:44:00,SEG_B,19.46060674259853,10.748662456306707,106.66064501668932
V1187,2026-03-01 07:44:00,SEG_B,31.436360756966216,10.750078450130776,106.6599383346808
V1188,2026-03-01 07:44:00,SEG_B,17.472018848685607,10.75203233702471,106.6589763522383
V1189,2026-03-01 07:44:00,SEG_B,16.62565546715124,10.749200342577703,106.65945299527915
V1190,2026-03-01 07:44:00,SEG_B,14.603277536944486,10.751347323241614,106.66180099060068
V1191,2026-03-01 07:44:00,SEG_B,18.58513715701365,10.749623405276976,106.66249273886665
V1192,2026-03-01 07:44:00,SEG_B,11.579564149363838,10.74942886408564,106.65822505695542
V1193,2026-03-01 07:44:00,SEG_B,26.16873255395795,10.750968245592372,106.66241780553612
V1194,2026-03-01 07:44:00,SEG_B,5.0,10.75145817080748,106.66007013551835
V1195,2026-03-01 07:44:00,SEG_B,21.44880173440109,10.748352222858896,106.66146808182266
V1196,2026-03-01 07:44:00,SEG_B,21.29213401065464,10.749961089965211,106.66064511268766
V1209,2026-03-01 07:45:00,SEG_B,11.855576499311764,10.75136740152774,106.66005165171444
V1210,2026-03-01 07:45:00,SEG_B,26.43625579654752,10.750256694499043,106.66085323266286
V1211,2026-03-01 07:45:00,SEG_B,20.752744368706693,10.750623291066251,106.66034793447716
V1212,2026-03-01 07:45:00,SEG_B,13.13719427107532,10.751915434691574,106.65909306301492
V1213,2026-03-01 07:45:00,SEG_B,15.034461138745275,10.750014885875208,106.66040244075334
V1214,2026-03-01 07:45:00,SEG_B,11.564218832843991,10.75031474630559,106.6598311574148
V1215,2026-03-01 07:45:00,SEG_B,5.0,10.750009552286256,106.65889943466696
V1216,2026-03-01 07:45:00,SEG_B,5.0,10.75013687332069,106.660487883342
V1217,2026-03-01 07:45:00,SEG_B,19.21358433683661,10.75056717070702,106.65806741097906
V1218,2026-03-01 07:45:00,SEG_B,5.0,10.751973521436812,106.65895279123993
V1219,2026-03-01 07:45:00,SEG_B,19.886728249093512,10.749313062378334,106.66007967273926
V1220,2026-03-01 07:45:00,SEG_B,9.933966381811247,10.75056154115462,106.66013677411732
V1236,2026-03-01 07:46:00,SEG_B,16.976053659873394,10.74926424800975,106.66070135083834
V1237,2026-03-01 07:46:00,SEG_B,37.76235515926111,10.74962520492521,106.66007099471544
V1238,2026-03-01 07:46:00,SEG_B,11.430357885221902,10.749511980098438,106.66154444947811
V1239,2026-03-01 07:46:00,SEG_B,9.61623185818028,10.749525919526633,106.65841250717628
V1240,2026-03-01 07:46:00,SEG_B,8.939106203662021,10.748291600107049,106.6606318046992
V1241,2026-03-01 07:46:00,SEG_B,37.39757777469848,10.74963332120635,106.658333242067
V1242,2026-03-01 07:46:00,SEG_B,22.199997315437862,10.749273075041067,106.66129934693056
V1243,2026-03-01 07:46:00,SEG_B,12.743767617680442,10.749368184310915,106.65982204244423
V1244,2026-03-01 07:46:00,SEG_B,21.062214087489497,10.749772579369244,106.6595032752972
V1245,2026-03-01 07:46:00,SEG_B,13.409347176169025,10.7487281448155,106.66039703160229
V1246,2026-03-01 07:46:00,SEG_B,5.0,10.749555878545635,106.66075938520883
V1247,2026-03-01 07:46:00,SEG_B,17.424386263461734,10.750590320572986,106.65993495432728
V1248,2026-03-01 07:46:00,SEG_B,24.35796944788413,10.75092469919677,106.66044614100424
V1249,2026-03-01 07:46:00,SEG_B,22.420366218508345,10.750750423554404,106.65956053648664
V1250,2026-03-01 07:46:00,SEG_B,5.0,10.750420362125842,106.66054608923083
V1270,2026-03-01 07:47:00,SEG_B,32.14757459821584,10.749822174274712,106.65922522800442
V1271,2026-03-01 07:47:00,SEG_B,26.44879332471438,10.750281808548683,106.66057815491686
V1272,2026-03-01 07:47:00,SEG_B,13.89562339774773,10.749681326909425,106.6598304136275
V1273,2026-03-01 07:47:00,SEG_B,5.0,10.74991207259058,106.66029603307705
V1274,2026-03-01 07:47:00,SEG_B,29.80370587075003,10.750085999065004,106.65766582295778
V1275,2026-03-01 07:47:00,SEG_B,14.248116537723028,10.752739504133109,106.66086636623498
V1276,2026-03-01 07:47:00,SEG_B,8.51288844953129,10.750591106514433,106.65925798657511
V1277,2026-03-01 07:47:00,SEG_B,5.0,10.749651630636766,106.66009152643925
V1278,2026-03-01 07:47:00,SEG_B,5.0,10.748850840709462,106.6600103355632
V1279,2026-03-01 07:47:00,SEG_B,11.734614592088366,10.750394811271146,106.65878533167268
V1280,2026-03-01 07:47:00,SEG_B,20.712909988426404,10.74881624090294,106.66164273430194
V1281,2026-03-01 07:47:00,SEG_B,5.0,10.748907445729616,106.66041737080305
V1282,2026-03-01 07:47:00,SEG_B,28.313866011981105,10.750315043036116,106.66056285792018
V1283,2026-03-01 07:47:00,SEG_B,15.140295213384467,10.748973601545885,106.65950986165176
V1284,2026-03-01 07:47:00,SEG_B,5.304722240149786,10.748721290032224,106.66040174891933
V1285,2026-03-01 07:47:00,SEG_B,6.014576143296306,10.750319554006724,106.65869817724776
V1286,2026-03-01 07:47:00,SEG_B,17.371064160934036,10.749511317431036,106.66140661553364
V1287,2026-03-01 07:47:00,SEG_B,17.58975116463252,10.751235782892994,106.65924435328355
V1288,2026-03-01 07:47:00,SEG_B,15.44914672195334,10.749018912841883,106.65958639475726
V1301,2026-03-01 07:48:00,SEG_B,22.106860198677204,10.750790075549473,106.65857823793095
V1302,2026-03-01 07:48:00,SEG_B,5.0,10.74924445928126,106.6589437345917
V1303,2026-03-01 07:48:00,SEG_B,21.042014207808805,10.750351309675988,106.66109918399378
V1304,2026-03-01 07:48:00,SEG_B,18.171894539287347,10.750208649581872,106.66119972978034
V1305,2026-03-01 07:48:00,SEG_B,18.757818717880387,10.750068100963436,106.66148045303392
V1306,2026-03-01 07:48:00,SEG_B,15.92144706522232,10.749695659395082,106.65916217674122
V1307,2026-03-01 07:48:00,SEG_B,20.62420367236329,10.751237050541842,106.65994941259856
V1308,2026-03-01 07:48:00,SEG_B,25.46332499023871,10.748029984968028,106.65994454662518
V1309,2026-03-01 07:48:00,SEG_B,14.67924070316451,10.749273005627591,106.66238386103798
V1310,2026-03-01 07:48:00,SEG_B,14.47045893848991,10.749592269228396,106.66002596211344
V1311,2026-03-01 07:48:00,SEG_B,5.0,10.749240132074656,106.66098323996944
V1312,2026-03-01 07:48:00,SEG_B,9.968437160537803,10.7491711248372,106.66130952563653
V1322,2026-03-01 07:49:00,SEG_B,24.57302295189608,10.749091937567671,106.66028344143574
V1323,2026-03-01 07:49:00,SEG_B,6.727110883762318,10.74969507782906,106.65930967042084
V1324,2026-03-01 07:49:00,SEG_B,19.81516518885153,10.74932121182616,106.6610116604137
V1325,2026-03-01 07:49:00,SEG_B,13.034233810702409,10.749350396290405,106.65874669473766
V1326,2026-03-01 07:49:00,SEG_B,17.025636082362798,10.750895218402226,106.66027332125654
V1327,2026-03-01 07:49:00,SEG_B,32.91065333131539,10.751429787452471,106.65969247223528
V1328,2026-03-01 07:49:00,SEG_B,12.455780529543446,10.750469696719485,106.65916198081958
V1329,2026-03-01 07:49:00,SEG_B,24.330306452259894,10.750361600521844,106.66025645891084
V1330,2026-03-01 07:49:00,SEG_B,20.49562934216653,10.751722829883368,106.6601709553522
V1344,2026-03-01 07:50:00,SEG_B,18.005842380898855,10.75086581700318,106.66071346046245
V1345,2026-03-01 07:50:00,SEG_B,19.709884983049168,10.749901582591342,106.66024493922704
V1346,2026-03-01 07:50:00,SEG_B,23.50807142761221,10.749347925430596,106.6593715922213
V1347,2026-03-01 07:50:00,SEG_B,16.451451183602895,10.750415279690266,106.65917589350072
V1348,2026-03-01 07:50:00,SEG_B,14.401899492693532,10.74990600122577,106.6577847198844
V1349,2026-03-01 07:50:00,SEG_B,13.243248085929922,10.749842682167152,106.65983970705716
V1350,2026-03-01 07:50:00,SEG_B,26.327314196618147,10.748784201701492,106.6591753774288
V1351,2026-03-01 07:50:00,SEG_B,5.0,10.749519083333826,106.65960435644588
V1352,2026-03-01 07:50:00,SEG_B,10.92018258932595,10.751107677339483,106.66086061752232
V1353,2026-03-01 07:50:00,SEG_B,15.622853794138432,10.74962938694646,106.6610261896681
V1354,2026-03-01 07:50:00,SEG_B,14.841937121313189,10.749181729961082,106.65828375132251
V1355,2026-03-01 07:50:00,SEG_B,11.469484048834538,10.750754643617173,106.66227653868954
V1356,2026-03-01 07:50:00,SEG_B,15.492882769515807,10.74923464448488,106.65881503479171
V1371,2026-03-01 07:51:00,SEG_B,26.06297791232587,10.750201657542634,106.65899084965864
V1373,2026-03-01 07:51:00,SEG_B,17.28099073073818,10.749619375152934,106.6614200279178
V1374,2026-03-01 07:51:00,SEG_B,5.0,10.75009432015638,106.66199442849468
V1375,2026-03-01 07:51:00,SEG_B,14.070405725121969,10.748266698955351,106.6596040820356
V1376,2026-03-01 07:51:00,SEG_B,26.63614432767229,10.75037606959632,106.65916114389049
V1377,2026-03-01 07:51:00,SEG_B,9.518057542567808,10.74944029972885,106.66036119788406
V1378,2026-03-01 07:51:00,SEG_B,25.705569063509223,10.7510524230128,106.66045601218212
V1379,2026-03-01 07:51:00,SEG_B,5.0,10.748672067486009,106.6605332520212
V1380,2026-03-01 07:51:00,SEG_B,5.0,10.749774432978931,106.66030415044618
V1381,2026-03-01 07:51:00,SEG_B,5.89924803709849,10.74897573766564,106.65990587893543
V1382,2026-03-01 07:51:00,SEG_B,19.02920230019243,10.751061518770411,106.66060705343476
V1383,2026-03-01 07:51:00,SEG_B,15.589252759937557,10.749253805246443,106.65892909300416
V1384,2026-03-01 07:51:00,SEG_B,10.91298329336682,10.75040993558498,106.66033662370664
V1404,2026-03-01 07:52:00,SEG_B,16.634781497671632,10.750226108010043,106.65992126420775
V1405,2026-03-01 07:52:00,SEG_B,20.126281074021136,10.750031134852945,106.65915147502464
V1406,2026-03-01 07:52:00,SEG_B,6.611266841379264,10.749247963746347,106.66022213224257
V1407,2026-03-01 07:52:00,SEG_B,14.78435330851834,10.750215343793288,106.66050081313354
V1408,2026-03-01 07:52:00,SEG_B,9.98143259266497,10.751465660168344,106.65973228917296
V1409,2026-03-01 07:52:00,SEG_B,11.532584121747927,10.750482386237332,106.65816348979762
V1410,2026-03-01 07:52:00,SEG_B,8.675724402216645,10.750981072798693,106.65826257807092
V1411,2026-03-01 07:52:00,SEG_B,23.940593575465247,10.75151113656636,106.65963054466218
V1412,2026-03-01 07:52:00,SEG_B,17.334502139410482,10.75111908708485,106.65953321081196
V1413,2026-03-01 07:52:00,SEG_B,21.94220416420945,10.749328851204869,106.65952239770668
V1414,2026-03-01 07:52:00,SEG_B,8.60530828540021,10.750342647199195,106.66115796905255
V1415,2026-03-01 07:52:00,SEG_B,13.527096543062688,10.748728750840089,106.65891729317772
V1416,2026-03-01 07:52:00,SEG_B,18.156795370964325,10.751844116413396,106.66039372499932
V1417,2026-03-01 07:52:00,SEG_B,11.904827594789978,10.750766183966851,106.6597605013644
V1418,2026-03-01 07:52:00,SEG_B,11.973718261086349,10.749041540894304,106.66140844884424
V1419,2026-03-01 07:52:00,SEG_B,5.0,10.75079785920028,106.6595362550622
V1420,2026-03-01 07:52:00,SEG_B,11.717274148387098,10.751692315156118,106.6592858689078
V1421,2026-03-01 07:52:00,SEG_B,9.55944676777272,10.74986960576108,106.6604138473858
V1422,2026-03-01 07:52:00,SEG_B,11.465153741657044,10.748426141069464,106.65913430181912
V1441,2026-03-01 07:53:00,SEG_B,5.0,10.75040712980321,106.66051910299797
V1442,2026-03-01 07:53:00,SEG_B,13.402945402578936,10.74885209712481,106.66008893554088
V1443,2026-03-01 07:53:00,SEG_B,5.0,10.748972769403313,106.65924930206349
V1444,2026-03-01 07:53:00,SEG_B,21.751512567132448,10.749637389049562,106.65955213358822
V1445,2026-03-01 07:53:00,SEG_B,30.63754012328997,10.750352462497188,106.66033899451048
V1446,2026-03-01 07:53:00,SEG_B,12.0423940383298,10.749403628332365,106.65781359355998
V1447,2026-03-01 07:53:00,SEG_B,22.749924255388464,10.750448309705757,106.65982083400678
V1448,2026-03-01 07:53:00,SEG_B,13.902186385309951,10.75073614426226,106.65844528992692
V1449,2026-03-01 07:53:00,SEG_B,10.280949347569557,10.748863697137107,106.66177150928247
V1450,2026-03-01 07:53:00,SEG_B,22.005244254826405,10.747797307358864,106.65848623837336
V1451,2026-03-01 07:53:00,SEG_B,13.941234613140107,10.749527559787929,106.65867561779191
V1452,2026-03-01 07:53:00,SEG_B,30.558097901203915,10.750312539913985,106.66047481632286
V1453,2026-03-01 07:53:00,SEG_B,9.46388040614229,10.750722274147178,106.65961956723902
V1454,2026-03-01 07:53:00,SEG_B,12.733254610340005,10.750611001959824,106.65837100243492
V1455,2026-03-01 07:53:00,SEG_B,27.77622287880786,10.750182389214723,106.66128094420878
V1456,2026-03-01 07:53:00,SEG_B,6.396641947049453,10.749076834875972,106.6588380997784
V1457,2026-03-01 07:53:00,SEG_B,17.00238138131871,10.750065983301916,106.65953558818076
V1458,2026-03-01 07:53:00,SEG_B,6.887446456917765,10.748733403730268,106.65995151609953
V1472,2026-03-01 07:54:00,SEG_B,5.0,10.749962839215064,106.65897973670788
V1473,2026-03-01 07:54:00,SEG_B,15.810456441226108,10.748922263641951,106.66042424813745
V1474,2026-03-01 07:54:00,SEG_B,15.154619389339118,10.75140036591688,106.6600067345341
V1475,2026-03-01 07:54:00,SEG_B,8.85085756030827,10.749753114144172,106.65865576360298
V1476,2026-03-01 07:54:00,SEG_B,18.24909803764352,10.750589850246316,106.6624691960367
V1477,2026-03-01 07:54:00,SEG_B,10.025312075164765,10.749732205426325,106.65942424147556
V1478,2026-03-01 07:54:00,SEG_B,16.696909609049793,10.75038169053448,106.65994662515556
V1479,2026-03-01 07:54:00,SEG_B,23.690607334984257,10.749383020496245,106.66098617404788
V1480,2026-03-01 07:54:00,SEG_B,19.30798282912866,10.7499879700801,106.65968506335923
V1481,2026-03-01 07:54:00,SEG_B,34.413342069850955,10.749182991349258,106.66029793317696
V1482,2026-03-01 07:54:00,SEG_B,8.99824743806294,10.75178562074862,106.6608868263288
V1483,2026-03-01 07:54:00,SEG_B,9.573200969270848,10.750512594993433,106.66025769572128
V1484,2026-03-01 07:54:00,SEG_B,10.867001904202093,10.750758164217228,106.6603893053911
V1497,2026-03-01 07:55:00,SEG_B,21.4729399070848,10.74984038733248,106.65971109411916
V1498,2026-03-01 07:55:00,SEG_B,5.0,10.748943755007335,106.66031835922657
V1499,2026-03-01 07:55:00,SEG_B,13.89694248846211,10.750074927078566,106.66103925360964
V1500,2026-03-01 07:55:00,SEG_B,5.501415127501804,10.749763819697767,106.6601887109634
V1501,2026-03-01 07:55:00,SEG_B,9.366720499403872,10.751431477113927,106.6609085868016
V1502,2026-03-01 07:55:00,SEG_B,17.321066616710045,10.751794231779328,106.6585011047204
V1503,2026-03-01 07:55:00,SEG_B,14.938189751154546,10.750366336968934,106.6590854449532
V1504,2026-03-01 07:55:00,SEG_B,17.405716334541825,10.748893417506212,106.66069055731828
V1505,2026-03-01 07:55:00,SEG_B,23.46267814503125,10.750272333401128,106.65814720218494
V1506,2026-03-01 07:55:00,SEG_B,7.2656518306717235,10.750564710003212,106.6600211986435
V1507,2026-03-01 07:55:00,SEG_B,5.0,10.751242830383868,106.66013665650624
V1508,2026-03-01 07:55:00,SEG_B,8.44740268799964,10.750994955597566,106.6593224599871
V1520,2026-03-01 07:56:00,SEG_B,19.047080516282875,10.751501601872633,106.65829336269368
V1521,2026-03-01 07:56:00,SEG_B,11.33273380357474,10.750848516105387,106.66154589647978
V1522,2026-03-01 07:56:00,SEG_B,16.920572101136642,10.74970729583558,106.66075711836866
V1523,2026-03-01 07:56:00,SEG_B,21.949621401853463,10.749640338321331,106.66033030731218
V1524,2026-03-01 07:56:00,SEG_B,24.444218099295757,10.751890458993277,106.66074260495922
V1525,2026-03-01 07:56:00,SEG_B,15.353111173324743,10.749945924823962,106.6605573965572
V1526,2026-03-01 07:56:00,SEG_B,14.074617260164398,10.750189640499022,106.65894212373549
V1527,2026-03-01 07:56:00,SEG_B,25.376457571929272,10.748859815272851,106.65956788823956
V1528,2026-03-01 07:56:00,SEG_B,15.78074608681451,10.751990986879887,106.65957731701516
V1529,2026-03-01 07:56:00,SEG_B,9.67187348831683,10.749449183082666,106.6616588971676
V1530,2026-03-01 07:56:00,SEG_B,5.0,10.748997261987853,106.66273128870915
V1547,2026-03-01 07:57:00,SEG_B,21.36194409659007,10.75185286497494,106.65921299801651
V1548,2026-03-01 07:57:00,SEG_B,5.0,10.749553874391648,106.66055821857556
V1549,2026-03-01 07:57:00,SEG_B,16.212135773983828,10.750275472610967,106.66132091000269
V1550,2026-03-01 07:57:00,SEG_B,18.0564605957,10.750798912927593,106.65906043725816
V1551,2026-03-01 07:57:00,SEG_B,6.236850486271706,10.751614113923024,106.66010090153516
V1552,2026-03-01 07:57:00,SEG_B,10.01416653243092,10.749378605506452,106.65935087687836
V1553,2026-03-01 07:57:00,SEG_B,9.328327831633269,10.748716852197395,106.65849957959776
V1554,2026-03-01 07:57:00,SEG_B,13.439964978764646,10.74940707412968,106.66110715928544
V1555,2026-03-01 07:57:00,SEG_B,17.344613226135333,10.750265317680078,106.65925687959243
V1556,2026-03-01 07:57:00,SEG_B,14.031772673760194,10.75036100110363,106.66071619573972
V1557,2026-03-01 07:57:00,SEG_B,14.248865387853076,10.751079123779324,106.66000798930892
V1558,2026-03-01 07:57:00,SEG_B,21.34277694814144,10.74951014779141,106.65818741163343
V1559,2026-03-01 07:57:00,SEG_B,17.14687190414818,10.750725324063149,106.6605753473318
V1560,2026-03-01 07:57:00,SEG_B,18.37749329149952,10.749651413034044,106.65919325374855
V1561,2026-03-01 07:57:00,SEG_B,19.413826152350243,10.750426447416196,106.65943910090915
V1562,2026-03-01 07:57:00,SEG_B,23.87539351353645,10.749117134485452,106.6594164766212
V1578,2026-03-01 07:58:00,SEG_B,37.85978460371765,10.750301124742853,106.66160636115065
V1579,2026-03-01 07:58:00,SEG_B,24.645385161535643,10.750368010036494,106.65901080422836
V1580,2026-03-01 07:58:00,SEG_B,23.47802888654588,10.748501889658352,106.66160087512368
V1581,2026-03-01 07:58:00,SEG_B,16.600042465746043,10.7473497764527,106.65965949390495
V1582,2026-03-01 07:58:00,SEG_B,20.231582567383523,10.74976297612696,106.660715005811
V1583,2026-03-01 07:58:00,SEG_B,8.199806658301636,10.748694017627212,106.65992855459696
V1584,2026-03-01 07:58:00,SEG_B,15.252525338319318,10.749651615648938,106.66122729114664
V1585,2026-03-01 07:58:00,SEG_B,8.198340998887538,10.750313165607333,106.66006796997117
V1586,2026-03-01 07:58:00,SEG_B,5.0,10.748680969816332,106.66001191101624
V1587,2026-03-01 07:58:00,SEG_B,30.84959998949571,10.7505792698119,106.65827436517483
V1588,2026-03-01 07:58:00,SEG_B,5.0,10.750733053593004,106.65990378651706
V1589,2026-03-01 07:58:00,SEG_B,24.13012775608296,10.749119282079288,106.66035021249786
V1590,2026-03-01 07:58:00,SEG_B,21.7693877042229,10.749552536361794,106.65957391442976
V1591,2026-03-01 07:58:00,SEG_B,15.202102648787124,10.75054267634656,106.65998566599548
V1592,2026-03-01 07:58:00,SEG_B,22.791970702075893,10.749538064810732,106.65867160479452
V1609,2026-03-01 07:59:00,SEG_B,13.122585472621914,10.751211748907195,106.65853410850497
V1610,2026-03-01 07:59:00,SEG_B,9.850020597869996,10.749470961502432,106.65977671027794
V1611,2026-03-01 07:59:00,SEG_B,5.0,10.75059528606034,106.66066628728252
V1612,2026-03-01 07:59:00,SEG_B,19.06700260014358,10.74912962632571,106.6600865107908
V1613,2026-03-01 07:59:00,SEG_B,7.8044780834473,10.74966740333923,106.66215346792715
V1614,2026-03-01 07:59:00,SEG_B,15.765563020770047,10.748812473424012,106.66018033534066
V1615,2026-03-01 07:59:00,SEG_B,5.0,10.748800989607483,106.65895887686403
V1616,2026-03-01 07:59:00,SEG_B,11.445524382434533,10.750936968995587,106.660578398198
V1617,2026-03-01 07:59:00,SEG_B,19.183962625978623,10.748901075434407,106.65945868564457
V1618,2026-03-01 07:59:00,SEG_B,17.176008855065508,10.749371680014612,106.6597216335597
V1619,2026-03-01 07:59:00,SEG_B,18.5308695402396,10.7496512273188,106.66022605958908
V1620,2026-03-01 07:59:00,SEG_B,27.741827648156548,10.749828141201013,106.66117933780971
V1621,2026-03-01 07:59:00,SEG_B,19.474960538458863,10.748532758006514,106.65889786297072
V1622,2026-03-01 07:59:00,SEG_B,8.331232935440829,10.749145165083068,106.65990971025388
V1623,2026-03-01 07:59:00,SEG_B,19.917152384654575,10.751255158416704,106.66030817508872
V1624,2026-03-01 07:59:00,SEG_B,11.43456355157432,10.74791775875637,106.6600705895754
V1638,2026-03-01 08:00:00,SEG_B,12.88465029820237,10.749243090127235,106.6598387705688
V1639,2026-03-01 08:00:00,SEG_B,30.11503636813883,10.751385059627047,106.660354478955
V1640,2026-03-01 08:00:00,SEG_B,14.79764587548038,10.750844201190692,106.6611299703941
V1641,2026-03-01 08:00:00,SEG_B,8.361452942339767,10.749922561132369,106.65817804177044
V1642,2026-03-01 08:00:00,SEG_B,23.98481688208716,10.752065024257702,106.66008008262462
V1643,2026-03-01 08:00:00,SEG_B,5.0,10.750608890516578,106.65909591083384
V1644,2026-03-01 08:00:00,SEG_B,9.69320446668432,10.750626576389791,106.66025455412552
V1645,2026-03-01 08:00:00,SEG_B,11.095129797291186,10.7493503943674,106.66012583605522
V1646,2026-03-01 08:00:00,SEG_B,11.72427557990106,10.748890762866395,106.65966743681852
V1647,2026-03-01 08:00:00,SEG_B,17.716740986041472,10.74982189653318,106.65858649140176
V1648,2026-03-01 08:00:00,SEG_B,22.912516971004315,10.747261188563057,106.65955363484495
V1649,2026-03-01 08:00:00,SEG_B,10.038412363568671,10.750148178877872,106.6605616618078
V1650,2026-03-01 08:00:00,SEG_B,24.014118466088284,10.749287595126647,106.66058658233732
V1666,2026-03-01 08:01:00,SEG_B,14.033851386607944,10.74982988080887,106.66082474274654
V1667,2026-03-01 08:01:00,SEG_B,5.0,10.751161866360864,106.660820599295
V1668,2026-03-01 08:01:00,SEG_B,25.0163485095893,10.749947278623996,106.6610138968341
V1669,2026-03-01 08:01:00,SEG_B,5.0,10.750713047565204,106.65922883723788
V1670,2026-03-01 08:01:00,SEG_B,5.0,10.748875859481837,106.66000553113862
V1671,2026-03-01 08:01:00,SEG_B,8.405606334259172,10.750376073531696,106.658191762445
V1672,2026-03-01 08:01:00,SEG_B,5.0,10.751372387434143,106.6609038001294
V1673,2026-03-01 08:01:00,SEG_B,6.60562531268954,10.74999700035653,106.6610195070602
V1674,2026-03-01 08:01:00,SEG_B,18.353604866324844,10.750148223096184,106.66109515408132
V1675,2026-03-01 08:01:00,SEG_B,9.154300198390237,10.750031178448666,106.6599821513617
V1676,2026-03-01 08:01:00,SEG_B,12.81790361863166,10.74961019448858,106.66007286823782
V1677,2026-03-01 08:01:00,SEG_B,15.27525996788422,10.748951572357466,106.66080179590988
V1678,2026-03-01 08:01:00,SEG_B,7.188918337869934,10.749781766555452,106.65970471952728
V1679,2026-03-01 08:01:00,SEG_B,17.864828901273725,10.747880896059783,106.66089090981492
V1680,2026-03-01 08:01:00,SEG_B,9.584077219102689,10.751219963294776,106.65952183507548
V1690,2026-03-01 08:02:00,SEG_B,6.823302032186426,10.74912224393447,106.66160619916002
V1691,2026-03-01 08:02:00,SEG_B,23.338842536237475,10.749864472182209,106.6600365596644
V1692,2026-03-01 08:02:00,SEG_B,8.467650990426229,10.750890027157745,106.65962009817588
V1693,2026-03-01 08:02:00,SEG_B,12.919387684360006,10.75060878977153,106.65981200506192
V1694,2026-03-01 08:02:00,SEG_B,13.12027205201723,10.750010575205527,106.6607953554138
V1695,2026-03-01 08:02:00,SEG_B,28.171944603870664,10.750585486232248,106.6608033142236
V1696,2026-03-01 08:02:00,SEG_B,13.401167503191004,10.74929220213683,106.66065398623223
V1697,2026-03-01 08:02:00,SEG_B,16.36992659680457,10.748577371351251,106.65967193037658
V1698,2026-03-01 08:02:00,SEG_B,14.336823812147571,10.749489542132972,106.66148173559452
V1717,2026-03-01 08:03:00,SEG_B,9.64763900660942,10.749920153635896,106.65993968574688
V1718,2026-03-01 08:03:00,SEG_B,38.96991276318514,10.748922772125525,106.66022896993566
V1719,2026-03-01 08:03:00,SEG_B,19.932061939742425,10.74999842799553,106.66011018057776
V1720,2026-03-01 08:03:00,SEG_B,6.641528845547303,10.750106486194603,106.66051139899618
V1721,2026-03-01 08:03:00,SEG_B,17.62080467416903,10.750570200903912,106.66141260790064
V1722,2026-03-01 08:03:00,SEG_B,22.49573233531473,10.750071294613498,106.65882824164812
V1723,2026-03-01 08:03:00,SEG_B,10.199957802311044,10.749780368848082,106.66025234583134
V1724,2026-03-01 08:03:00,SEG_B,11.17333790800484,10.749064266800817,106.65881180131088
V1725,2026-03-01 08:03:00,SEG_B,5.0,10.749765049296226,106.65853033455792
V1726,2026-03-01 08:03:00,SEG_B,6.995794526740863,10.749606098127156,106.6586640826906
V1727,2026-03-01 08:03:00,SEG_B,18.038017507989576,10.750740223063604,106.65945057298022
V1728,2026-03-01 08:03:00,SEG_B,11.503781539119986,10.75053742977014,106.65928600490275
V1729,2026-03-01 08:03:00,SEG_B,8.73812870722164,10.751196498478189,106.66088418773872
V1730,2026-03-01 08:03:00,SEG_B,19.812400018751354,10.750925644621391,106.65802272127463
V1731,2026-03-01 08:03:00,SEG_B,25.83068437434486,10.750392062116584,106.661010781384
V1732,2026-03-01 08:03:00,SEG_B,18.0972942329309,10.75004892482468,106.65972469078764
V1733,2026-03-01 08:03:00,SEG_B,17.937155015089644,10.749688252091095,106.66086787610006
V1734,2026-03-01 08:03:00,SEG_B,5.0,10.749458424138206,106.66204482324848
V1746,2026-03-01 08:04:00,SEG_B,20.925141678744595,10.74924687560621,106.66087249850214
V1747,2026-03-01 08:04:00,SEG_B,23.86678062304031,10.749380682675376,106.66059031109457
V1748,2026-03-01 08:04:00,SEG_B,9.710746171090868,10.748154121125372,106.66012330940444
V1749,2026-03-01 08:04:00,SEG_B,11.233008962273914,10.749559910989412,106.66197534311785
V1750,2026-03-01 08:04:00,SEG_B,5.0,10.750382871135372,106.65900519276283
V1751,2026-03-01 08:04:00,SEG_B,22.2660912741386,10.750298431236176,106.66037934434918
V1752,2026-03-01 08:04:00,SEG_B,7.440883059181921,10.749234412086713,106.66092725050734
V1753,2026-03-01 08:04:00,SEG_B,29.166381773820504,10.750480307817224,106.65910257927922
V1754,2026-03-01 08:04:00,SEG_B,17.711508179696544,10.752427472044335,106.66010242281072
V1755,2026-03-01 08:04:00,SEG_B,26.694726875148795,10.749259670634162,106.65995791394836
V1756,2026-03-01 08:04:00,SEG_B,19.95652164900434,10.750397328308264,106.65923361131988
V1774,2026-03-01 08:05:00,SEG_B,22.931488746540104,10.749173034156453,106.65999517162771
V1775,2026-03-01 08:05:00,SEG_B,21.94453199080938,10.748063998870917,106.6599424302376
V1776,2026-03-01 08:05:00,SEG_B,11.565669035619692,10.749866170142244,106.65949837144362
V1777,2026-03-01 08:05:00,SEG_B,16.100996841658365,10.751923627220425,106.65967607752609
V1778,2026-03-01 08:05:00,SEG_B,17.333688072752853,10.75199474641841,106.65944998442164
V1779,2026-03-01 08:05:00,SEG_B,29.517402791431756,10.750005323006627,106.66178189622586
V1780,2026-03-01 08:05:00,SEG_B,21.001608999570557,10.750307108362582,106.65993436931812
V1781,2026-03-01 08:05:00,SEG_B,10.007668480966316,10.750075791549964,106.66089736145902
V1782,2026-03-01 08:05:00,SEG_B,14.895108552026636,10.749683377194938,106.65974921746582
V1783,2026-03-01 08:05:00,SEG_B,22.939812908664425,10.7512251614551,106.65933284948623
V1784,2026-03-01 08:05:00,SEG_B,9.651297140420082,10.750379358919668,106.66152753206477
V1785,2026-03-01 08:05:00,SEG_B,24.16792246650048,10.74874814778782,106.65973592403
V1786,2026-03-01 08:05:00,SEG_B,7.555171562483902,10.749732487478084,106.66160440999604
V1787,2026-03-01 08:05:00,SEG_B,5.0,10.74838113470672,106.65917144584655
V1788,2026-03-01 08:05:00,SEG_B,17.298484820607943,10.75062075482064,106.66043744843486
V1789,2026-03-01 08:05:00,SEG_B,24.40548322584813,10.748236914405766,106.66118833653836
V1790,2026-03-01 08:05:00,SEG_B,12.503237439629668,10.750731494309806,106.65867657457324
V1803,2026-03-01 08:06:00,SEG_B,14.953859630537734,10.74867010897756,106.6607277861503
V1804,2026-03-01 08:06:00,SEG_B,14.576330690695777,10.751161734790015,106.65929226122051
V1805,2026-03-01 08:06:00,SEG_B,5.0,10.749965973997316,106.66129595268828
V1806,2026-03-01 08:06:00,SEG_B,16.287537092928407,10.749800330200827,106.65912965298234
V1807,2026-03-01 08:06:00,SEG_B,29.062131733446577,10.748970397405117,106.65927460574235
V1808,2026-03-01 08:06:00,SEG_B,19.560273568672184,10.748143979310113,106.66127459066536
V1809,2026-03-01 08:06:00,SEG_B,19.993544913738845,10.750899231071813,106.66055811701196
V1810,2026-03-01 08:06:00,SEG_B,13.71101186034904,10.748936851289844,106.65985992455876
V1811,2026-03-01 08:06:00,SEG_B,7.1981095059789215,10.750486155310076,106.66080677983057
V1812,2026-03-01 08:06:00,SEG_B,26.81446904958566,10.750371767640551,106.6609245753566
V1813,2026-03-01 08:06:00,SEG_B,12.622842102158865,10.749521722861992,106.6604736718908
V1814,2026-03-01 08:06:00,SEG_B,11.908217018264727,10.750269185788827,106.65893880781066
V1832,2026-03-01 08:07:00,SEG_B,16.735694588916193,10.749772322370816,106.659962546915
V1833,2026-03-01 08:07:00,SEG_B,9.247316168892304,10.750610130503798,106.65995654936548
V1834,2026-03-01 08:07:00,SEG_B,16.331590751585825,10.750357141924429,106.65884541438557
V1835,2026-03-01 08:07:00,SEG_B,7.845735824943584,10.747790055540383,106.66056474225849
V1836,2026-03-01 08:07:00,SEG_B,5.302319810025869,10.750132569709896,106.66037098822494
V1837,2026-03-01 08:07:00,SEG_B,19.81882271114016,10.748795983086165,106.65993483838186
V1838,2026-03-01 08:07:00,SEG_B,28.362243366301996,10.751714314679983,106.66098732309402
V1839,2026-03-01 08:07:00,SEG_B,17.699945110550715,10.748994893611156,106.6607186216254
V1840,2026-03-01 08:07:00,SEG_B,13.735830170025274,10.750560528275273,106.65936715654514
V1841,2026-03-01 08:07:00,SEG_B,13.616535097280568,10.750164147360076,106.66024627809148
V1842,2026-03-01 08:07:00,SEG_B,18.949781715681983,10.749420805015475,106.65865671554788
V1843,2026-03-01 08:07:00,SEG_B,27.99828031919836,10.752489254169024,106.6604474207112
V1844,2026-03-01 08:07:00,SEG_B,5.0,10.749226804883158,106.66050911756903
V1845,2026-03-01 08:07:00,SEG_B,25.728924893450287,10.74878710936546,106.65987566717916
V1846,2026-03-01 08:07:00,SEG_B,16.567456515551754,10.750864578451283,106.6596563989056
V1847,2026-03-01 08:07:00,SEG_B,5.0,10.750621197559452,106.66112479596516
V1848,2026-03-01 08:07:00,SEG_B,14.339268306038717,10.750405240091306,106.65952550877056
V1868,2026-03-01 08:08:00,SEG_B,18.569102617918293,10.751150839749153,106.6603638870038
V1869,2026-03-01 08:08:00,SEG_B,19.678621096476903,10.74958832388766,106.65813861024478
V1870,2026-03-01 08:08:00,SEG_B,20.53491217869652,10.751749753919446,106.66112958085422
V1871,2026-03-01 08:08:00,SEG_B,5.0,10.748485105592788,106.6591540322582
V1872,2026-03-01 08:08:00,SEG_B,5.0,10.750044189919556,106.66039341580516
V1873,2026-03-01 08:08:00,SEG_B,5.0,10.750777128459276,106.66060110394402
V1874,2026-03-01 08:08:00,SEG_B,10.614727001250376,10.749827478014016,106.65805019882434
V1875,2026-03-01 08:08:00,SEG_B,12.341902749703408,10.75000738497413,106.66016874759522
V1876,2026-03-01 08:08:00,SEG_B,18.031015296161392,10.75024424174323,106.65973565630271
V1877,2026-03-01 08:08:00,SEG_B,17.289559540434535,10.75100203199331,106.65990450192668
V1878,2026-03-01 08:08:00,SEG_B,17.540759126653413,10.749813828937336,106.65935324108352
V1879,2026-03-01 08:08:00,SEG_B,19.183037335340835,10.74944477405583,106.660386146901
V1880,2026-03-01 08:08:00,SEG_B,15.226042972080364,10.74969606532348,106.65967185716784
V1881,2026-03-01 08:08:00,SEG_B,10.935032060674503,10.748354198827911,106.66038289509515
V1882,2026-03-01 08:08:00,SEG_B,16.852374602226565,10.750849670252448,106.65946854309767
V1883,2026-03-01 08:08:00,SEG_B,30.16306900381334,10.749620264052153,106.6591248903578
V1884,2026-03-01 08:08:00,SEG_B,7.050520641258681,10.74826607759677,106.66153262789238
V1885,2026-03-01 08:08:00,SEG_B,25.96853912614929,10.750600745162885,106.65910391119222
V1886,2026-03-01 08:08:00,SEG_B,29.49014145247296,10.749648280838478,106.65973097416877
V1903,2026-03-01 08:09:00,SEG_B,24.05852754037876,10.750583525091834,106.6606536827088
V1904,2026-03-01 08:09:00,SEG_B,19.16576718961391,10.750868472321502,106.65818124223088
V1905,2026-03-01 08:09:00,SEG_B,5.0,10.74926399209981,106.65987017982832
V1906,2026-03-01 08:09:00,SEG_B,18.10509538646544,10.750324681653227,106.66111710581146
V1907,2026-03-01 08:09:00,SEG_B,24.18796238864281,10.749127614891709,106.66023857611005
V1908,2026-03-01 08:09:00,SEG_B,8.217347618225293,10.749811752961646,106.66032179136904
V1909,2026-03-01 08:09:00,SEG_B,5.0,10.75241124403964,106.6605664086774
V1910,2026-03-01 08:09:00,SEG_B,10.234373796692752,10.751927369755231,106.65965256882951
V1911,2026-03-01 08:09:00,SEG_B,16.060155086624462,10.749512884189604,106.66165199183745
V1912,2026-03-01 08:09:00,SEG_B,14.160122349552957,10.75014948410074,106.66120378215302
V1913,2026-03-01 08:09:00,SEG_B,19.68111565968861,10.749945651934866,106.66111039097235
V1914,2026-03-01 08:09:00,SEG_B,35.30786583542361,10.7503174104488,106.66011676008787
V1915,2026-03-01 08:09:00,SEG_B,16.365016668952652,10.751310429500831,106.65940080226495
V1916,2026-03-01 08:09:00,SEG_B,12.773459522306712,10.748462557050871,106.65881613213736
V1917,2026-03-01 08:09:00,SEG_B,10.857599978416236,10.74994406300594,106.66176908332577
V1918,2026-03-01 08:09:00,SEG_B,19.2879424394018,10.74908792148981,106.65927201951465
V1933,2026-03-01 08:10:00,SEG_B,16.61854544446684,10.749188703665212,106.659825070118
V1934,2026-03-01 08:10:00,SEG_B,5.0,10.750926376747833,106.65922932074032
V1935,2026-03-01 08:10:00,SEG_B,14.722749188696168,10.748573306578702,106.65941764640054
V1936,2026-03-01 08:10:00,SEG_B,12.763270771859782,10.74998870915304,106.66047973251553
V1937,2026-03-01 08:10:00,SEG_B,26.512600667889764,10.750732710942769,106.66096216454314
V1938,2026-03-01 08:10:00,SEG_B,26.568832879545106,10.750569707881525,106.65996329280438
V1939,2026-03-01 08:10:00,SEG_B,23.072895250040443,10.751073009285962,106.66064856583796
V1940,2026-03-01 08:10:00,SEG_B,5.0,10.749158539846905,106.65972514589596
V1941,2026-03-01 08:10:00,SEG_B,21.236968165887195,10.74997865358093,106.66113686863343
V1942,2026-03-01 08:10:00,SEG_B,25.52189302995425,10.751199170468675,106.66120554056448
V1943,2026-03-01 08:10:00,SEG_B,6.704048762730254,10.750482635499456,106.65939247095903
V1944,2026-03-01 08:10:00,SEG_B,5.0,10.749712528867944,106.66132473696562
V1945,2026-03-01 08:10:00,SEG_B,18.68593608094771,10.752017809371608,106.66017723014528
V1946,2026-03-01 08:10:00,SEG_B,34.58242202874326,10.750177521225517,106.66002248029616
V1964,2026-03-01 08:11:00,SEG_B,7.3427773775348015,10.74989671158496,106.66089578051104
V1965,2026-03-01 08:11:00,SEG_B,19.730023536386177,10.75017203113678,106.66052893554696
V1966,2026-03-01 08:11:00,SEG_B,9.463310746973043,10.749755877228248,106.65997990545162
V1967,2026-03-01 08:11:00,SEG_B,5.0,10.748838689795278,106.65887843393872
V1968,2026-03-01 08:11:00,SEG_B,21.112865789470195,10.750245354948571,106.66061106120009
V1969,2026-03-01 08:11:00,SEG_B,5.0,10.748516433313949,106.66066321544024
V1970,2026-03-01 08:11:00,SEG_B,5.0,10.7512246293576,106.65817668285648
V1971,2026-03-01 08:11:00,SEG_B,21.746759135399827,10.749111415375245,106.66104890371516
V1972,2026-03-01 08:11:00,SEG_B,40.66528731133196,10.74772682236988,106.66069537714786
V1973,2026-03-01 08:11:00,SEG_B,5.0,10.750426768922216,106.65979322783645
V1974,2026-03-01 08:11:00,SEG_B,16.038258579694748,10.749088313723671,106.66078054110947
V1975,2026-03-01 08:11:00,SEG_B,5.0,10.7512416372629,106.6595907496934
V1976,2026-03-01 08:11:00,SEG_B,5.0,10.75159493682334,106.65993265734718
V1977,2026-03-01 08:11:00,SEG_B,30.26108776353621,10.751221356129314,106.6592018542952
V1978,2026-03-01 08:11:00,SEG_B,14.320081592506009,10.750121037939664,106.66152630319998
V1979,2026-03-01 08:11:00,SEG_B,18.50014170693692,10.750176292621097,106.6598001204129
V1980,2026-03-01 08:11:00,SEG_B,14.595543713162888,10.751304592085678,106.6600037053508
V1991,2026-03-01 08:12:00,SEG_B,5.0,10.749811526589626,106.66041097110904
V1992,2026-03-01 08:12:00,SEG_B,5.0,10.750704576417055,106.66076333884752
V1993,2026-03-01 08:12:00,SEG_B,15.37580957039598,10.749132376369772,106.6590206219958
V1994,2026-03-01 08:12:00,SEG_B,23.20745705264182,10.748488777313504,106.6610644704608
V1995,2026-03-01 08:12:00,SEG_B,13.678406726956506,10.749904165500356,106.6582919122946
V1996,2026-03-01 08:12:00,SEG_B,13.826266958971306,10.750613585516012,106.65866358991214
V1997,2026-03-01 08:12:00,SEG_B,18.989086938014765,10.75008901225368,106.65935624438616
V1998,2026-03-01 08:12:00,SEG_B,21.837384691930435,10.747797743231022,106.66034668074876
V1999,2026-03-01 08:12:00,SEG_B,27.95548126458634,10.7514399431391,106.66038980672052
V2000,2026-03-01 08:12:00,SEG_B,12.586553790953232,10.749364197443452,106.6596970742061
V2009,2026-03-01 08:13:00,SEG_B,8.035744218164677,10.750155464244369,106.66049902260072
V2010,2026-03-01 08:13:00,SEG_B,28.142785350825463,10.750353750478371,106.66064399267852
V2011,2026-03-01 08:13:00,SEG_B,20.754201895362574,10.748846984618067,106.65903666792951
V2012,2026-03-01 08:13:00,SEG_B,6.328829683154797,10.748667854244308,106.66079545987486
V2013,2026-03-01 08:13:00,SEG_B,17.32040073331004,10.750079496063092,106.6574072834846
V2014,2026-03-01 08:13:00,SEG_B,31.443814868948948,10.749105727995849,106.66205181275592
V2015,2026-03-01 08:13:00,SEG_B,5.0,10.749187598841443,106.65779715061748
V2016,2026-03-01 08:13:00,SEG_B,17.89699980754158,10.748898743179188,106.6589269998459
V2026,2026-03-01 08:14:00,SEG_B,9.390192058948518,10.750438816523362,106.66145208813204
V2027,2026-03-01 08:14:00,SEG_B,5.0,10.748871853262909,106.6595168414447
V2028,2026-03-01 08:14:00,SEG_B,11.505635519137362,10.751998465874744,106.66100170922002
V2029,2026-03-01 08:14:00,SEG_B,22.554578816946112,10.749735634306486,106.6597136865932
V2030,2026-03-01 08:14:00,SEG_B,5.0,10.750781740228048,106.6604910546048
V2031,2026-03-01 08:14:00,SEG_B,25.28797891742627,10.749789170286643,106.6598582208538
V2032,2026-03-01 08:14:00,SEG_B,16.360364228485086,10.750891897575508,106.6585297843779
V2033,2026-03-01 08:14:00,SEG_B,20.888449069907,10.749979504437826,106.65894136273204
V2034,2026-03-01 08:14:00,SEG_B,5.0,10.749863526288122,106.66144771298327
V2043,2026-03-01 08:15:00,SEG_B,27.91396875499917,10.750546959515017,106.66066982342092
V2044,2026-03-01 08:15:00,SEG_B,5.0,10.74993321132117,106.66208321095904
V2045,2026-03-01 08:15:00,SEG_B,25.609032560293475,10.74815291041408,106.65968657416732
V2046,2026-03-01 08:15:00,SEG_B,5.387844272650229,10.751711101560362,106.66024427828228
V2047,2026-03-01 08:15:00,SEG_B,8.857635522148513,10.75003415794354,106.65739263447092
V2048,2026-03-01 08:15:00,SEG_B,6.320309572347387,10.750036443725826,106.66084567536844
V2049,2026-03-01 08:15:00,SEG_B,5.0,10.749618844692298,106.66100968573852
V2050,2026-03-01 08:15:00,SEG_B,5.0,10.750229182834785,106.6600659745031
V2063,2026-03-01 08:16:00,SEG_B,12.616733485717518,10.749969976552192,106.66089381835356
V2064,2026-03-01 08:16:00,SEG_B,9.697182222906356,10.749873762992726,106.66001028672731
V2065,2026-03-01 08:16:00,SEG_B,21.91668156422125,10.749900154626127,106.66180829909447
V2066,2026-03-01 08:16:00,SEG_B,13.74769137827924,10.749762316361595,106.65982896787838
V2067,2026-03-01 08:16:00,SEG_B,5.0,10.748963273153242,106.65946933311024
V2068,2026-03-01 08:16:00,SEG_B,24.08663879080104,10.749966873940638,106.65951535581038
V2069,2026-03-01 08:16:00,SEG_B,24.81227796485276,10.751551177132892,106.66125538246092
V2070,2026-03-01 08:16:00,SEG_B,8.175280022118738,10.749504751379806,106.66181373607031
V2071,2026-03-01 08:16:00,SEG_B,16.929117536000177,10.749732372935105,106.66071834796132
V2072,2026-03-01 08:16:00,SEG_B,23.0583925388649,10.749428550429071,106.6602194399586
V2073,2026-03-01 08:16:00,SEG_B,22.41248055373647,10.74883971285404,106.66001234545742
V2074,2026-03-01 08:16:00,SEG_B,6.084882775594277,10.749016419503072,106.65943689992253
V2088,2026-03-01 08:17:00,SEG_B,27.56434880575212,10.749282499577772,106.65976198827713
V2089,2026-03-01 08:17:00,SEG_B,6.3633862373019845,10.750990761734569,106.66209751061405
V2090,2026-03-01 08:17:00,SEG_B,5.0,10.749653837931366,106.66126477984704
V2091,2026-03-01 08:17:00,SEG_B,5.0,10.750566683906971,106.6612214722002
V2092,2026-03-01 08:17:00,SEG_B,15.625830514854698,10.75055026307094,106.66176090238612
V2093,2026-03-01 08:17:00,SEG_B,30.58741243280917,10.749938032786966,106.6594676221507
V2094,2026-03-01 08:17:00,SEG_B,7.640159111410428,10.750976964150428,106.6586282244422
V2095,2026-03-01 08:17:00,SEG_B,12.979407696070382,10.750102689770957,106.65949699748728
V2096,2026-03-01 08:17:00,SEG_B,17.23856212015299,10.752564513318292,106.65987840140966
V2097,2026-03-01 08:17:00,SEG_B,11.516754980580885,10.751015331824382,106.66023958364414
V2098,2026-03-01 08:17:00,SEG_B,26.51468616969101,10.75016468761982,106.65975157679202
V2099,2026-03-01 08:17:00,SEG_B,5.0,10.748380265306189,106.65816430130955
V2100,2026-03-01 08:17:00,SEG_B,18.03471333027392,10.748637750520132,106.66125557736592
V2115,2026-03-01 08:18:00,SEG_B,20.82170329626209,10.748828910014296,106.66051189591204
V2116,2026-03-01 08:18:00,SEG_B,31.59561115847566,10.751485521488643,106.65849487205732
V2117,2026-03-01 08:18:00,SEG_B,10.706095517253576,10.750421450740555,106.65992971807798
V2118,2026-03-01 08:18:00,SEG_B,5.0,10.750385315951473,106.65998998310488
V2119,2026-03-01 08:18:00,SEG_B,30.31460326883025,10.749746771297383,106.66116800338531
V2120,2026-03-01 08:18:00,SEG_B,5.0,10.748971990702104,106.6607216619598
V2121,2026-03-01 08:18:00,SEG_B,23.669846244858995,10.749042607273926,106.66002407740648
V2122,2026-03-01 08:18:00,SEG_B,5.0,10.749818780173694,106.66083692278562
V2123,2026-03-01 08:18:00,SEG_B,11.52033200691084,10.749750965294057,106.6588702046017
V2124,2026-03-01 08:18:00,SEG_B,9.813132691000591,10.751758110916214,106.66007292489172
V2125,2026-03-01 08:18:00,SEG_B,6.981537866795215,10.74968522805008,106.65840257237883
V2126,2026-03-01 08:18:00,SEG_B,6.886722462878302,10.751360339739046,106.65985751757562
V2127,2026-03-01 08:18:00,SEG_B,30.12584140880965,10.749904652161504,106.6599640213038
V2128,2026-03-01 08:18:00,SEG_B,20.127153268336983,10.74732741241778,106.66020493932363
V2147,2026-03-01 08:19:00,SEG_B,10.645425661818006,10.749752386966875,106.65978457344652
V2148,2026-03-01 08:19:00,SEG_B,9.706211214494845,10.749658486185618,106.66172389382812
V2149,2026-03-01 08:19:00,SEG_B,20.297162251924824,10.7494396992231,106.65993165221164
V2150,2026-03-01 08:19:00,SEG_B,14.773493314781865,10.74923204456626,106.65923086978223
V2151,2026-03-01 08:19:00,SEG_B,23.084192162613704,10.749580215622483,106.65890530361295
V2152,2026-03-01 08:19:00,SEG_B,14.65487724744446,10.750118009753129,106.6580272957758
V2153,2026-03-01 08:19:00,SEG_B,14.674029137462457,10.750867979934348,106.66045122938552
V2154,2026-03-01 08:19:00,SEG_B,32.83836092155977,10.751251109482313,106.66144893402476
V2155,2026-03-01 08:19:00,SEG_B,37.40068748731461,10.750758156261774,106.66016307020791
V2156,2026-03-01 08:19:00,SEG_B,22.789922347450656,10.749440763566604,106.66010768631948
V2157,2026-03-01 08:19:00,SEG_B,9.81817885537349,10.750397984557562,106.65934809091198
V2158,2026-03-01 08:19:00,SEG_B,9.504572001106258,10.750413473293106,106.6598622885592
V2159,2026-03-01 08:19:00,SEG_B,5.0,10.748544443078687,106.65885273350854
V2160,2026-03-01 08:19:00,SEG_B,7.936224751088205,10.75041442332948,106.66021893884708
V2161,2026-03-01 08:19:00,SEG_B,23.52223497359359,10.750752801822944,106.66107190295618
V2162,2026-03-01 08:19:00,SEG_B,19.867169531672985,10.75020967930909,106.66109935174228
V2163,2026-03-01 08:19:00,SEG_B,22.3553023339208,10.750376095367551,106.66127107187086
V2164,2026-03-01 08:19:00,SEG_B,5.0,10.74970953682586,106.65969420953436
V2183,2026-03-01 08:20:00,SEG_B,17.28164741092606,10.74935298337805,106.66003772289667
V2184,2026-03-01 08:20:00,SEG_B,18.065352181249544,10.751718237241452,106.66078632366828
V2185,2026-03-01 08:20:00,SEG_B,24.71645484763155,10.7493893926037,106.65947581709374
V2186,2026-03-01 08:20:00,SEG_B,13.11696005749608,10.74985642735336,106.6589919750422
V2187,2026-03-01 08:20:00,SEG_B,25.127469012454547,10.75088335163776,106.65969432213868
V2188,2026-03-01 08:20:00,SEG_B,20.13368519211083,10.750222899163004,106.66071982798093
V2189,2026-03-01 08:20:00,SEG_B,5.0,10.749854338926802,106.65994196147209
V2190,2026-03-01 08:20:00,SEG_B,19.98913679689321,10.749371562398816,106.65750006927593
V2191,2026-03-01 08:20:00,SEG_B,6.346402258536635,10.74993895201429,106.6600638842255
V2192,2026-03-01 08:20:00,SEG_B,28.469984980999875,10.750582746440658,106.66008153027924
V2193,2026-03-01 08:20:00,SEG_B,14.7408697857485,10.75110418338217,106.65940988954785
V2194,2026-03-01 08:20:00,SEG_B,13.877729698075209,10.74891074187986,106.6614189060487
V2195,2026-03-01 08:20:00,SEG_B,18.13999149601291,10.749292476703996,106.65988554498968
V2196,2026-03-01 08:20:00,SEG_B,19.07720610565024,10.749749281087276,106.65946552937828
V2197,2026-03-01 08:20:00,SEG_B,9.765810512125348,10.75033896189924,106.6596419457208
V2198,2026-03-01 08:20:00,SEG_B,11.36993812189803,10.748663938244944,106.66007764057652
V2199,2026-03-01 08:20:00,SEG_B,13.550212489664734,10.749678351651358,106.66019877067748
V2200,2026-03-01 08:20:00,SEG_B,20.984018101887184,10.75070156547194,106.6605527285009
V2211,2026-03-01 08:21:00,SEG_B,19.11827389569928,10.748816278672235,106.65835376631102
V2212,2026-03-01 08:21:00,SEG_B,30.94194240668256,10.749357573320292,106.65986264701309
V2213,2026-03-01 08:21:00,SEG_B,11.81763675339542,10.750548087704082,106.66177278992308
V2214,2026-03-01 08:21:00,SEG_B,19.639470733834276,10.74848163485246,106.658615876573
V2215,2026-03-01 08:21:00,SEG_B,11.808281797384668,10.749731766800467,106.65827804873044
V2216,2026-03-01 08:21:00,SEG_B,21.554727361395525,10.74891367944212,106.66149330156212
V2217,2026-03-01 08:21:00,SEG_B,29.565060777645765,10.749751746467368,106.66043897264042
V2218,2026-03-01 08:21:00,SEG_B,5.144422223326387,10.750623676326478,106.65950180757656
V2219,2026-03-01 08:21:00,SEG_B,6.302117427293172,10.749710665011747,106.6595342519916
V2220,2026-03-01 08:21:00,SEG_B,12.398724775969963,10.750949679902815,106.65921469240736
V2233,2026-03-01 08:22:00,SEG_B,10.24883736835412,10.748996137416382,106.65863150856649
V2234,2026-03-01 08:22:00,SEG_B,26.78579476511576,10.749221825715722,106.66148022986896
V2235,2026-03-01 08:22:00,SEG_B,19.20057632689653,10.750329902881594,106.65969313168743
V2236,2026-03-01 08:22:00,SEG_B,20.285383304018005,10.749984529237164,106.65963078670852
V2237,2026-03-01 08:22:00,SEG_B,20.5680382931856,10.74985602789078,106.65920166522126
V2238,2026-03-01 08:22:00,SEG_B,19.79861420368521,10.749936014344373,106.66048891001176
V2239,2026-03-01 08:22:00,SEG_B,11.369121133166509,10.74879087869532,106.6617350739625
V2240,2026-03-01 08:22:00,SEG_B,27.372891286108597,10.750883784961262,106.65961218931464
V2241,2026-03-01 08:22:00,SEG_B,12.59745621471142,10.751382327445896,106.65964616996244
V2242,2026-03-01 08:22:00,SEG_B,9.93955170922162,10.751872234675636,106.6599523223184
V2243,2026-03-01 08:22:00,SEG_B,29.147402628110765,10.74860160808931,106.66051818488278
V2244,2026-03-01 08:22:00,SEG_B,31.56866079373292,10.75002975074466,106.65973599550772
V2259,2026-03-01 08:23:00,SEG_B,10.67877156742022,10.74994497203361,106.66013400447616
V2260,2026-03-01 08:23:00,SEG_B,10.069143573879105,10.74987124142427,106.6589944480591
V2261,2026-03-01 08:23:00,SEG_B,33.76586431168806,10.751059118660208,106.66027309410563
V2262,2026-03-01 08:23:00,SEG_B,24.37690341981356,10.748020747523316,106.65744232026216
V2263,2026-03-01 08:23:00,SEG_B,11.80567150600075,10.748621435856398,106.65976339447556
V2264,2026-03-01 08:23:00,SEG_B,16.64525312475919,10.75092041449834,106.65886173601572
V2265,2026-03-01 08:23:00,SEG_B,18.197045489280573,10.750014389693153,106.66034750930991
V2266,2026-03-01 08:23:00,SEG_B,10.8418243939712,10.751383135139864,106.65989649135156
V2267,2026-03-01 08:23:00,SEG_B,29.193457788030152,10.749209611346318,106.66074282733996
V2268,2026-03-01 08:23:00,SEG_B,14.522652155515772,10.749672257583333,106.66063231534046
V2270,2026-03-01 08:23:00,SEG_B,25.17937728227239,10.75123025845788,106.66188734094624
V2271,2026-03-01 08:23:00,SEG_B,14.85977401374258,10.748707365198005,106.65958041615734
V2272,2026-03-01 08:23:00,SEG_B,15.091396122890504,10.748992961775716,106.66164857472296
V2286,2026-03-01 08:24:00,SEG_B,6.732035748316749,10.748539866470148,106.65893322076244
V2287,2026-03-01 08:24:00,SEG_B,25.85870067199845,10.749266881668715,106.66046622512263
V2288,2026-03-01 08:24:00,SEG_B,8.309588640352626,10.750759533745764,106.65897391799906
V2289,2026-03-01 08:24:00,SEG_B,15.313823422094051,10.750052851309867,106.66232780533642
V2290,2026-03-01 08:24:00,SEG_B,20.04340230384132,10.74940709598567,106.66068504896364
V2291,2026-03-01 08:24:00,SEG_B,32.10539576388166,10.748370363909515,106.65915751795742
V2292,2026-03-01 08:24:00,SEG_B,13.10481952709365,10.749582911772858,106.65966724330168
V2293,2026-03-01 08:24:00,SEG_B,5.0,10.75140395605355,106.65857739140152
V2294,2026-03-01 08:24:00,SEG_B,13.398297523020007,10.75104583059176,106.65996981514284
V2295,2026-03-01 08:24:00,SEG_B,7.164846664777848,10.748651324343626,106.65977000080396
V2296,2026-03-01 08:24:00,SEG_B,8.943763473196269,10.750205231091703,106.65859854885228
V2297,2026-03-01 08:24:00,SEG_B,21.50428589510097,10.750115549523164,106.66018983639437
V2298,2026-03-01 08:24:00,SEG_B,26.528614225920137,10.749562204501627,106.65927418330526
V2308,2026-03-01 08:25:00,SEG_B,26.66229355769122,10.75030029343744,106.66144434370209
V2309,2026-03-01 08:25:00,SEG_B,5.066097502789065,10.752397376589595,106.66108711019848
V2310,2026-03-01 08:25:00,SEG_B,16.67361993989313,10.751425079332623,106.658831365114
V2311,2026-03-01 08:25:00,SEG_B,12.69108096984405,10.751444250396402,106.6581329398191
V2312,2026-03-01 08:25:00,SEG_B,19.48366219967044,10.750532176159846,106.66196922581682
V2313,2026-03-01 08:25:00,SEG_B,5.0,10.75160963105703,106.65944052925684
V2314,2026-03-01 08:25:00,SEG_B,11.423924320705162,10.74877799561304,106.65891214796252
V2315,2026-03-01 08:25:00,SEG_B,18.228178779631374,10.74888766808522,106.66074028433366
V2316,2026-03-01 08:25:00,SEG_B,9.696271624241971,10.748786966194151,106.65947219085363
V2330,2026-03-01 08:26:00,SEG_B,28.44245684782668,10.750078470078178,106.65959435736748
V2331,2026-03-01 08:26:00,SEG_B,11.323079311408597,10.7487869644148,106.6605565591281
V2332,2026-03-01 08:26:00,SEG_B,8.43991037888398,10.751098148252188,106.658707064946
V2333,2026-03-01 08:26:00,SEG_B,16.017931591786002,10.751150223758495,106.65784775293535
V2334,2026-03-01 08:26:00,SEG_B,31.146124350337487,10.749574714802804,106.66014109538216
V2335,2026-03-01 08:26:00,SEG_B,19.57159380413075,10.750726129056115,106.66027388393826
V2336,2026-03-01 08:26:00,SEG_B,22.97907666965094,10.750519070712922,106.66176088114004
V2337,2026-03-01 08:26:00,SEG_B,19.17862034283678,10.751964635519885,106.66090107884024
V2338,2026-03-01 08:26:00,SEG_B,5.0,10.752611102678388,106.65942565589152
V2339,2026-03-01 08:26:00,SEG_B,26.96435212161388,10.75002679344312,106.6610610902576
V2340,2026-03-01 08:26:00,SEG_B,9.492168713073648,10.75062574454309,106.6597468094546
V2341,2026-03-01 08:26:00,SEG_B,27.63202489271911,10.750438668167416,106.6609359426413
V2342,2026-03-01 08:26:00,SEG_B,5.0,10.749914427320212,106.66041055163504
V2357,2026-03-01 08:27:00,SEG_B,24.334265297521902,10.75018608289369,106.65850584469344
V2358,2026-03-01 08:27:00,SEG_B,14.082034351999276,10.75019440587694,106.6588553997622
V2359,2026-03-01 08:27:00,SEG_B,12.118895491383892,10.74859063061244,106.66060729222498
V2360,2026-03-01 08:27:00,SEG_B,16.32764251921641,10.748354216835184,106.66035146486158
V2361,2026-03-01 08:27:00,SEG_B,14.54792842087767,10.750516414282757,106.65960846756624
V2362,2026-03-01 08:27:00,SEG_B,8.588164794055807,10.749229155373545,106.65946182978344
V2363,2026-03-01 08:27:00,SEG_B,15.150600772648376,10.750147958465424,106.6598092801222
V2364,2026-03-01 08:27:00,SEG_B,11.613443608027849,10.749648596731994,106.6625077247855
V2366,2026-03-01 08:27:00,SEG_B,18.36810641968442,10.748620019334096,106.66084268720395
V2367,2026-03-01 08:27:00,SEG_B,7.719688886390819,10.750909061507803,106.65978903772064
V2368,2026-03-01 08:27:00,SEG_B,11.48163320408474,10.751609164968828,106.66056640135264
V2369,2026-03-01 08:27:00,SEG_B,22.78391549959366,10.75043491967952,106.6595555554762
V2370,2026-03-01 08:27:00,SEG_B,19.890835362065665,10.751209215392684,106.66013473804352
V2384,2026-03-01 08:28:00,SEG_B,9.408669300746626,10.751255407710486,106.65942941729814
V2385,2026-03-01 08:28:00,SEG_B,13.494858518895226,10.748987970999083,106.66083295120762
V2386,2026-03-01 08:28:00,SEG_B,21.77388995352852,10.750738945904123,106.6605375298282
V2387,2026-03-01 08:28:00,SEG_B,15.588712888155811,10.749475623333062,106.65918503069334
V2388,2026-03-01 08:28:00,SEG_B,25.319244214093363,10.750764804271729,106.6593066957728
V2389,2026-03-01 08:28:00,SEG_B,15.318654145785075,10.749699884907017,106.6588717892943
V2390,2026-03-01 08:28:00,SEG_B,16.42121101297042,10.74958450733576,106.6590474633337
V2391,2026-03-01 08:28:00,SEG_B,5.0,10.748436196499794,106.6596285738723
V2392,2026-03-01 08:28:00,SEG_B,14.319240236600676,10.749124699189837,106.66065073942764
V2393,2026-03-01 08:28:00,SEG_B,14.4756276657363,10.7505768853106,106.6598170892098
V2394,2026-03-01 08:28:00,SEG_B,8.703058918343153,10.75011411757114,106.65873732548798
V2395,2026-03-01 08:28:00,SEG_B,19.315508165093185,10.749062850793488,106.66091823252653
V2396,2026-03-01 08:28:00,SEG_B,12.292354030064685,10.75106253351631,106.6588773768114
V2409,2026-03-01 08:29:00,SEG_B,18.773605320501044,10.750566356379071,106.6606721549782
V2410,2026-03-01 08:29:00,SEG_B,5.0,10.750460224673208,106.65898324042516
V2411,2026-03-01 08:29:00,SEG_B,10.280904474417602,10.75216194178119,106.65974673839034
V2412,2026-03-01 08:29:00,SEG_B,9.078607165646185,10.751152582578902,106.65905232299716
V2413,2026-03-01 08:29:00,SEG_B,11.420646846482583,10.751249052167989,106.6600427675653
V2414,2026-03-01 08:29:00,SEG_B,5.0,10.750543989614323,106.65960353411796
V2415,2026-03-01 08:29:00,SEG_B,27.31881189224196,10.749393813052366,106.66105122597372
V2416,2026-03-01 08:29:00,SEG_B,29.20558425892571,10.749149056776188,106.65980678697925
V2417,2026-03-01 08:29:00,SEG_B,18.109002193155604,10.749142654247446,106.6602702949467
V2418,2026-03-01 08:29:00,SEG_B,13.20063769995206,10.749754932428406,106.6600489383927
V2419,2026-03-01 08:29:00,SEG_B,15.570117724628512,10.750163880769076,106.65940117365454
V2420,2026-03-01 08:29:00,SEG_B,10.558626205201971,10.749881412411176,106.65995524235876
V2434,2026-03-01 08:30:00,SEG_B,5.0,10.751286766003956,106.65965090583666
V2435,2026-03-01 08:30:00,SEG_B,19.25921044990286,10.750620712839227,106.66137079656076
V2436,2026-03-01 08:30:00,SEG_B,14.161140897735732,10.747876362540955,106.66005712761346
V2437,2026-03-01 08:30:00,SEG_B,16.60565486529281,10.74896573914086,106.66014749065442
V2438,2026-03-01 08:30:00,SEG_B,12.111852522189665,10.748657246050715,106.660671484895
V2439,2026-03-01 08:30:00,SEG_B,10.490198792817631,10.749593620785262,106.6595374211527
V2440,2026-03-01 08:30:00,SEG_B,24.883828779713173,10.749959083838226,106.66007909982054
V2441,2026-03-01 08:30:00,SEG_B,11.474910764908824,10.750462866822255,106.66134931804844
V2442,2026-03-01 08:30:00,SEG_B,20.182886539892053,10.750686866961336,106.66060623020589
V2443,2026-03-01 08:30:00,SEG_B,5.0,10.7491238811683,106.6597950126064
V2444,2026-03-01 08:30:00,SEG_B,9.193087660054196,10.748935462975243,106.65812782425913
V2445,2026-03-01 08:30:00,SEG_B,5.0,10.749743474442658,106.65993057363318
V2446,2026-03-01 08:30:00,SEG_B,8.655569790955397,10.750078925212684,106.65956616635908
V2456,2026-03-01 08:31:00,SEG_B,7.706700990649974,10.749529276077748,106.66092365415535
V2457,2026-03-01 08:31:00,SEG_B,5.0,10.7486784287878,106.65977188481828
V2458,2026-03-01 08:31:00,SEG_B,8.981321300265453,10.749706133102526,106.6587362496806
V2459,2026-03-01 08:31:00,SEG_B,16.71450788737206,10.74985076691482,106.66054919049422
V2460,2026-03-01 08:31:00,SEG_B,16.60319600384234,10.750206690072496,106.65855369264548
V2461,2026-03-01 08:31:00,SEG_B,18.940732413158976,10.749669133598196,106.65983340169235
V2462,2026-03-01 08:31:00,SEG_B,23.38611501112648,10.749280564443485,106.66135118432844
V2463,2026-03-01 08:31:00,SEG_B,26.555802394984745,10.750752784437363,106.65901937918925
V2464,2026-03-01 08:31:00,SEG_B,5.0,10.75107883491426,106.66011138506131
V2484,2026-03-01 08:32:00,SEG_B,12.835510387893788,10.750219877363024,106.6594865037488
V2485,2026-03-01 08:32:00,SEG_B,5.0,10.75093611312493,106.65782780186014
V2486,2026-03-01 08:32:00,SEG_B,10.561658585666732,10.74994538511915,106.66023048964342
V2487,2026-03-01 08:32:00,SEG_B,9.18824316376904,10.748162038516943,106.65919890670766
V2488,2026-03-01 08:32:00,SEG_B,9.0099360990427,10.749226906504845,106.6609700585902
V2489,2026-03-01 08:32:00,SEG_B,5.291177774886862,10.75030097927444,106.6601582970372
V2490,2026-03-01 08:32:00,SEG_B,22.68364061977336,10.749866868128263,106.6607911309672
V2491,2026-03-01 08:32:00,SEG_B,13.622238895247216,10.750434392526584,106.65849705891274
V2492,2026-03-01 08:32:00,SEG_B,5.0,10.750377546853564,106.66043118312604
V2493,2026-03-01 08:32:00,SEG_B,18.80401866521506,10.749475067485246,106.6614897222522
V2494,2026-03-01 08:32:00,SEG_B,11.320977474103824,10.750420879019671,106.660594636225
V2495,2026-03-01 08:32:00,SEG_B,28.749921277992883,10.74968297038021,106.65934680709375
V2496,2026-03-01 08:32:00,SEG_B,5.0,10.751552367006662,106.66042141090703
V2497,2026-03-01 08:32:00,SEG_B,18.624488847154417,10.753116704241323,106.6603250447412
V2498,2026-03-01 08:32:00,SEG_B,5.0,10.749804096425008,106.65902521759116
V2499,2026-03-01 08:32:00,SEG_B,11.83305284333782,10.749597410397245,106.65941297560892
V2500,2026-03-01 08:32:00,SEG_B,5.0,10.751592501633672,106.66029884804443
V2501,2026-03-01 08:32:00,SEG_B,13.196223722398091,10.750757637829516,106.66047106727484
V2502,2026-03-01 08:32:00,SEG_B,17.20552586193638,10.750684998072767,106.66013393474375
V2516,2026-03-01 08:33:00,SEG_B,15.94736257149217,10.74957987994164,106.65995517111568
V2517,2026-03-01 08:33:00,SEG_B,5.0,10.749986245620391,106.6589172596861
V2518,2026-03-01 08:33:00,SEG_B,11.836449645488116,10.750925299563969,106.66025419067655
V2519,2026-03-01 08:33:00,SEG_B,5.0,10.750851488126914,106.65999290023808
V2520,2026-03-01 08:33:00,SEG_B,10.66251785272529,10.750746676303908,106.65983279316302
V2521,2026-03-01 08:33:00,SEG_B,5.674709280754298,10.75184780971145,106.65998271255712
V2522,2026-03-01 08:33:00,SEG_B,14.348918364142262,10.74959489482827,106.66117996573944
V2523,2026-03-01 08:33:00,SEG_B,10.80097193486368,10.748455020141188,106.6593213223381
V2524,2026-03-01 08:33:00,SEG_B,25.61419680363834,10.750832132161458,106.65974498434734
V2525,2026-03-01 08:33:00,SEG_B,25.98604113312379,10.750747942228822,106.65973341063636
V2526,2026-03-01 08:33:00,SEG_B,13.672721159191362,10.750329317731945,106.65916811305031
V2527,2026-03-01 08:33:00,SEG_B,15.036040524074808,10.750308513364612,106.6583130337614
V2528,2026-03-01 08:33:00,SEG_B,13.485437419456815,10.749696943814634,106.66102806801996
V2545,2026-03-01 08:34:00,SEG_B,12.70322553443546,10.750532232686265,106.65988050808956
V2546,2026-03-01 08:34:00,SEG_B,5.0,10.749253879435102,106.65848060064744
V2547,2026-03-01 08:34:00,SEG_B,16.95248180785414,10.750503317364052,106.66025654822184
V2548,2026-03-01 08:34:00,SEG_B,8.700764853604902,10.75024685392913,106.65952988574423
V2549,2026-03-01 08:34:00,SEG_B,5.894196401997981,10.750741929919707,106.66081802775372
V2550,2026-03-01 08:34:00,SEG_B,22.59116384866805,10.749391651399968,106.6611793623127
V2551,2026-03-01 08:34:00,SEG_B,11.05134198937546,10.75065350132154,106.65948908733824
V2552,2026-03-01 08:34:00,SEG_B,13.208142690033831,10.74757882214261,106.65969808678558
V2553,2026-03-01 08:34:00,SEG_B,15.72871973428022,10.749589950382637,106.66175618806808
V2554,2026-03-01 08:34:00,SEG_B,5.700271317397789,10.749436418762896,106.65909512739002
V2555,2026-03-01 08:34:00,SEG_B,10.48978416803623,10.75103141306294,106.66147803179432
V2556,2026-03-01 08:34:00,SEG_B,9.393659112648466,10.749276992457276,106.6588428713514
V2557,2026-03-01 08:34:00,SEG_B,25.45028309215443,10.751121004406915,106.6598940182
V2558,2026-03-01 08:34:00,SEG_B,5.0,10.748693337434544,106.66017062945038
V2559,2026-03-01 08:34:00,SEG_B,19.39470334757199,10.74793385519498,106.65967869008946
V2560,2026-03-01 08:34:00,SEG_B,27.946367116459072,10.74978249079337,106.6614896380908
V2574,2026-03-01 08:35:00,SEG_B,5.0,10.750245523580997,106.65994009406232
V2575,2026-03-01 08:35:00,SEG_B,24.833820645009453,10.74945954152397,106.65975836238285
V2576,2026-03-01 08:35:00,SEG_B,23.47051573706236,10.749907966207603,106.65889115861872
V2577,2026-03-01 08:35:00,SEG_B,35.41306618632098,10.748921407236663,106.65993529991844
V2578,2026-03-01 08:35:00,SEG_B,17.773505248204906,10.750267617509031,106.65981025629598
V2579,2026-03-01 08:35:00,SEG_B,13.521917035789537,10.749765068133712,106.6588840661414
V2580,2026-03-01 08:35:00,SEG_B,32.20175371538183,10.749780009082286,106.66059693099282
V2581,2026-03-01 08:35:00,SEG_B,12.322777138547156,10.749645236327645,106.65954455633732
V2582,2026-03-01 08:35:00,SEG_B,5.0,10.74983937885988,106.65959299234568
V2583,2026-03-01 08:35:00,SEG_B,24.37219607347821,10.748803299882416,106.65942285282244
V2584,2026-03-01 08:35:00,SEG_B,7.812476265967343,10.751442530394012,106.65913059155514
V2585,2026-03-01 08:35:00,SEG_B,19.49839875780909,10.750970161473406,106.65985387708858
V2586,2026-03-01 08:35:00,SEG_B,5.0,10.748635846141235,106.6608597640648
V2606,2026-03-01 08:36:00,SEG_B,5.17127827270523,10.7499514285112,106.65983450980536
V2607,2026-03-01 08:36:00,SEG_B,8.70787908800736,10.750873766254056,106.65994049947172
V2608,2026-03-01 08:36:00,SEG_B,23.50117891225443,10.749804950148796,106.65997580511176
V2609,2026-03-01 08:36:00,SEG_B,10.497740762546314,10.749992953459463,106.66071223130614
V2610,2026-03-01 08:36:00,SEG_B,11.709326141837616,10.750518411962537,106.65918725303897
V2611,2026-03-01 08:36:00,SEG_B,21.07240452417768,10.749420094172688,106.66085167987325
V2612,2026-03-01 08:36:00,SEG_B,15.48781233946932,10.75152095373339,106.65884593227376
V2613,2026-03-01 08:36:00,SEG_B,5.0,10.749383782754023,106.65861538905196
V2614,2026-03-01 08:36:00,SEG_B,5.0,10.75062155076046,106.65999582120658
V2615,2026-03-01 08:36:00,SEG_B,11.162552186365929,10.749613037402694,106.65940276233567
V2616,2026-03-01 08:36:00,SEG_B,28.202953342552348,10.749264494292357,106.65867786610193
V2617,2026-03-01 08:36:00,SEG_B,21.368404939890624,10.749784244376652,106.66203877368882
V2618,2026-03-01 08:36:00,SEG_B,10.790354889646917,10.750845984179756,106.6610821973306
V2619,2026-03-01 08:36:00,SEG_B,10.829313342383973,10.749257079232091,106.66074136653091
V2620,2026-03-01 08:36:00,SEG_B,19.599135343311445,10.748589389899289,106.6588715643637
V2621,2026-03-01 08:36:00,SEG_B,5.0,10.75059538685398,106.65973817280684
V2622,2026-03-01 08:36:00,SEG_B,13.702796632197744,10.748308555902298,106.65890189764691
V2623,2026-03-01 08:36:00,SEG_B,11.176328699459471,10.749327674399852,106.66011783607551
V2624,2026-03-01 08:36:00,SEG_B,19.66774501305451,10.752269612569286,106.65997998296996
V2639,2026-03-01 08:37:00,SEG_B,6.259712129823075,10.75142704945824,106.65906591326258
V2640,2026-03-01 08:37:00,SEG_B,13.54035272217706,10.7506252082596,106.65917980555342
V2641,2026-03-01 08:37:00,SEG_B,27.737721086072437,10.750075728358068,106.66046085084628
V2642,2026-03-01 08:37:00,SEG_B,12.859143935846994,10.750658720287015,106.66157879273985
V2643,2026-03-01 08:37:00,SEG_B,13.949712499014286,10.75172971279075,106.65938840419162
V2644,2026-03-01 08:37:00,SEG_B,21.11276831481368,10.750489114336244,106.65893141792732
V2645,2026-03-01 08:37:00,SEG_B,16.710477637098656,10.75000736593785,106.65914680782372
V2646,2026-03-01 08:37:00,SEG_B,17.86401947355301,10.750146289546109,106.65992741305269
V2647,2026-03-01 08:37:00,SEG_B,14.45138024753052,10.749909989741075,106.65963230037876
V2648,2026-03-01 08:37:00,SEG_B,16.118672760119853,10.749356085787635,106.66265680949148
V2649,2026-03-01 08:37:00,SEG_B,5.0,10.749415263922764,106.65949425789542
V2650,2026-03-01 08:37:00,SEG_B,31.3239473145963,10.748679865350022,106.660425922298
V2651,2026-03-01 08:37:00,SEG_B,16.98715252037232,10.750333602304677,106.6612363431626
V2652,2026-03-01 08:37:00,SEG_B,24.726634877976707,10.74954904317348,106.66019401744948
V2662,2026-03-01 08:38:00,SEG_B,16.631995688885713,10.750842783824506,106.65837279219345
V2663,2026-03-01 08:38:00,SEG_B,13.94981219930891,10.748616153506154,106.6602767020176
V2664,2026-03-01 08:38:00,SEG_B,28.13544140682958,10.749525915218053,106.66012725203028
V2665,2026-03-01 08:38:00,SEG_B,21.051893719373112,10.747932277068234,106.65947788951786
V2666,2026-03-01 08:38:00,SEG_B,17.916125274182804,10.747103005274342,106.65902319150692
V2667,2026-03-01 08:38:00,SEG_B,23.806863787050315,10.75100299690045,106.66037431822735
V2668,2026-03-01 08:38:00,SEG_B,22.057581119545414,10.75021510423442,106.66055539490743
V2669,2026-03-01 08:38:00,SEG_B,12.474770329275088,10.750115812682925,106.65936762961358
V2670,2026-03-01 08:38:00,SEG_B,25.10786675345851,10.751521559409502,106.6613799128007
V2690,2026-03-01 08:39:00,SEG_B,6.107874760203275,10.748647666980764,106.66075526915756
V2691,2026-03-01 08:39:00,SEG_B,17.020159282537712,10.750922455733235,106.65946740699908
V2692,2026-03-01 08:39:00,SEG_B,8.639157580162038,10.751360718887542,106.658477041236
V2693,2026-03-01 08:39:00,SEG_B,25.011685673445,10.751320504707484,106.66086008951426
V2694,2026-03-01 08:39:00,SEG_B,9.497539863916415,10.749183476163276,106.659789944227
V2695,2026-03-01 08:39:00,SEG_B,5.0,10.749038306001246,106.66064473429152
V2696,2026-03-01 08:39:00,SEG_B,20.194792913793258,10.748950425173463,106.6606761219353
V2697,2026-03-01 08:39:00,SEG_B,18.63442644591845,10.751509886254578,106.66056913644186
V2698,2026-03-01 08:39:00,SEG_B,23.468648429875024,10.750477077590933,106.6609799291097
V2699,2026-03-01 08:39:00,SEG_B,5.0,10.749878255542887,106.65996101723177
V2700,2026-03-01 08:39:00,SEG_B,13.05000042451774,10.750443886630316,106.6606343796545
V2701,2026-03-01 08:39:00,SEG_B,18.138056616569187,10.749823056118778,106.65926426992016
V2702,2026-03-01 08:39:00,SEG_B,23.77748859324987,10.750349732816614,106.6589813861416
V2703,2026-03-01 08:39:00,SEG_B,13.45049966680301,10.748256700322292,106.66003537061434
V2704,2026-03-01 08:39:00,SEG_B,13.412960459211233,10.749425533049644,106.6615846001898
V2705,2026-03-01 08:39:00,SEG_B,5.750767043663101,10.750706392951685,106.66218670816092
V2706,2026-03-01 08:39:00,SEG_B,23.618143229733505,10.749968461217902,106.65886593136058
V2707,2026-03-01 08:39:00,SEG_B,5.0,10.749588448305042,106.65931299926608
V2708,2026-03-01 08:39:00,SEG_B,9.24362472833494,10.74967368654453,106.65989775290711
V2723,2026-03-01 08:40:00,SEG_B,6.199918770004347,10.75083675603122,106.66052506410998
V2724,2026-03-01 08:40:00,SEG_B,5.0,10.74938086395706,106.65909626844405
V2725,2026-03-01 08:40:00,SEG_B,29.21055438432464,10.75090601042757,106.659579155154
V2726,2026-03-01 08:40:00,SEG_B,19.60955751474794,10.74864381381407,106.6593273538488
V2727,2026-03-01 08:40:00,SEG_B,15.83890612753509,10.750452230749143,106.65990254087448
V2728,2026-03-01 08:40:00,SEG_B,16.984108085713807,10.750078336459952,106.65983642259798
V2729,2026-03-01 08:40:00,SEG_B,12.63083526247285,10.749573735127322,106.66023193750864
V2730,2026-03-01 08:40:00,SEG_B,18.28652471359565,10.75019835916732,106.65882140295
V2731,2026-03-01 08:40:00,SEG_B,7.008577190854499,10.750398881805948,106.66147167330068
V2732,2026-03-01 08:40:00,SEG_B,16.21932369247004,10.749588331587525,106.66022434045544
V2733,2026-03-01 08:40:00,SEG_B,5.905428619892572,10.751308943156536,106.6601865941445
V2734,2026-03-01 08:40:00,SEG_B,9.644342294315614,10.749833204533909,106.65947296376794
V2735,2026-03-01 08:40:00,SEG_B,25.49335981453467,10.749797759910551,106.6601553657461
V2736,2026-03-01 08:40:00,SEG_B,19.589811653210333,10.749259233396236,106.66019370946611
V2751,2026-03-01 08:41:00,SEG_B,10.211594121917331,10.75056640788267,106.66031459500203
V2752,2026-03-01 08:41:00,SEG_B,5.0,10.750519169438428,106.65858648679024
V2753,2026-03-01 08:41:00,SEG_B,20.02473462532128,10.74949280835687,106.66000836725324
V2754,2026-03-01 08:41:00,SEG_B,5.0,10.750122382323603,106.66092695041796
V2755,2026-03-01 08:41:00,SEG_B,8.544276575819033,10.749392832913856,106.66045462102356
V2756,2026-03-01 08:41:00,SEG_B,18.836946589175515,10.747565820701592,106.66201540636378
V2757,2026-03-01 08:41:00,SEG_B,19.22842786838665,10.750696918662452,106.65985645955334
V2758,2026-03-01 08:41:00,SEG_B,5.0,10.75067472206125,106.65943481197176
V2759,2026-03-01 08:41:00,SEG_B,19.35145355346672,10.749781198929735,106.66023803937912
V2760,2026-03-01 08:41:00,SEG_B,8.800028948726043,10.75086438894268,106.65881162096052
V2761,2026-03-01 08:41:00,SEG_B,32.964555402713515,10.752237948634988,106.66163269958548
V2762,2026-03-01 08:41:00,SEG_B,25.20383188619608,10.749915451641767,106.66116654670574
V2763,2026-03-01 08:41:00,SEG_B,14.230588013790978,10.748446482457757,106.66150320141402
V2764,2026-03-01 08:41:00,SEG_B,24.030595703380044,10.749968660892344,106.65877481574266
V2783,2026-03-01 08:42:00,SEG_B,5.850273776205691,10.750770502213856,106.65952166261152
V2784,2026-03-01 08:42:00,SEG_B,24.272771552753472,10.74960726242177,106.66063190966656
V2785,2026-03-01 08:42:00,SEG_B,16.436498990183246,10.750743901873715,106.66010994689216
V2786,2026-03-01 08:42:00,SEG_B,5.0,10.751008793539242,106.65991231707754
V2787,2026-03-01 08:42:00,SEG_B,21.316128618838505,10.75069024647687,106.65922670351898
V2788,2026-03-01 08:42:00,SEG_B,7.681636758597625,10.750655355101449,106.65969675097058
V2789,2026-03-01 08:42:00,SEG_B,22.491434235731976,10.749821799057138,106.66102340977744
V2790,2026-03-01 08:42:00,SEG_B,18.386435873672813,10.750287974993714,106.65962598880124
V2791,2026-03-01 08:42:00,SEG_B,16.859420912492133,10.751192852714953,106.65994578454134
V2792,2026-03-01 08:42:00,SEG_B,19.249395549470844,10.750046360076247,106.66012460404274
V2793,2026-03-01 08:42:00,SEG_B,28.78728605550639,10.75120173003104,106.6600794038152
V2794,2026-03-01 08:42:00,SEG_B,16.71563270348827,10.749298129496449,106.65982702845372
V2795,2026-03-01 08:42:00,SEG_B,17.47518230038892,10.750850613589568,106.6607492208969
V2796,2026-03-01 08:42:00,SEG_B,6.125927552763917,10.75097698273068,106.65991122632062
V2797,2026-03-01 08:42:00,SEG_B,7.104069154579697,10.751336384737431,106.66146327899672
V2798,2026-03-01 08:42:00,SEG_B,17.10997585872528,10.750708793601904,106.66076744920872
V2799,2026-03-01 08:42:00,SEG_B,26.166177222498007,10.750728068525431,106.65867231172255
V2800,2026-03-01 08:42:00,SEG_B,31.07846199176902,10.75106565688948,106.65949047579473
V2815,2026-03-01 08:43:00,SEG_B,11.69574939988436,10.749755666608726,106.66098464148833
V2816,2026-03-01 08:43:00,SEG_B,31.069549122318563,10.751487947935797,106.66080524462971
V2817,2026-03-01 08:43:00,SEG_B,15.281204635124071,10.750209718914268,106.65924649268057
V2818,2026-03-01 08:43:00,SEG_B,5.0,10.74887320164224,106.66004980003451
V2819,2026-03-01 08:43:00,SEG_B,12.664061908586582,10.74853055829528,106.65996267662096
V2820,2026-03-01 08:43:00,SEG_B,12.45255740427244,10.748827151144717,106.65962982098938
V2821,2026-03-01 08:43:00,SEG_B,12.432375994269249,10.749383362860076,106.66092667016476
V2822,2026-03-01 08:43:00,SEG_B,5.0,10.748014201009289,106.66000328578444
V2823,2026-03-01 08:43:00,SEG_B,15.769017515138447,10.75040421513602,106.65946102649173
V2824,2026-03-01 08:43:00,SEG_B,7.656609559261346,10.749992683867305,106.65955842186465
V2825,2026-03-01 08:43:00,SEG_B,27.408571237245557,10.749675772750075,106.65994681484828
V2826,2026-03-01 08:43:00,SEG_B,34.80334511678354,10.74980523977327,106.6605561568652
V2827,2026-03-01 08:43:00,SEG_B,20.170475467090824,10.750731401643716,106.6602894872654
V2828,2026-03-01 08:43:00,SEG_B,16.550726355284077,10.750100334289836,106.65942400609777
V2845,2026-03-01 08:44:00,SEG_B,24.826329255465005,10.75059965887422,106.65928485907152
V2846,2026-03-01 08:44:00,SEG_B,20.64027197928002,10.747756291668118,106.65924705420156
V2847,2026-03-01 08:44:00,SEG_B,8.408867642389994,10.750078320691738,106.65979717203632
V2848,2026-03-01 08:44:00,SEG_B,13.86823125104092,10.749825280469894,106.660022407241
V2849,2026-03-01 08:44:00,SEG_B,19.32104773566579,10.750149331026105,106.6597156481834
V2850,2026-03-01 08:44:00,SEG_B,18.213986238438256,10.750826123543654,106.65944397410928
V2851,2026-03-01 08:44:00,SEG_B,14.524778154618591,10.751161906563048,106.65889723932273
V2852,2026-03-01 08:44:00,SEG_B,29.43761757004755,10.74866084502526,106.6596546353888
V2853,2026-03-01 08:44:00,SEG_B,7.398480024991904,10.75218792699687,106.65949664997116
V2854,2026-03-01 08:44:00,SEG_B,10.99327074777174,10.74962925126006,106.66009560280789
V2856,2026-03-01 08:44:00,SEG_B,15.457278688014618,10.750017806621486,106.6610385687974
V2857,2026-03-01 08:44:00,SEG_B,25.472487586235214,10.749812291938609,106.66081622908168
V2858,2026-03-01 08:44:00,SEG_B,6.1874497564415485,10.750767342342696,106.65942752420086
V2859,2026-03-01 08:44:00,SEG_B,5.522420254959561,10.749814411321797,106.6614004724472
V2860,2026-03-01 08:44:00,SEG_B,16.448044293846774,10.751496488147678,106.65925126728618
V2871,2026-03-01 08:45:00,SEG_B,19.819355087752683,10.75060474990394,106.65739421141248
V2872,2026-03-01 08:45:00,SEG_B,13.076008332140846,10.75051790418818,106.65958954340896
V2873,2026-03-01 08:45:00,SEG_B,15.289621114078614,10.750750699981678,106.66008092523325
V2874,2026-03-01 08:45:00,SEG_B,27.06335533787893,10.75112698625228,106.65988143584704
V2875,2026-03-01 08:45:00,SEG_B,13.41563063420177,10.747149675894798,106.65967349780313
V2876,2026-03-01 08:45:00,SEG_B,5.0,10.750221229542,106.66015287071112
V2877,2026-03-01 08:45:00,SEG_B,20.566846048214224,10.751396670471948,106.65997373057031
V2878,2026-03-01 08:45:00,SEG_B,33.243330495385564,10.75023245144522,106.65868978360628
V2879,2026-03-01 08:45:00,SEG_B,10.50342499911904,10.749627253299693,106.66059212715116
V2880,2026-03-01 08:45:00,SEG_B,7.422000798165595,10.749702024117193,106.6598389597192
V2891,2026-03-01 08:46:00,SEG_B,22.649023318200445,10.75070230278702,106.66131093834989
V2892,2026-03-01 08:46:00,SEG_B,9.70121769056083,10.750318473412774,106.65881412976977
V2893,2026-03-01 08:46:00,SEG_B,20.330675165929872,10.749977054630373,106.66028100925548
V2894,2026-03-01 08:46:00,SEG_B,13.829202209276238,10.749749011179413,106.659131768826
V2895,2026-03-01 08:46:00,SEG_B,21.32344171747387,10.75148970403674,106.65944333164109
V2896,2026-03-01 08:46:00,SEG_B,19.42832403976876,10.75043218362466,106.66000809781134
V2897,2026-03-01 08:46:00,SEG_B,5.0,10.74869840264889,106.65921901804884
V2898,2026-03-01 08:46:00,SEG_B,5.0,10.751408030729904,106.66036770322916
V2899,2026-03-01 08:46:00,SEG_B,14.760311612807026,10.747809764180731,106.65817612914498
V2900,2026-03-01 08:46:00,SEG_B,14.981268894504334,10.751970489965483,106.65930135580412
V2918,2026-03-01 08:47:00,SEG_B,28.312928870156853,10.749250604219084,106.65973662332456
V2919,2026-03-01 08:47:00,SEG_B,17.807464611637585,10.750486598997748,106.65947763364076
V2920,2026-03-01 08:47:00,SEG_B,30.06816504275235,10.750422095265543,106.66053138340848
V2921,2026-03-01 08:47:00,SEG_B,29.07107265209403,10.749550938374757,106.65991156812356
V2922,2026-03-01 08:47:00,SEG_B,5.0,10.749827649527749,106.65851107247606
V2923,2026-03-01 08:47:00,SEG_B,20.982794833545377,10.75041999675007,106.65972293069296
V2924,2026-03-01 08:47:00,SEG_B,14.196610337457216,10.75076146641519,106.65886420391313
V2925,2026-03-01 08:47:00,SEG_B,16.633342939620185,10.75069950980646,106.65821772592258
V2926,2026-03-01 08:47:00,SEG_B,20.479504045616157,10.74832593753674,106.65988240551614
V2927,2026-03-01 08:47:00,SEG_B,5.69287116723819,10.75143124657929,106.65884287894583
V2928,2026-03-01 08:47:00,SEG_B,5.0,10.750133352141596,106.65958629701996
V2929,2026-03-01 08:47:00,SEG_B,5.0,10.750525815199154,106.65800850093754
V2930,2026-03-01 08:47:00,SEG_B,6.710072219335,10.74942478172958,106.66080222239216
V2931,2026-03-01 08:47:00,SEG_B,25.363746936105212,10.751102782247328,106.65984672620954
V2932,2026-03-01 08:47:00,SEG_B,5.0,10.75039085302122,106.66147057373922
V2933,2026-03-01 08:47:00,SEG_B,24.870323262508546,10.750462949009744,106.65881049723566
V2934,2026-03-01 08:47:00,SEG_B,10.79754397097268,10.751933814398743,106.65858327046531
V2946,2026-03-01 08:48:00,SEG_B,13.573663824087005,10.750720047410498,106.6587622741917
V2947,2026-03-01 08:48:00,SEG_B,20.6903574783492,10.750583347066163,106.66126932531805
V2948,2026-03-01 08:48:00,SEG_B,22.12035602408113,10.751299978352876,106.6598895780995
V2949,2026-03-01 08:48:00,SEG_B,8.098637450343515,10.752109985414084,106.65847330438449
V2950,2026-03-01 08:48:00,SEG_B,5.0,10.75056512804051,106.66162498604815
V2951,2026-03-01 08:48:00,SEG_B,16.51640676731332,10.750999303699702,106.65800419727252
V2952,2026-03-01 08:48:00,SEG_B,11.003640302550902,10.748126052192855,106.66078041095822
V2953,2026-03-01 08:48:00,SEG_B,5.0,10.748722181153967,106.66051402520496
V2954,2026-03-01 08:48:00,SEG_B,23.494594816141834,10.749841031891773,106.66057017250412
V2955,2026-03-01 08:48:00,SEG_B,19.302305334984737,10.749784573140555,106.65890529451713
V2956,2026-03-01 08:48:00,SEG_B,19.51913125507714,10.750613095690776,106.66089402440308
V2969,2026-03-01 08:49:00,SEG_B,5.0,10.749791828071292,106.66036404108112
V2970,2026-03-01 08:49:00,SEG_B,14.337190986659625,10.748448013846874,106.66188555690356
V2971,2026-03-01 08:49:00,SEG_B,23.03374375190314,10.749664622548329,106.6597049053441
V2972,2026-03-01 08:49:00,SEG_B,17.87589915770541,10.74887037860426,106.66032267643654
V2973,2026-03-01 08:49:00,SEG_B,5.0,10.749929465783154,106.65883142850014
V2974,2026-03-01 08:49:00,SEG_B,6.055328141386283,10.75164572261362,106.66005922589429
V2975,2026-03-01 08:49:00,SEG_B,16.65925188320934,10.74798862013892,106.65940299824148
V2976,2026-03-01 08:49:00,SEG_B,18.68969694963478,10.750194136265948,106.65784597017864
V2977,2026-03-01 08:49:00,SEG_B,16.65710333325665,10.750366558803549,106.6612837619982
V2978,2026-03-01 08:49:00,SEG_B,9.758151048493255,10.747757931279864,106.6590032292482
V2979,2026-03-01 08:49:00,SEG_B,6.223479689051542,10.75073670887778,106.6572832634116
V2980,2026-03-01 08:49:00,SEG_B,11.413148319419022,10.751425795473578,106.66000721246284
V3000,2026-03-01 08:50:00,SEG_B,18.740398335803384,10.750452021635784,106.65953683179548
V3001,2026-03-01 08:50:00,SEG_B,30.879640110270262,10.74926455268076,106.6598805689321
V3002,2026-03-01 08:50:00,SEG_B,20.113301327118545,10.75089205489377,106.66127757652154
V3003,2026-03-01 08:50:00,SEG_B,18.42797183194591,10.751050912700787,106.65933489182795
V3004,2026-03-01 08:50:00,SEG_B,22.344655682803054,10.750904729150156,106.66151288667476
V3005,2026-03-01 08:50:00,SEG_B,5.0,10.7490928168844,106.66082314096936
V3006,2026-03-01 08:50:00,SEG_B,5.0,10.750492006173788,106.66105980442492
V3007,2026-03-01 08:50:00,SEG_B,10.388998019596482,10.749569809999889,106.65892586265277
V3008,2026-03-01 08:50:00,SEG_B,10.827623042148772,10.74950743149804,106.65931715872551
V3009,2026-03-01 08:50:00,SEG_B,9.098574577724026,10.749728995215111,106.65971689568434
V3010,2026-03-01 08:50:00,SEG_B,29.99305519888845,10.749605814856883,106.6603441502162
V3011,2026-03-01 08:50:00,SEG_B,10.384936268189588,10.74941040422416,106.65829562946226
V3012,2026-03-01 08:50:00,SEG_B,5.0,10.748793001720347,106.66018369683476
V3013,2026-03-01 08:50:00,SEG_B,23.609389242276684,10.748213335473103,106.65945092319863
V3014,2026-03-01 08:50:00,SEG_B,5.0,10.749735722905866,106.6610757694937
V3015,2026-03-01 08:50:00,SEG_B,11.424940787136196,10.7499524830278,106.6614552283964
V3016,2026-03-01 08:50:00,SEG_B,18.663207444063275,10.749239908144183,106.66015891528583
V3017,2026-03-01 08:50:00,SEG_B,8.379607908781674,10.750420482012736,106.66051534015406
V3018,2026-03-01 08:50:00,SEG_B,5.0,10.750175149417386,106.659882426742
V3031,2026-03-01 08:51:00,SEG_B,11.666638570591468,10.74905650363025,106.66008097807936
V3032,2026-03-01 08:51:00,SEG_B,16.982280470775045,10.750095807511157,106.65981986536988
V3033,2026-03-01 08:51:00,SEG_B,6.338786207017941,10.750422688291309,106.6604708544944
V3034,2026-03-01 08:51:00,SEG_B,16.606577003693374,10.750110993645071,106.66167924948776
V3035,2026-03-01 08:51:00,SEG_B,10.004969723412833,10.751281435097455,106.65926597553076
V3036,2026-03-01 08:51:00,SEG_B,23.871604583651425,10.75123336755008,106.6597069487966
V3037,2026-03-01 08:51:00,SEG_B,28.28770443248667,10.750469035886749,106.65912272755884
V3038,2026-03-01 08:51:00,SEG_B,12.006747244886329,10.751132762306106,106.66092306470188
V3039,2026-03-01 08:51:00,SEG_B,6.535676788965674,10.74986074268781,106.66020352298275
V3040,2026-03-01 08:51:00,SEG_B,10.939163287395129,10.752357799723375,106.6602336637434
V3041,2026-03-01 08:51:00,SEG_B,14.505502472775603,10.751190851044258,106.65963478646516
V3042,2026-03-01 08:51:00,SEG_B,23.059420884938586,10.748332267604416,106.65954634595376
V3055,2026-03-01 08:52:00,SEG_B,10.970391223089482,10.749590633070325,106.65996648720932
V3056,2026-03-01 08:52:00,SEG_B,16.667342894910256,10.749079845648629,106.65976606004232
V3057,2026-03-01 08:52:00,SEG_B,8.834617416579242,10.748784950472926,106.65918268829752
V3058,2026-03-01 08:52:00,SEG_B,5.800202938436485,10.749579845087249,106.66043247490546
V3059,2026-03-01 08:52:00,SEG_B,15.9656828334237,10.75197434477666,106.65778954698628
V3060,2026-03-01 08:52:00,SEG_B,18.754727729713508,10.750006420238524,106.66081567034236
V3061,2026-03-01 08:52:00,SEG_B,20.73172163448327,10.749835008249866,106.66017265128484
V3062,2026-03-01 08:52:00,SEG_B,9.047446296652122,10.750613679979354,106.65812112394788
V3063,2026-03-01 08:52:00,SEG_B,21.21461150919454,10.749976826555764,106.65951293796216
V3064,2026-03-01 08:52:00,SEG_B,13.139734404426193,10.749840803765412,106.66129730376048
V3065,2026-03-01 08:52:00,SEG_B,40.8679493059881,10.75121987082415,106.65943467421413
V3066,2026-03-01 08:52:00,SEG_B,20.038254594282236,10.750673329166055,106.65907483927757
V3081,2026-03-01 08:53:00,SEG_B,23.39183412444602,10.749080010147832,106.66057466784048
V3082,2026-03-01 08:53:00,SEG_B,14.08903558083775,10.749056954805258,106.66038530767072
V3083,2026-03-01 08:53:00,SEG_B,14.47190513403814,10.749370880805854,106.66004199908714
V3084,2026-03-01 08:53:00,SEG_B,13.963756912500864,10.749846311931485,106.65958740685008
V3085,2026-03-01 08:53:00,SEG_B,5.0,10.750074765415896,106.65919728562628
V3086,2026-03-01 08:53:00,SEG_B,6.837369058847457,10.749759300155898,106.66073402654416
V3087,2026-03-01 08:53:00,SEG_B,16.48490806152785,10.749468857791642,106.65942865394211
V3088,2026-03-01 08:53:00,SEG_B,20.086506097510146,10.747603264230552,106.6607973649892
V3089,2026-03-01 08:53:00,SEG_B,5.0,10.748584592091676,106.65948573416874
V3090,2026-03-01 08:53:00,SEG_B,32.36099314344676,10.751677419360014,106.6607064877558
V3091,2026-03-01 08:53:00,SEG_B,17.852339026363598,10.748137723031988,106.66015675816288
V3092,2026-03-01 08:53:00,SEG_B,10.60622785152023,10.749183330666376,106.66015480308997
V3093,2026-03-01 08:53:00,SEG_B,11.231119924426409,10.750869299545968,106.65806404523238
V3094,2026-03-01 08:53:00,SEG_B,15.600091378767855,10.749120902776486,106.65959036417108
V3103,2026-03-01 08:54:00,SEG_B,5.0,10.74840006802904,106.6607593026227
V3104,2026-03-01 08:54:00,SEG_B,25.69162153346504,10.749318202808627,106.66127894966964
V3105,2026-03-01 08:54:00,SEG_B,20.932719998740357,10.749810519869014,106.65973955371622
V3106,2026-03-01 08:54:00,SEG_B,16.446961811325227,10.750877455822154,106.6603972945656
V3107,2026-03-01 08:54:00,SEG_B,9.585533585610436,10.749825792952974,106.66198126345472
V3108,2026-03-01 08:54:00,SEG_B,17.009710378369537,10.750869325426883,106.66053988498724
V3109,2026-03-01 08:54:00,SEG_B,17.186861951981623,10.750108698900014,106.66089739062532
V3110,2026-03-01 08:54:00,SEG_B,20.749137882485467,10.750263893478012,106.65930623747444
V3119,2026-03-01 08:55:00,SEG_B,10.30908839950395,10.748481612030131,106.66203996416009
V3120,2026-03-01 08:55:00,SEG_B,6.986929574723408,10.749803742192505,106.6597908074799
V3121,2026-03-01 08:55:00,SEG_B,20.68247321573262,10.750462352460673,106.65917319896226
V3122,2026-03-01 08:55:00,SEG_B,12.393382260453546,10.749773077566458,106.6607489594982
V3123,2026-03-01 08:55:00,SEG_B,5.65342468113119,10.752018110556756,106.65924081661254
V3124,2026-03-01 08:55:00,SEG_B,14.930004825947254,10.748840010560306,106.65870184098836
V3125,2026-03-01 08:55:00,SEG_B,8.004572727379008,10.749029476782336,106.65958574297584
V3126,2026-03-01 08:55:00,SEG_B,7.168279769890074,10.750695552421297,106.65921701610468
V3143,2026-03-01 08:56:00,SEG_B,19.240473566169037,10.74904655250994,106.659041612325
V3144,2026-03-01 08:56:00,SEG_B,17.961563656401637,10.748831358246436,106.66072901725286
V3145,2026-03-01 08:56:00,SEG_B,14.885755100824532,10.748172090781283,106.66010949912555
V3146,2026-03-01 08:56:00,SEG_B,5.0,10.750693362009656,106.65975128567077
V3147,2026-03-01 08:56:00,SEG_B,29.80867373205456,10.751071312844372,106.65893930749375
V3148,2026-03-01 08:56:00,SEG_B,5.0,10.749244898743209,106.65877874139716
V3149,2026-03-01 08:56:00,SEG_B,29.605904695016758,10.74998968534072,106.66093341880418
V3150,2026-03-01 08:56:00,SEG_B,12.719752699595311,10.74982033251172,106.65996737297748
V3151,2026-03-01 08:56:00,SEG_B,23.85231454873957,10.750311624755676,106.65894266615652
V3152,2026-03-01 08:56:00,SEG_B,27.980113104691338,10.749707184501014,106.65954447987612
V3153,2026-03-01 08:56:00,SEG_B,5.0,10.750634399591162,106.66010101263966
V3154,2026-03-01 08:56:00,SEG_B,15.799405252815216,10.749597175328889,106.65942478215986
V3155,2026-03-01 08:56:00,SEG_B,12.04335658535656,10.750463160871128,106.66063911777304
V3156,2026-03-01 08:56:00,SEG_B,13.151747293003211,10.750948937494316,106.65992102581896
V3157,2026-03-01 08:56:00,SEG_B,10.966188655010756,10.750198415574909,106.6586406135815
V3158,2026-03-01 08:56:00,SEG_B,16.86174647263399,10.748457817894474,106.65897227304
V3178,2026-03-01 08:57:00,SEG_B,9.698803599521773,10.74929379369251,106.66047442943984
V3179,2026-03-01 08:57:00,SEG_B,14.7656975269549,10.749592686082696,106.6599172159003
V3180,2026-03-01 08:57:00,SEG_B,27.75647606270664,10.74955698159326,106.65952798038671
V3181,2026-03-01 08:57:00,SEG_B,5.0,10.749957647061844,106.66065688351124
V3182,2026-03-01 08:57:00,SEG_B,21.689584925446944,10.75010821760163,106.66095583357308
V3183,2026-03-01 08:57:00,SEG_B,20.849843215041936,10.751112950229691,106.66098430265548
V3184,2026-03-01 08:57:00,SEG_B,27.55982556885801,10.749830306833434,106.65867294195763
V3185,2026-03-01 08:57:00,SEG_B,20.30974994948336,10.750780553189324,106.66156999539338
V3186,2026-03-01 08:57:00,SEG_B,25.250322849357648,10.751945472455864,106.66061985398032
V3187,2026-03-01 08:57:00,SEG_B,16.830484735509025,10.748615016878674,106.66030809653452
V3188,2026-03-01 08:57:00,SEG_B,10.579973145029456,10.750211510013433,106.66005451318632
V3189,2026-03-01 08:57:00,SEG_B,18.77386871080108,10.749902669290462,106.66093502019072
V3190,2026-03-01 08:57:00,SEG_B,5.0,10.750189993575155,106.66120248977914
V3191,2026-03-01 08:57:00,SEG_B,29.96038806764972,10.750731961338383,106.66168488302256
V3192,2026-03-01 08:57:00,SEG_B,16.35148796606994,10.750002862575927,106.66052941564324
V3193,2026-03-01 08:57:00,SEG_B,14.97444573687148,10.749217642531985,106.65948475975588
V3194,2026-03-01 08:57:00,SEG_B,6.102776751390742,10.750528377094865,106.6600113918125
V3195,2026-03-01 08:57:00,SEG_B,12.11771106593522,10.749433316243165,106.6605050563462
V3196,2026-03-01 08:57:00,SEG_B,21.24358544488056,10.748869486003494,106.65871231533022
V3206,2026-03-01 08:58:00,SEG_B,10.564429531946296,10.750424512134432,106.66072758690744
V3207,2026-03-01 08:58:00,SEG_B,5.0,10.751369625869035,106.65983257587318
V3208,2026-03-01 08:58:00,SEG_B,14.274553243137117,10.750023784659431,106.6611445401393
V3209,2026-03-01 08:58:00,SEG_B,8.958542734388736,10.748293029995216,106.6603229552929
V3210,2026-03-01 08:58:00,SEG_B,5.0,10.749698896404864,106.66118687428984
V3211,2026-03-01 08:58:00,SEG_B,19.632751228069907,10.751042356065724,106.6606203513652
V3212,2026-03-01 08:58:00,SEG_B,34.282675910267265,10.749411760372343,106.660398131677
V3213,2026-03-01 08:58:00,SEG_B,11.495036230298798,10.750956801269917,106.65993842512394
V3214,2026-03-01 08:58:00,SEG_B,28.750759035552363,10.749469184044598,106.66140712652572
V3232,2026-03-01 08:59:00,SEG_B,20.157798032513668,10.748770599098016,106.66169936789754
V3233,2026-03-01 08:59:00,SEG_B,8.575478845771908,10.751737542432988,106.66202219505692
V3235,2026-03-01 08:59:00,SEG_B,13.43998067607698,10.75110216563992,106.66092451026832
V3236,2026-03-01 08:59:00,SEG_B,5.24221329520098,10.749706277960131,106.6574636344948
V3237,2026-03-01 08:59:00,SEG_B,18.30394272138203,10.748116671598773,106.6611304778428
V3238,2026-03-01 08:59:00,SEG_B,24.46179888573927,10.749525633185591,106.66052127593044
V3239,2026-03-01 08:59:00,SEG_B,13.263210207515932,10.750241908395015,106.65885274057676
V3240,2026-03-01 08:59:00,SEG_B,19.979940985919274,10.748358814769777,106.65817006983768
V3241,2026-03-01 08:59:00,SEG_B,14.024573466664066,10.749788756720388,106.66027230173054
V3242,2026-03-01 08:59:00,SEG_B,9.803940078109369,10.751885691665786,106.66016060498936
V3243,2026-03-01 08:59:00,SEG_B,16.863054228129805,10.750197233877406,106.66100290986894
V3244,2026-03-01 08:59:00,SEG_B,19.608139315875714,10.750442017899708,106.66073598410486
V3245,2026-03-01 08:59:00,SEG_B,5.0,10.748213152349416,106.65992394125468
V3246,2026-03-01 08:59:00,SEG_B,13.418608938544782,10.750579809844048,106.66002001690218
V3247,2026-03-01 08:59:00,SEG_B,19.654919475633683,10.74875440473044,106.6599892554296
V3248,2026-03-01 08:59:00,SEG_B,5.0,10.750386857934371,106.65812171495764
V3253,2026-03-01 09:00:00,SEG_B,39.904713192913455,10.74972660978125,106.65892693067292
V3254,2026-03-01 09:00:00,SEG_B,36.47936262599601,10.748678651614672,106.65915483447289
V3256,2026-03-01 09:00:00,SEG_B,29.23363521995994,10.749874901279169,106.6585762678888
V3264,2026-03-01 09:01:00,SEG_B,42.78961598414911,10.749684479998754,106.65943596159062
V3265,2026-03-01 09:01:00,SEG_B,44.50825768557931,10.750497578274697,106.65965371035966
V3266,2026-03-01 09:01:00,SEG_B,26.76747067791448,10.75045637818538,106.65923267280655
V3267,2026-03-01 09:01:00,SEG_B,41.71472860296248,10.75015115723168,106.65811105257296
V3268,2026-03-01 09:01:00,SEG_B,40.64865347529259,10.750514532525374,106.6606371524153
V3269,2026-03-01 09:01:00,SEG_B,40.9389260087705,10.74802281395605,106.66127708106218
V3270,2026-03-01 09:01:00,SEG_B,43.28818134034064,10.74879668067063,106.65921223695985
V3277,2026-03-01 09:02:00,SEG_B,40.10554924785152,10.750283142259503,106.6593749959538
V3278,2026-03-01 09:02:00,SEG_B,40.615715066015646,10.75060793953374,106.66196145182376
V3279,2026-03-01 09:02:00,SEG_B,38.99004496452175,10.74995870268466,106.66152745234598
V3280,2026-03-01 09:02:00,SEG_B,35.60667313361524,10.748675646967238,106.66025024897566
V3281,2026-03-01 09:02:00,SEG_B,48.60940020070332,10.7503610471352,106.65990298434244
V3282,2026-03-01 09:02:00,SEG_B,28.41285301492129,10.749941630754732,106.66123315492632
V3288,2026-03-01 09:03:00,SEG_B,44.55495269393675,10.750870952517252,106.66075835423354
V3289,2026-03-01 09:03:00,SEG_B,37.16481644644913,10.751279164902966,106.66000047498636
V3290,2026-03-01 09:03:00,SEG_B,41.02484899948352,10.748462166548222,106.66064476496958
V3291,2026-03-01 09:03:00,SEG_B,37.91670629142071,10.7504647788621,106.6602351136998
V3292,2026-03-01 09:03:00,SEG_B,41.44749261331017,10.749954286427531,106.66078659973466
V3299,2026-03-01 09:04:00,SEG_B,59.6918113121932,10.749217673969223,106.65823654939436
V3300,2026-03-01 09:04:00,SEG_B,40.05774765380141,10.749724627670243,106.6606536639836
V3301,2026-03-01 09:04:00,SEG_B,48.599426756690846,10.74991270585512,106.6597592919542
V3302,2026-03-01 09:04:00,SEG_B,44.18175855612902,10.749743671334308,106.6596600178991
V3303,2026-03-01 09:04:00,SEG_B,48.29707950940229,10.751259777856903,106.66108396624388
V3304,2026-03-01 09:04:00,SEG_B,38.65416229819579,10.747860211012249,106.6598517939136
V3312,2026-03-01 09:05:00,SEG_B,39.49456137466855,10.75008524877136,106.6611247441989
V3313,2026-03-01 09:05:00,SEG_B,38.53720082152566,10.750176277035727,106.660899123484
V3314,2026-03-01 09:05:00,SEG_B,28.22183507333051,10.749714701837611,106.66082915329538
V3315,2026-03-01 09:05:00,SEG_B,40.52480118674075,10.751467333812078,106.6584240766418
V3316,2026-03-01 09:05:00,SEG_B,26.479985856430936,10.750769686516623,106.66086580721492
V3317,2026-03-01 09:05:00,SEG_B,38.45399994534533,10.750400394400046,106.66074520697762
V3318,2026-03-01 09:05:00,SEG_B,33.489094353186026,10.74929315162495,106.6601897261792
V3326,2026-03-01 09:06:00,SEG_B,40.74928678115884,10.751252654905556,106.66153965907296
V3327,2026-03-01 09:06:00,SEG_B,44.034468014772834,10.752141272215454,106.65964362694343
V3328,2026-03-01 09:06:00,SEG_B,26.939847663980583,10.751053178067888,106.65816140560824
V3329,2026-03-01 09:06:00,SEG_B,33.95997581840157,10.750520112232422,106.65989761851996
V3330,2026-03-01 09:06:00,SEG_B,38.472377897027954,10.74881920996718,106.65998919761056
V3331,2026-03-01 09:06:00,SEG_B,48.029299909902335,10.750019967916536,106.65916977412036
V3332,2026-03-01 09:06:00,SEG_B,30.01969231522136,10.749190405417044,106.6603923337524
V3336,2026-03-01 09:07:00,SEG_B,58.86159384021095,10.750749029991116,106.6601362192992
V3337,2026-03-01 09:07:00,SEG_B,42.87081229104775,10.748248884138514,106.65887765962924
V3338,2026-03-01 09:07:00,SEG_B,19.912569079622887,10.751729873894575,106.66152738602916
V3343,2026-03-01 09:08:00,SEG_B,38.94605179430423,10.750207338969611,106.65949678293572
V3344,2026-03-01 09:08:00,SEG_B,46.21637277189505,10.750078802240472,106.66106231238528
V3345,2026-03-01 09:08:00,SEG_B,37.14244737535425,10.75304532559201,106.65943551127651
V3346,2026-03-01 09:08:00,SEG_B,32.77336006595303,10.748973699449904,106.65978905927344
V3351,2026-03-01 09:09:00,SEG_B,34.28021336024364,10.750824066475635,106.65951194413576
V3352,2026-03-01 09:09:00,SEG_B,57.99450158616684,10.750415979255894,106.65898998933882
V3353,2026-03-01 09:09:00,SEG_B,37.06635854283938,10.74919815300996,106.66080006865296
V3354,2026-03-01 09:09:00,SEG_B,26.889762747477977,10.748659048619563,106.65940845388124
V3359,2026-03-01 09:10:00,SEG_B,47.502332308200415,10.750832075188292,106.66019500006716
V3360,2026-03-01 09:10:00,SEG_B,36.46387775624476,10.750107762088676,106.65940378958332
V3361,2026-03-01 09:10:00,SEG_B,38.42856862395063,10.75261817342358,106.66018218970088
V3362,2026-03-01 09:10:00,SEG_B,43.601960136300384,10.74929451935097,106.66102007341642
V3367,2026-03-01 09:11:00,SEG_B,46.62076218850739,10.749037086112534,106.6595285089785
V3368,2026-03-01 09:11:00,SEG_B,38.29376323456183,10.75003928682157,106.65965634672358
V3369,2026-03-01 09:11:00,SEG_B,39.46103162215721,10.74994037236761,106.65955296904237
V3370,2026-03-01 09:11:00,SEG_B,33.81444433888988,10.751081473924357,106.65789559429771
V3378,2026-03-01 09:12:00,SEG_B,39.56238547825173,10.74910472023011,106.65885559618796
V3379,2026-03-01 09:12:00,SEG_B,48.29436346000165,10.749445999054116,106.65758638767149
V3380,2026-03-01 09:12:00,SEG_B,54.122849251948985,10.749197904676937,106.65975362695625
V3381,2026-03-01 09:12:00,SEG_B,53.12725204395452,10.749858257905812,106.6598366633978
V3382,2026-03-01 09:12:00,SEG_B,30.174615643595736,10.748365166300372,106.6598336137354
V3383,2026-03-01 09:12:00,SEG_B,42.90247819259916,10.75030552540821,106.65951873891952
V3384,2026-03-01 09:12:00,SEG_B,40.16206239477554,10.748162790004672,106.66046016702067
V3387,2026-03-01 09:13:00,SEG_B,43.47766295016319,10.750026892061726,106.65874005329894
V3388,2026-03-01 09:13:00,SEG_B,26.914053694447844,10.750262908202632,106.66138311454108
V3392,2026-03-01 09:14:00,SEG_B,38.38116992203614,10.7498812726891,106.65994866199746
V3393,2026-03-01 09:14:00,SEG_B,49.34366652809887,10.74765282627166,106.66003053830458
V3394,2026-03-01 09:14:00,SEG_B,39.36402899444116,10.748628498858556,106.66067176721658
V3399,2026-03-01 09:15:00,SEG_B,39.553046960972445,10.748571061833054,106.66042858616572
V3400,2026-03-01 09:15:00,SEG_B,37.84778271750783,10.750530664925527,106.66044174021458
V3401,2026-03-01 09:15:00,SEG_B,35.13388782764929,10.750632844764423,106.65950209491736
V3402,2026-03-01 09:15:00,SEG_B,36.53694501455223,10.74946772859338,106.6611309744278
V3407,2026-03-01 09:16:00,SEG_B,43.95376095422797,10.74969076927605,106.65960964279678
V3408,2026-03-01 09:16:00,SEG_B,44.49287000599681,10.750820425629332,106.6609967926857
V3409,2026-03-01 09:16:00,SEG_B,37.90769190899405,10.750175205856404,106.66058404040923
V3410,2026-03-01 09:16:00,SEG_B,36.9282797925051,10.748865059966198,106.65919372893327
V3416,2026-03-01 09:17:00,SEG_B,31.960904733441254,10.749158340368895,106.66125225244748
V3417,2026-03-01 09:17:00,SEG_B,40.60619862415086,10.750669754096712,106.66040175191
V3418,2026-03-01 09:17:00,SEG_B,39.717323581648415,10.749651700880852,106.66083155802248
V3419,2026-03-01 09:17:00,SEG_B,49.29869254248924,10.751084188347017,106.65881452836636
V3420,2026-03-01 09:17:00,SEG_B,50.43928814275464,10.749642064745805,106.65924497046244
V3425,2026-03-01 09:18:00,SEG_B,52.73695718391036,10.748597010014846,106.6598192914036
V3426,2026-03-01 09:18:00,SEG_B,34.40017852448618,10.749024577479622,106.65951320928323
V3427,2026-03-01 09:18:00,SEG_B,54.16454087229585,10.75014337017008,106.6592082919612
V3428,2026-03-01 09:18:00,SEG_B,25.37097271730076,10.748278637453652,106.65946353685588
V3433,2026-03-01 09:19:00,SEG_B,40.34817977348592,10.7498768537107,106.66159271373378
V3434,2026-03-01 09:19:00,SEG_B,39.871619007333216,10.7504003034065,106.65924920172672
V3435,2026-03-01 09:19:00,SEG_B,29.035983479564933,10.749389638368497,106.66218697583894
V3436,2026-03-01 09:19:00,SEG_B,45.064167586295646,10.75027453483711,106.6590236266098
V3444,2026-03-01 09:20:00,SEG_B,27.43680742911452,10.74893508378178,106.65972994032644
V3445,2026-03-01 09:20:00,SEG_B,28.453892898613415,10.749593135485446,106.65962536970493
V3446,2026-03-01 09:20:00,SEG_B,50.47747029333355,10.750142533702292,106.66102942957606
V3447,2026-03-01 09:20:00,SEG_B,42.41339775047774,10.749464332728769,106.66013371680776
V3448,2026-03-01 09:20:00,SEG_B,45.83541067145738,10.751193401326445,106.65986768993706
V3449,2026-03-01 09:20:00,SEG_B,26.81991484917645,10.748282197742578,106.65967358738988
V3450,2026-03-01 09:20:00,SEG_B,21.296787990816217,10.751795104465735,106.6605969332314
V3455,2026-03-01 09:21:00,SEG_B,34.63200308818912,10.748179133985538,106.65932886892828
V3456,2026-03-01 09:21:00,SEG_B,33.5499158857897,10.7493680129282,106.65904062527076
V3457,2026-03-01 09:21:00,SEG_B,36.3111233793623,10.750620017214093,106.66171525710266
V3458,2026-03-01 09:21:00,SEG_B,26.19722820592781,10.7487122653731,106.65920855374128
V3465,2026-03-01 09:22:00,SEG_B,60.82694221446111,10.750310102888497,106.660697688039
V3466,2026-03-01 09:22:00,SEG_B,42.32339113036825,10.749900901408132,106.6597412084504
V3467,2026-03-01 09:22:00,SEG_B,42.353950757268535,10.750521175751814,106.66115438789964
V3468,2026-03-01 09:22:00,SEG_B,42.47080446643012,10.749537110824576,106.6596731460034
V3469,2026-03-01 09:22:00,SEG_B,29.416504456774557,10.751661213843573,106.65945882638648
V3470,2026-03-01 09:22:00,SEG_B,47.73952368110325,10.750276550857444,106.66030373183084
V3474,2026-03-01 09:23:00,SEG_B,40.360086203930784,10.748842786196985,106.6598145200241
V3475,2026-03-01 09:23:00,SEG_B,44.70005272191382,10.74950097074499,106.65967515680462
V3476,2026-03-01 09:23:00,SEG_B,38.61306515691484,10.75211152933131,106.6581659510629
V3483,2026-03-01 09:24:00,SEG_B,48.3682586604109,10.750152218149296,106.66134945261491
V3484,2026-03-01 09:24:00,SEG_B,42.96428695986873,10.74893366642812,106.66045828121328
V3485,2026-03-01 09:24:00,SEG_B,45.36088555897681,10.749452376414112,106.65855790700267
V3486,2026-03-01 09:24:00,SEG_B,40.80236851445285,10.748999155364684,106.66112088766306
V3487,2026-03-01 09:24:00,SEG_B,36.74258655658726,10.751724601106494,106.65787584133248
V3488,2026-03-01 09:24:00,SEG_B,41.07836483316118,10.751429392640102,106.65910969568412
V3493,2026-03-01 09:25:00,SEG_B,29.64713947981967,10.749048075584009,106.66054527316548
V3494,2026-03-01 09:25:00,SEG_B,42.204583191700365,10.750790082712443,106.65967384978195
V3495,2026-03-01 09:25:00,SEG_B,32.60212609999914,10.750918846488414,106.65944655148654
V3496,2026-03-01 09:25:00,SEG_B,41.49238444683183,10.748450075160884,106.65943018957567
V3499,2026-03-01 09:26:00,SEG_B,30.647496959884386,10.750670993295447,106.66105693178125
V3500,2026-03-01 09:26:00,SEG_B,34.228082822045806,10.749626476051228,106.6601416287738
V3507,2026-03-01 09:27:00,SEG_B,50.29969811078777,10.75057647413983,106.6593239471972
V3508,2026-03-01 09:27:00,SEG_B,33.64477282079608,10.750299852344174,106.65984669628466
V3509,2026-03-01 09:27:00,SEG_B,43.54432939404727,10.750601721372606,106.6610918905289
V3510,2026-03-01 09:27:00,SEG_B,30.943012568563823,10.75022161894785,106.65963652499605
V3511,2026-03-01 09:27:00,SEG_B,39.21091964851711,10.750864408852667,106.66097312587304
V3512,2026-03-01 09:27:00,SEG_B,51.18754920306923,10.750425590250368,106.65988998320924
V3521,2026-03-01 09:28:00,SEG_B,34.06423524531475,10.748991503374691,106.66177209898342
V3522,2026-03-01 09:28:00,SEG_B,46.7820759166215,10.751407439113915,106.66024818528408
V3523,2026-03-01 09:28:00,SEG_B,50.03215388266229,10.749151679610453,106.66016259098092
V3524,2026-03-01 09:28:00,SEG_B,42.296428119781886,10.751382446931876,106.66031884304012
V3525,2026-03-01 09:28:00,SEG_B,34.99590606611028,10.75006407383892,106.65832358679754
V3526,2026-03-01 09:28:00,SEG_B,21.43225013383786,10.750831341370109,106.65962525611369
V3530,2026-03-01 09:29:00,SEG_B,47.64798884512098,10.747554533979985,106.65941374714272
V3531,2026-03-01 09:29:00,SEG_B,40.1834428045409,10.749210237676587,106.65954824407692
V3532,2026-03-01 09:29:00,SEG_B,54.71500452981783,10.751104023885782,106.65931417231918
V3538,2026-03-01 09:30:00,SEG_B,36.30345963425093,10.748791725760574,106.65939502667813
V3539,2026-03-01 09:30:00,SEG_B,50.00376032184857,10.749387674110697,106.66071825612548
V3540,2026-03-01 09:30:00,SEG_B,52.13812145645632,10.749972422686398,106.66099376710504
V3541,2026-03-01 09:30:00,SEG_B,44.2486876651094,10.750116436930584,106.66075031558933
V3542,2026-03-01 09:30:00,SEG_B,54.71950471993483,10.74936273108749,106.65904079909984
V3546,2026-03-01 09:31:00,SEG_B,35.813244653795216,10.751014089124707,106.66034319180176
V3547,2026-03-01 09:31:00,SEG_B,44.69170777891041,10.750159065683029,106.6605243681636
V3548,2026-03-01 09:31:00,SEG_B,43.66857350544769,10.749071925371863,106.66037306309538
V3555,2026-03-01 09:32:00,SEG_B,30.42021921895696,10.749774501315558,106.65981754038978
V3556,2026-03-01 09:32:00,SEG_B,42.02161576645487,10.750663216389704,106.6596631190766
V3557,2026-03-01 09:32:00,SEG_B,40.28961576530102,10.74890618749331,106.65865550297572
V3558,2026-03-01 09:32:00,SEG_B,28.00822123161352,10.750649247801128,106.6596620921519
V3559,2026-03-01 09:32:00,SEG_B,25.031037897404776,10.749936911047316,106.6587511786682
V3560,2026-03-01 09:32:00,SEG_B,53.283030551783774,10.749421178278412,106.66068150598582
V3565,2026-03-01 09:33:00,SEG_B,42.78975780391579,10.750642128296183,106.66068841105388
V3566,2026-03-01 09:33:00,SEG_B,51.964009291071406,10.749965949300536,106.66016395699344
V3567,2026-03-01 09:33:00,SEG_B,47.456534471808894,10.749509612390236,106.65866473252731
V3568,2026-03-01 09:33:00,SEG_B,43.94584139666217,10.749793976315384,106.65879247258826
V3571,2026-03-01 09:34:00,SEG_B,37.373407611897065,10.75008993839582,106.66076286620076
V3572,2026-03-01 09:34:00,SEG_B,26.26821188751478,10.75007209480084,106.66006421307196
V3578,2026-03-01 09:35:00,SEG_B,41.2403700504398,10.75023988948012,106.6594433527857
V3579,2026-03-01 09:35:00,SEG_B,38.84692679386996,10.7521586237269,106.6621204332586
V3580,2026-03-01 09:35:00,SEG_B,31.56727847896212,10.749085552433412,106.658940596723
V3581,2026-03-01 09:35:00,SEG_B,48.45643151977792,10.749601470700425,106.6602396742436
V3582,2026-03-01 09:35:00,SEG_B,55.97573866624707,10.749989535205687,106.66070624872177
V3590,2026-03-01 09:36:00,SEG_B,28.14368416451052,10.750307003623623,106.66020290333108
V3591,2026-03-01 09:36:00,SEG_B,50.26209482268281,10.751041409007726,106.66239711671452
V3592,2026-03-01 09:36:00,SEG_B,39.40901785967123,10.749739470436204,106.65869977365486
V3593,2026-03-01 09:36:00,SEG_B,45.57262533981061,10.750118534241446,106.660651266305
V3594,2026-03-01 09:36:00,SEG_B,30.887006246092803,10.750351604189026,106.66020519961796
V3595,2026-03-01 09:36:00,SEG_B,41.11228031914949,10.74931673409181,106.66118932464856
V3596,2026-03-01 09:36:00,SEG_B,56.40246063182409,10.748889655973702,106.6607204439796
V3603,2026-03-01 09:37:00,SEG_B,38.11912681273482,10.749462018072844,106.65828978784369
V3604,2026-03-01 09:37:00,SEG_B,34.579026276880256,10.751389199305866,106.65961885551292
V3605,2026-03-01 09:37:00,SEG_B,39.17397095631265,10.750140525646854,106.6622181413947
V3606,2026-03-01 09:37:00,SEG_B,40.07099817133569,10.751093945353585,106.65940181982796
V3607,2026-03-01 09:37:00,SEG_B,37.92480591598007,10.75001255272311,106.65922586705814
V3608,2026-03-01 09:37:00,SEG_B,38.37025775517634,10.750888050935814,106.65919963543892
V3612,2026-03-01 09:38:00,SEG_B,44.54311323289291,10.751126216231778,106.65879089542638
V3613,2026-03-01 09:38:00,SEG_B,38.98542003477637,10.751220746442328,106.6591122664496
V3614,2026-03-01 09:38:00,SEG_B,47.72178103178482,10.7507333178646,106.66027472364844
V3618,2026-03-01 09:39:00,SEG_B,45.87472230777547,10.749217528474144,106.65853340303453
V3619,2026-03-01 09:39:00,SEG_B,40.67424681018798,10.748252782662677,106.659676339005
V3620,2026-03-01 09:39:00,SEG_B,35.9264813591059,10.750491748192202,106.66198259703548
V3628,2026-03-01 09:40:00,SEG_B,29.08842822670037,10.751626335702216,106.66158608299172
V3629,2026-03-01 09:40:00,SEG_B,46.815506659644704,10.749761532562662,106.6589919850634
V3630,2026-03-01 09:40:00,SEG_B,34.73935198979516,10.751942641906426,106.65930780261348
V3631,2026-03-01 09:40:00,SEG_B,21.15523716491149,10.751030165508483,106.6615005031136
V3632,2026-03-01 09:40:00,SEG_B,53.27372549733218,10.751038348004249,106.66120151967723
V3633,2026-03-01 09:40:00,SEG_B,40.42347259242833,10.747923704376507,106.6600278810415
V3634,2026-03-01 09:40:00,SEG_B,44.972582179355335,10.749864729943434,106.65981916388124
V3641,2026-03-01 09:41:00,SEG_B,34.94307765648243,10.75027081415688,106.66067149952848
V3642,2026-03-01 09:41:00,SEG_B,41.735429483335885,10.749118818790514,106.65953643936014
V3643,2026-03-01 09:41:00,SEG_B,36.35274063860274,10.74915755604507,106.6603135395816
V3644,2026-03-01 09:41:00,SEG_B,43.34489677034462,10.750979517600888,106.65914237765185
V3645,2026-03-01 09:41:00,SEG_B,35.380170510169656,10.751554569451931,106.65983550413593
V3646,2026-03-01 09:41:00,SEG_B,40.24104823401307,10.749824896278604,106.66113303081872
V3653,2026-03-01 09:42:00,SEG_B,39.0401026413257,10.7500024647611,106.65894110980688
V3654,2026-03-01 09:42:00,SEG_B,42.49738895081224,10.750957809255498,106.66023820065406
V3655,2026-03-01 09:42:00,SEG_B,35.665247284960984,10.749851527931591,106.6599954566432
V3656,2026-03-01 09:42:00,SEG_B,41.73857301984839,10.75110983076224,106.6602719397534
V3657,2026-03-01 09:42:00,SEG_B,28.778426970962315,10.749437678928013,106.6601660210509
V3658,2026-03-01 09:42:00,SEG_B,48.99299587963292,10.751297846441537,106.66177468534158
V3661,2026-03-01 09:43:00,SEG_B,64.23870711097715,10.75030355423619,106.6591361867808
V3662,2026-03-01 09:43:00,SEG_B,43.26231204766325,10.74948292481341,106.65903925588684
V3670,2026-03-01 09:44:00,SEG_B,36.715520689324784,10.749626855727051,106.659935019019
V3671,2026-03-01 09:44:00,SEG_B,27.410895232783687,10.749460659887458,106.66023036801914
V3672,2026-03-01 09:44:00,SEG_B,41.78590348939864,10.75115799305258,106.6618393922222
V3673,2026-03-01 09:44:00,SEG_B,52.09986757331522,10.750914652384074,106.65985126540924
V3674,2026-03-01 09:44:00,SEG_B,35.01544744034496,10.750017878432509,106.66058557876975
V3675,2026-03-01 09:44:00,SEG_B,46.57550238596534,10.750623085733515,106.65987882452862
V3676,2026-03-01 09:44:00,SEG_B,46.294897918738094,10.751260872505084,106.66088016038408
V3684,2026-03-01 09:45:00,SEG_B,36.65559308754424,10.748681581723694,106.65965227810482
V3685,2026-03-01 09:45:00,SEG_B,53.31954280938143,10.748621401612311,106.65971739514852
V3686,2026-03-01 09:45:00,SEG_B,57.05843643417107,10.750408130082976,106.65963227671251
V3687,2026-03-01 09:45:00,SEG_B,38.74493892384609,10.750429362508394,106.66169577193062
V3688,2026-03-01 09:45:00,SEG_B,35.75317114018206,10.749242389717113,106.65862119126722
V3689,2026-03-01 09:45:00,SEG_B,40.82476826007843,10.748594312630182,106.65953621737518
V3690,2026-03-01 09:45:00,SEG_B,32.73053247111718,10.751074123510234,106.65949160361264
V3694,2026-03-01 09:46:00,SEG_B,49.32173105660289,10.748467325543151,106.65975607724236
V3702,2026-03-01 09:47:00,SEG_B,35.49015557456591,10.749227841911091,106.66043172418613
V3703,2026-03-01 09:47:00,SEG_B,15.79420078493932,10.74939632182634,106.6588486905006
V3704,2026-03-01 09:47:00,SEG_B,49.62606578413431,10.749559067237458,106.65943928388472
V3705,2026-03-01 09:47:00,SEG_B,39.61102011797381,10.749404627571534,106.65959735184184
V3706,2026-03-01 09:47:00,SEG_B,40.7768832833853,10.749577959565494,106.65957078254772
V3707,2026-03-01 09:47:00,SEG_B,31.91873861030953,10.74884621625948,106.66006063689758
V3708,2026-03-01 09:47:00,SEG_B,42.45280407828658,10.748571843356215,106.66075994141538
V3711,2026-03-01 09:48:00,SEG_B,27.72752093422831,10.751755673930232,106.6617687872587
V3712,2026-03-01 09:48:00,SEG_B,32.60320206452616,10.74927267918732,106.65967600896246
V3715,2026-03-01 09:49:00,SEG_B,38.359151958400055,10.750465784923716,106.65848579411666
V3716,2026-03-01 09:49:00,SEG_B,33.272635465118164,10.750105157884525,106.6577291091071
V3720,2026-03-01 09:50:00,SEG_B,37.64039843941835,10.749538976048338,106.6578431051132
V3721,2026-03-01 09:50:00,SEG_B,45.462140098463145,10.74876694895989,106.66006327025484
V3722,2026-03-01 09:50:00,SEG_B,33.533852452538454,10.749611273482452,106.66115229249176
V3728,2026-03-01 09:51:00,SEG_B,27.087844536448465,10.747716655655376,106.66078598497512
V3729,2026-03-01 09:51:00,SEG_B,45.38933550230989,10.7508968275739,106.65932263816428
V3730,2026-03-01 09:51:00,SEG_B,35.49161873972267,10.749878952357337,106.66144369930296
V3731,2026-03-01 09:51:00,SEG_B,53.55062502097641,10.750793808489842,106.6603310197248
V3732,2026-03-01 09:51:00,SEG_B,50.68306158160101,10.74974415754285,106.65960905846951
V3737,2026-03-01 09:52:00,SEG_B,41.80458797782859,10.749756170749478,106.65920737256536
V3738,2026-03-01 09:52:00,SEG_B,28.9925187947144,10.751132627323694,106.66079863926105
V3739,2026-03-01 09:52:00,SEG_B,50.8196030167388,10.750396818126982,106.65735789754144
V3740,2026-03-01 09:52:00,SEG_B,30.04333653854838,10.750464871305846,106.65963028297476
V3743,2026-03-01 09:53:00,SEG_B,41.41030207119847,10.748662235073803,106.65987017201915
V3744,2026-03-01 09:53:00,SEG_B,19.77656337125513,10.748431883860864,106.65967768815574
V3750,2026-03-01 09:54:00,SEG_B,26.856123518508625,10.749020211328002,106.66119865147311
V3751,2026-03-01 09:54:00,SEG_B,38.33120801573308,10.750278398465872,106.65912046798668
V3752,2026-03-01 09:54:00,SEG_B,39.7675629101964,10.74862784795188,106.66009988225429
V3753,2026-03-01 09:54:00,SEG_B,42.96512717816164,10.750320614727183,106.6590964151695
V3754,2026-03-01 09:54:00,SEG_B,37.263592127195984,10.750537194145982,106.65978856240471
V3758,2026-03-01 09:55:00,SEG_B,24.23653436957266,10.749384886491075,106.66052621864796
V3759,2026-03-01 09:55:00,SEG_B,31.37897474320337,10.750096948580923,106.65852357020208
V3760,2026-03-01 09:55:00,SEG_B,38.12889446316829,10.7488529560958,106.6599220194981
V3763,2026-03-01 09:56:00,SEG_B,22.38219640741068,10.749376719192403,106.6609147117138
V3764,2026-03-01 09:56:00,SEG_B,33.909130933940986,10.751497743878131,106.65914333794504
V3771,2026-03-01 09:57:00,SEG_B,41.46183268435446,10.748970411096993,106.66107842252642
V3772,2026-03-01 09:57:00,SEG_B,39.0838209072871,10.749673864890296,106.66046217562274
V3773,2026-03-01 09:57:00,SEG_B,39.38908400454627,10.748341948283164,106.6589385701006
V3774,2026-03-01 09:57:00,SEG_B,48.46166963091692,10.750083884347845,106.65831843219765
V3775,2026-03-01 09:57:00,SEG_B,42.81689653372133,10.74944074118013,106.6591255000475
V3776,2026-03-01 09:57:00,SEG_B,30.841018194929237,10.750999929471318,106.658034501628
V3784,2026-03-01 09:58:00,SEG_B,46.35246771621697,10.75047191000449,106.65770769862536
V3785,2026-03-01 09:58:00,SEG_B,32.13951607388482,10.751384105846508,106.65874405414456
V3786,2026-03-01 09:58:00,SEG_B,47.059689200526456,10.75070645265678,106.6592742476384
V3787,2026-03-01 09:58:00,SEG_B,24.03814698306621,10.749431087402051,106.66207801504363
V3788,2026-03-01 09:58:00,SEG_B,33.09378166232516,10.7492057426554,106.65900241758968
V3789,2026-03-01 09:58:00,SEG_B,49.71827581239616,10.749757084288374,106.65937409377104
V3790,2026-03-01 09:58:00,SEG_B,51.30779213756281,10.750579494087935,106.65908070975829
V3794,2026-03-01 09:59:00,SEG_B,32.64735550684917,10.749537318711615,106.66169291004512
V3795,2026-03-01 09:59:00,SEG_B,37.86525382321381,10.749832425162255,106.6605092553638
V3796,2026-03-01 09:59:00,SEG_B,38.10145543146752,10.750400152963886,106.66028061487695
V3802,2026-03-01 10:00:00,SEG_B,46.50401446973437,10.751024879232826,106.65993688430866
V3803,2026-03-01 10:00:00,SEG_B,39.064591665770735,10.75159140581172,106.65997957822016
V3804,2026-03-01 10:00:00,SEG_B,40.60548696292776,10.750484225907751,106.65990219374405
V3805,2026-03-01 10:00:00,SEG_B,33.43727741805524,10.750377965575524,106.65996124498996
V3806,2026-03-01 10:00:00,SEG_B,54.73799805179597,10.750788448550292,106.65940451771355
V3813,2026-03-01 10:01:00,SEG_B,43.01298387743595,10.749513503617402,106.6601091877263
V3814,2026-03-01 10:01:00,SEG_B,43.04055116063365,10.749439858354812,106.66133311628892
V3815,2026-03-01 10:01:00,SEG_B,44.64067334054835,10.749107777044678,106.66188287367646
V3816,2026-03-01 10:01:00,SEG_B,40.779114201361416,10.74890589695715,106.65916974587724
V3817,2026-03-01 10:01:00,SEG_B,51.90226877732276,10.751824984916215,106.66100948505348
V3818,2026-03-01 10:01:00,SEG_B,50.55446918869709,10.751216615458798,106.66055691615276
V3822,2026-03-01 10:02:00,SEG_B,29.465451066979952,10.751147719040103,106.65954904873998
V3823,2026-03-01 10:02:00,SEG_B,40.14758862976167,10.749389874958991,106.6612767548149
V3824,2026-03-01 10:02:00,SEG_B,46.82540926627212,10.749759260458848,106.65882010263525
V3830,2026-03-01 10:03:00,SEG_B,39.9654021972542,10.749085961907427,106.66043858942554
V3831,2026-03-01 10:03:00,SEG_B,26.806225293930154,10.751752708442416,106.66079297088496
V3832,2026-03-01 10:03:00,SEG_B,45.11297886122701,10.748263357887566,106.65920747132672
V3834,2026-03-01 10:03:00,SEG_B,48.2955472820076,10.750524974228114,106.65915250280428
V3842,2026-03-01 10:04:00,SEG_B,48.743100462727256,10.750295466841358,106.65956870452209
V3843,2026-03-01 10:04:00,SEG_B,40.53411297178308,10.750081369943954,106.65990830481772
V3844,2026-03-01 10:04:00,SEG_B,29.44710835740786,10.751243088607598,106.66106643358786
V3845,2026-03-01 10:04:00,SEG_B,31.64648778504114,10.749699274367815,106.65977491433064
V3846,2026-03-01 10:04:00,SEG_B,30.74784959600334,10.748133203732236,106.65932940734808
V3847,2026-03-01 10:04:00,SEG_B,37.14878127799047,10.748558766666635,106.66017697776408
V3848,2026-03-01 10:04:00,SEG_B,49.30285042653072,10.750842116146163,106.65987331434684
V3852,2026-03-01 10:05:00,SEG_B,40.21540721398432,10.7487843638704,106.65858028261682
V3853,2026-03-01 10:05:00,SEG_B,37.16312787346084,10.748753905330116,106.66052063341824
V3854,2026-03-01 10:05:00,SEG_B,36.70858489098985,10.749372882115669,106.65924172359708
V3860,2026-03-01 10:06:00,SEG_B,46.51702810893054,10.751810711662918,106.66140749837396
V3861,2026-03-01 10:06:00,SEG_B,38.90676892712685,10.749950485788268,106.66004671924478
V3862,2026-03-01 10:06:00,SEG_B,41.175995267700685,10.749152651885652,106.66093659379884
V3863,2026-03-01 10:06:00,SEG_B,41.65287302178229,10.749955143811183,106.65872885462343
V3864,2026-03-01 10:06:00,SEG_B,40.4982896679249,10.74810678769678,106.65941835065595
V3867,2026-03-01 10:07:00,SEG_B,49.00042791750092,10.751857127352944,106.6592681631677
V3868,2026-03-01 10:07:00,SEG_B,33.623164526947974,10.750668810900477,106.65999632154592
V3874,2026-03-01 10:08:00,SEG_B,43.99200717837555,10.749459374511437,106.65934737267293
V3875,2026-03-01 10:08:00,SEG_B,55.301477239628255,10.748083278392992,106.66027864706842
V3876,2026-03-01 10:08:00,SEG_B,30.30796887113685,10.749594998845604,106.65936190553232
V3877,2026-03-01 10:08:00,SEG_B,32.11217853264602,10.750035441729706,106.65743197085268
V3878,2026-03-01 10:08:00,SEG_B,37.47609214465042,10.74990971002465,106.6586407234536
V3886,2026-03-01 10:09:00,SEG_B,39.943089989572975,10.75013843451935,106.66018304960082
V3887,2026-03-01 10:09:00,SEG_B,32.76702874366319,10.75089868238248,106.65991076476352
V3888,2026-03-01 10:09:00,SEG_B,43.528605441369294,10.748803560386053,106.6598216724432
V3889,2026-03-01 10:09:00,SEG_B,48.778355866160965,10.750970177631809,106.65920270731708
V3890,2026-03-01 10:09:00,SEG_B,35.63553447540124,10.749011313269936,106.65934358708174
V3891,2026-03-01 10:09:00,SEG_B,28.80745967434777,10.749861824127592,106.66063313839818
V3892,2026-03-01 10:09:00,SEG_B,33.71957708959137,10.749909393717338,106.65977950159235
V3896,2026-03-01 10:10:00,SEG_B,26.83012553732157,10.750647834673096,106.66022564692572
V3897,2026-03-01 10:10:00,SEG_B,36.307272006832505,10.750327683687027,106.65827361676476
V3898,2026-03-01 10:10:00,SEG_B,51.70113874221119,10.750514944097072,106.65913480225517
V3901,2026-03-01 10:11:00,SEG_B,50.2143775175558,10.749972639509956,106.65969435311716
V3902,2026-03-01 10:11:00,SEG_B,43.47987681705435,10.749980361037505,106.65891782078376
V3905,2026-03-01 10:12:00,SEG_B,40.0273270720681,10.75255270905415,106.65961236562984
V3906,2026-03-01 10:12:00,SEG_B,42.58766796087498,10.752829219162209,106.6601940916295
V3913,2026-03-01 10:13:00,SEG_B,39.19508989867897,10.749670971303196,106.65989092505102
V3914,2026-03-01 10:13:00,SEG_B,27.119737648471347,10.750192170914662,106.65863560862628
V3915,2026-03-01 10:13:00,SEG_B,37.71328232354695,10.750156264431538,106.661074037088
V3916,2026-03-01 10:13:00,SEG_B,33.443094721122286,10.751451587371848,106.6609468532535
V3917,2026-03-01 10:13:00,SEG_B,36.56472206007571,10.748891250733598,106.65855618381777
V3918,2026-03-01 10:13:00,SEG_B,42.17403081226512,10.74926271585046,106.66119935680528
V3921,2026-03-01 10:14:00,SEG_B,40.96771568562179,10.75020514670891,106.65830690100972
V3922,2026-03-01 10:14:00,SEG_B,43.13470199944392,10.750159931576723,106.66089289732696
V3929,2026-03-01 10:15:00,SEG_B,49.21273365058917,10.752154198233358,106.66128098767916
V3930,2026-03-01 10:15:00,SEG_B,48.68418615029177,10.750226119605143,106.65915700262929
V3931,2026-03-01 10:15:00,SEG_B,40.58022442108774,10.75210558803684,106.65964801188748
V3932,2026-03-01 10:15:00,SEG_B,36.36034201740847,10.751107303659104,106.66117368605074
V3933,2026-03-01 10:15:00,SEG_B,33.21678555380157,10.749738515386763,106.6594980945041
V3934,2026-03-01 10:15:00,SEG_B,40.55751503248872,10.751103686670952,106.65919597247888
V3940,2026-03-01 10:16:00,SEG_B,36.711444216905456,10.749914469598052,106.65921593556251
V3941,2026-03-01 10:16:00,SEG_B,40.08653215538028,10.750058086406591,106.6590997500221
V3942,2026-03-01 10:16:00,SEG_B,42.14159360407278,10.75026145265508,106.6598337900864
V3943,2026-03-01 10:16:00,SEG_B,59.36837629029455,10.749859297613316,106.65972076575464
V3944,2026-03-01 10:16:00,SEG_B,36.620855126338135,10.749029060776923,106.66068589735984
V3952,2026-03-01 10:17:00,SEG_B,43.31072747313468,10.749810597332193,106.66056581157208
V3953,2026-03-01 10:17:00,SEG_B,28.097680557533188,10.750162962121324,106.65953723461531
V3954,2026-03-01 10:17:00,SEG_B,62.89810861827617,10.75015582506964,106.6594036079502
V3955,2026-03-01 10:17:00,SEG_B,28.973586111575344,10.751305406196794,106.65964996728049
V3956,2026-03-01 10:17:00,SEG_B,33.66918346339665,10.750336299214007,106.6606497188314
V3957,2026-03-01 10:17:00,SEG_B,45.07162346567623,10.75001975042306,106.66015919013688
V3958,2026-03-01 10:17:00,SEG_B,41.85629660544562,10.750336396265627,106.6604248851959
V3965,2026-03-01 10:18:00,SEG_B,46.31718139831347,10.74958243902689,106.65957818239391
V3966,2026-03-01 10:18:00,SEG_B,42.261270321839206,10.749871091723932,106.6608374768129
V3967,2026-03-01 10:18:00,SEG_B,32.53261969759467,10.748602613402936,106.6596902124362
V3968,2026-03-01 10:18:00,SEG_B,40.4818893834801,10.748759244055902,106.6586122464383
V3969,2026-03-01 10:18:00,SEG_B,41.458382258703885,10.749242219432684,106.658547488283
V3970,2026-03-01 10:18:00,SEG_B,47.7227303385125,10.749368205327071,106.66114981160386
V3977,2026-03-01 10:19:00,SEG_B,30.24944722804095,10.74947224422209,106.66090135858276
V3978,2026-03-01 10:19:00,SEG_B,46.02177043888794,10.750487389019142,106.660675318658
V3979,2026-03-01 10:19:00,SEG_B,23.331542763151678,10.751589298694538,106.65979610904112
V3980,2026-03-01 10:19:00,SEG_B,49.96715345816681,10.747966473421032,106.66025656850348
V3981,2026-03-01 10:19:00,SEG_B,35.491981766841214,10.75057212015158,106.66031707045246
V3982,2026-03-01 10:19:00,SEG_B,42.92838237999343,10.748941058311768,106.65994303087918
V3986,2026-03-01 10:20:00,SEG_B,47.456956202042754,10.749817672987431,106.65953990907984
V3987,2026-03-01 10:20:00,SEG_B,37.86428627933209,10.750552189485434,106.6588515300256
V3988,2026-03-01 10:20:00,SEG_B,49.50950921287497,10.749944007008304,106.65906497572588
V3994,2026-03-01 10:21:00,SEG_B,37.05149159739015,10.749341842763783,106.65958292619784
V3995,2026-03-01 10:21:00,SEG_B,29.981694088825524,10.749534979908828,106.65976689167002
V3996,2026-03-01 10:21:00,SEG_B,45.84525284649695,10.7496119116649,106.65873254075817
V3997,2026-03-01 10:21:00,SEG_B,27.1698227579464,10.750209569747524,106.66007262585346
V3998,2026-03-01 10:21:00,SEG_B,35.56549831029466,10.749532543539509,106.6603884869328
V4006,2026-03-01 10:22:00,SEG_B,37.243862090401336,10.75072260269661,106.66028799975548
V4007,2026-03-01 10:22:00,SEG_B,43.223582879314826,10.75021635032298,106.66040452747484
V4008,2026-03-01 10:22:00,SEG_B,44.23609407269362,10.749725318571045,106.6600828905614
V4009,2026-03-01 10:22:00,SEG_B,53.94606699895753,10.750142031029002,106.66004256349645
V4010,2026-03-01 10:22:00,SEG_B,40.82307605781119,10.749782091481684,106.65956464403628
V4011,2026-03-01 10:22:00,SEG_B,41.669428194923455,10.74949428479804,106.65985448507053
V4012,2026-03-01 10:22:00,SEG_B,33.6758823477897,10.750108011804535,106.66058419494418
V4016,2026-03-01 10:23:00,SEG_B,21.84907939698136,10.750178329587262,106.65959380763192
V4017,2026-03-01 10:23:00,SEG_B,35.54520566541491,10.749262274238545,106.65987278420914
V4018,2026-03-01 10:23:00,SEG_B,36.11849055066287,10.748143309756813,106.66127206788669
V4025,2026-03-01 10:24:00,SEG_B,42.088092103984806,10.749454748531331,106.65878319687376
V4026,2026-03-01 10:24:00,SEG_B,50.5942655365599,10.750920089514333,106.65806769404364
V4027,2026-03-01 10:24:00,SEG_B,28.20457497598345,10.750593457071318,106.65971512616696
V4028,2026-03-01 10:24:00,SEG_B,52.00459715483966,10.750616336398542,106.66029946552383
V4029,2026-03-01 10:24:00,SEG_B,31.8250984653965,10.750491440294864,106.65872423604524
V4030,2026-03-01 10:24:00,SEG_B,50.44195626728055,10.750422138589018,106.65917516942324
V4033,2026-03-01 10:25:00,SEG_B,27.94212351974842,10.749999470486497,106.66004357732984
V4034,2026-03-01 10:25:00,SEG_B,54.39198221475799,10.748204996887296,106.65971911654088
V4037,2026-03-01 10:26:00,SEG_B,32.08515955910301,10.750118038833657,106.65921233179758
V4038,2026-03-01 10:26:00,SEG_B,36.163272119611946,10.749547794606942,106.6599518348177
V4046,2026-03-01 10:27:00,SEG_B,44.29010090736952,10.749403586591589,106.66136388657436
V4047,2026-03-01 10:27:00,SEG_B,39.98604274063839,10.749144087553807,106.6597703597562
V4048,2026-03-01 10:27:00,SEG_B,49.855426593662976,10.749574857864015,106.66094955779904
V4049,2026-03-01 10:27:00,SEG_B,34.99723365782783,10.749234336303225,106.6606595974106
V4050,2026-03-01 10:27:00,SEG_B,33.008219514834074,10.750822540250162,106.660351625999
V4051,2026-03-01 10:27:00,SEG_B,33.011248524259265,10.749928557256004,106.65945122570945
V4052,2026-03-01 10:27:00,SEG_B,42.79181245335248,10.751887798244956,106.65962929539712
V4057,2026-03-01 10:28:00,SEG_B,50.182566429832704,10.749119812050864,106.6602115325394
V4058,2026-03-01 10:28:00,SEG_B,35.295489967034314,10.749076998959548,106.66131388652596
V4059,2026-03-01 10:28:00,SEG_B,54.84973253916228,10.749778774349348,106.6603354747022
V4060,2026-03-01 10:28:00,SEG_B,40.4559300133,10.751730506837353,106.65788684955254
V4066,2026-03-01 10:29:00,SEG_B,41.065260637464405,10.752192003944296,106.6595694801688
V4067,2026-03-01 10:29:00,SEG_B,52.84328034389048,10.750133503222209,106.66169419897456
V4068,2026-03-01 10:29:00,SEG_B,30.2001752859348,10.750184652207633,106.65960631321607
V4069,2026-03-01 10:29:00,SEG_B,41.11577868680031,10.751222376262666,106.66037880960536
V4070,2026-03-01 10:29:00,SEG_B,49.7630615202155,10.749329778906723,106.65917716554247
V4078,2026-03-01 10:30:00,SEG_B,38.52737695402146,10.749608473156348,106.66129596437902
V4079,2026-03-01 10:30:00,SEG_B,34.13483001548917,10.74860523093969,106.66079571622538
V4080,2026-03-01 10:30:00,SEG_B,28.63684914756889,10.74807205692204,106.66090826769
V4081,2026-03-01 10:30:00,SEG_B,41.26977800449991,10.75047271962737,106.6595575724252
V4082,2026-03-01 10:30:00,SEG_B,28.924750947127848,10.748814212786382,106.65972781110057
V4083,2026-03-01 10:30:00,SEG_B,29.820777136655664,10.750307052907043,106.65953754206195
V4084,2026-03-01 10:30:00,SEG_B,41.480288378922445,10.750155148128226,106.66038679955442
V4091,2026-03-01 10:31:00,SEG_B,47.58169405273495,10.75072207119254,106.66084870967394
V4092,2026-03-01 10:31:00,SEG_B,38.14736576849555,10.749795407025363,106.65935191872148
V4093,2026-03-01 10:31:00,SEG_B,41.34183334172782,10.749472101672676,106.65956693379408
V4094,2026-03-01 10:31:00,SEG_B,44.7992034718632,10.751184539245514,106.66039826025428
V4095,2026-03-01 10:31:00,SEG_B,54.35452692194055,10.749294484427969,106.65816202536078
V4096,2026-03-01 10:31:00,SEG_B,45.71702311671643,10.749228166447354,106.65972630775822
V4099,2026-03-01 10:32:00,SEG_B,45.41525011918255,10.74837783036379,106.6606080154356
V4100,2026-03-01 10:32:00,SEG_B,40.89403757953168,10.749902173567964,106.65997730047006
V4103,2026-03-01 10:33:00,SEG_B,39.5063412170092,10.748869433543245,106.65827721687856
V4104,2026-03-01 10:33:00,SEG_B,37.24426258340147,10.751448621884563,106.65996139590412
V4108,2026-03-01 10:34:00,SEG_B,38.17646819621186,10.749132405797562,106.6598224199302
V4109,2026-03-01 10:34:00,SEG_B,46.83690556051543,10.748773681160705,106.66057855825878
V4110,2026-03-01 10:34:00,SEG_B,34.57588433183615,10.75024206308138,106.65943566872495
V4116,2026-03-01 10:35:00,SEG_B,55.8775636583286,10.749066812934377,106.65902304216688
V4117,2026-03-01 10:35:00,SEG_B,30.934877638849244,10.750635544571242,106.65995865840364
V4118,2026-03-01 10:35:00,SEG_B,32.83018761464033,10.749637204416224,106.65920848969904
V4119,2026-03-01 10:35:00,SEG_B,42.36713024951396,10.752684376606796,106.66055086440568
V4120,2026-03-01 10:35:00,SEG_B,39.25609187914109,10.749335024512511,106.65865659991812
V4126,2026-03-01 10:36:00,SEG_B,30.383113929307992,10.74977598547648,106.66093144090932
V4127,2026-03-01 10:36:00,SEG_B,29.92773967477421,10.748929049761376,106.65993050304522
V4128,2026-03-01 10:36:00,SEG_B,57.06664584345755,10.74932742191596,106.6604952739996
V4129,2026-03-01 10:36:00,SEG_B,42.08108326081081,10.749410480099735,106.66016113335178
V4130,2026-03-01 10:36:00,SEG_B,36.41732270324036,10.749642195209884,106.65833872809722
V4136,2026-03-01 10:37:00,SEG_B,38.34758330236342,10.750811764446828,106.6597793836633
V4137,2026-03-01 10:37:00,SEG_B,44.33587340004476,10.749818874550748,106.66071700043472
V4138,2026-03-01 10:37:00,SEG_B,27.22193581835471,10.751604182120149,106.65888751655176
V4139,2026-03-01 10:37:00,SEG_B,46.34985863783822,10.749727816005333,106.65988417209962
V4140,2026-03-01 10:37:00,SEG_B,38.071184752238814,10.750255604585051,106.66045752454328
V4148,2026-03-01 10:38:00,SEG_B,34.54298984124341,10.75052974282406,106.662030363441
V4149,2026-03-01 10:38:00,SEG_B,46.56457278411921,10.751122598184754,106.65962258996856
V4150,2026-03-01 10:38:00,SEG_B,40.837322924404624,10.75042648240423,106.65934044210636
V4151,2026-03-01 10:38:00,SEG_B,36.59415943560706,10.750854551958334,106.66109029275508
V4152,2026-03-01 10:38:00,SEG_B,40.53928215612206,10.74880484281922,106.65970440801678
V4153,2026-03-01 10:38:00,SEG_B,28.469350923953023,10.750075202409835,106.66025540311126
V4154,2026-03-01 10:38:00,SEG_B,37.83431663169779,10.750241711222383,106.66041690123907
V4162,2026-03-01 10:39:00,SEG_B,31.30113085020902,10.749836673718184,106.65785874731176
V4163,2026-03-01 10:39:00,SEG_B,38.57333618520675,10.74918399180654,106.65978223231204
V4164,2026-03-01 10:39:00,SEG_B,63.38914686083727,10.751717803506796,106.6585605524633
V4165,2026-03-01 10:39:00,SEG_B,44.44590641279524,10.75079893108706,106.65966210291327
V4166,2026-03-01 10:39:00,SEG_B,41.42646082526839,10.750275982207414,106.65865338862712
V4167,2026-03-01 10:39:00,SEG_B,31.749365167310813,10.75017229671844,106.66009940252798
V4168,2026-03-01 10:39:00,SEG_B,34.33149827666185,10.749205623860146,106.65991022075032
V4172,2026-03-01 10:40:00,SEG_B,53.723841917441966,10.750089988469108,106.66055242458174
V4173,2026-03-01 10:40:00,SEG_B,50.67619922473566,10.750857661495166,106.6592699731122
V4174,2026-03-01 10:40:00,SEG_B,44.800716442100814,10.751867473972634,106.65911270828784
V4182,2026-03-01 10:41:00,SEG_B,44.57710607917207,10.749770035667597,106.6606767727948
V4183,2026-03-01 10:41:00,SEG_B,32.160356024123026,10.749051012161807,106.65974874503672
V4184,2026-03-01 10:41:00,SEG_B,51.98052908869708,10.75016325162654,106.65972463419033
V4185,2026-03-01 10:41:00,SEG_B,52.35310400965317,10.749713061564796,106.66223473323728
V4186,2026-03-01 10:41:00,SEG_B,35.90973501103404,10.748988271270749,106.65983363802516
V4187,2026-03-01 10:41:00,SEG_B,38.007325913303866,10.749192280023651,106.66260197407816
V4188,2026-03-01 10:41:00,SEG_B,42.549012542442,10.750464249573673,106.65953812073286
V4195,2026-03-01 10:42:00,SEG_B,31.9805162294367,10.748719586987052,106.65941958863812
V4196,2026-03-01 10:42:00,SEG_B,41.03944903196,10.749243087775696,106.65966992643696
V4197,2026-03-01 10:42:00,SEG_B,24.913621164131435,10.749629350079516,106.66102358664662
V4198,2026-03-01 10:42:00,SEG_B,45.641442607760666,10.749913078062972,106.660243652725
V4199,2026-03-01 10:42:00,SEG_B,33.37391683524674,10.751624438683292,106.66206776250652
V4200,2026-03-01 10:42:00,SEG_B,41.31858904564779,10.75259068583606,106.65931981762846
V4205,2026-03-01 10:43:00,SEG_B,53.76995069999634,10.750688807884549,106.66006546137557
V4206,2026-03-01 10:43:00,SEG_B,54.95066538520847,10.751958326272812,106.65996406039804
V4207,2026-03-01 10:43:00,SEG_B,39.85942591574667,10.749417953317888,106.65971539671251
V4208,2026-03-01 10:43:00,SEG_B,28.10940019359903,10.748509613623815,106.6582773411311
V4213,2026-03-01 10:44:00,SEG_B,40.86263317952684,10.749648616940885,106.6581811086046
V4214,2026-03-01 10:44:00,SEG_B,35.352965479279824,10.750703518763554,106.6597911004574
V4215,2026-03-01 10:44:00,SEG_B,37.38047497950635,10.749069223454969,106.6593899486308
V4216,2026-03-01 10:44:00,SEG_B,51.27158485265568,10.7488602227432,106.66072082309668
V4224,2026-03-01 10:45:00,SEG_B,47.16164663108992,10.750074989631912,106.66248342390008
V4225,2026-03-01 10:45:00,SEG_B,37.07983674778328,10.7483927993683,106.6585853007048
V4226,2026-03-01 10:45:00,SEG_B,51.79206184097875,10.749923347080154,106.66015905749803
V4227,2026-03-01 10:45:00,SEG_B,35.659808960605304,10.7495472975207,106.65921290413904
V4228,2026-03-01 10:45:00,SEG_B,43.76920650664072,10.749902620082462,106.6604350053778
V4229,2026-03-01 10:45:00,SEG_B,42.715507082539865,10.749574121266368,106.6585412693747
V4230,2026-03-01 10:45:00,SEG_B,27.63360323200514,10.753026651591696,106.66147817344442
V4235,2026-03-01 10:46:00,SEG_B,43.214779576518495,10.750390930551845,106.66025414542769
V4236,2026-03-01 10:46:00,SEG_B,34.77042260973992,10.74944902541248,106.65886635014849
V4237,2026-03-01 10:46:00,SEG_B,27.509307251981824,10.74988525125831,106.66081625961458
V4238,2026-03-01 10:46:00,SEG_B,28.957740846768424,10.750272973244124,106.66078463121336
V4243,2026-03-01 10:47:00,SEG_B,35.461758608711904,10.749776461758444,106.65882439499168
V4244,2026-03-01 10:47:00,SEG_B,43.92527676331193,10.750175285208645,106.6583834678259
V4245,2026-03-01 10:47:00,SEG_B,47.943333281615416,10.749823712040346,106.66016176239624
V4246,2026-03-01 10:47:00,SEG_B,46.116493376233485,10.75032824224236,106.66116520315846
V4251,2026-03-01 10:48:00,SEG_B,27.605897937370315,10.751985406361111,106.65934349975036
V4252,2026-03-01 10:48:00,SEG_B,55.22768239856916,10.750403154601155,106.65995024197836
V4253,2026-03-01 10:48:00,SEG_B,27.99515906543013,10.750004668895576,106.66189218376697
V4254,2026-03-01 10:48:00,SEG_B,52.46109395213391,10.750274238652697,106.6588513316341
V4259,2026-03-01 10:49:00,SEG_B,34.29009936649918,10.751416726855988,106.66191436727703
V4260,2026-03-01 10:49:00,SEG_B,40.91834024189249,10.749731781412958,106.659400158925
V4261,2026-03-01 10:49:00,SEG_B,40.01397050760264,10.749449778248565,106.65990296975764
V4262,2026-03-01 10:49:00,SEG_B,43.30586258403139,10.74959468705721,106.6598104119374
V4268,2026-03-01 10:50:00,SEG_B,21.05663024911041,10.749614432798024,106.6611671373676
V4269,2026-03-01 10:50:00,SEG_B,38.63222968773652,10.749170856363834,106.65934315677788
V4270,2026-03-01 10:50:00,SEG_B,15.77581949545429,10.748988198029588,106.6610572413725
V4271,2026-03-01 10:50:00,SEG_B,35.33917786483015,10.749535455637998,106.65766818781296
V4272,2026-03-01 10:50:00,SEG_B,26.953297655099504,10.7511900491786,106.66061729408064
V4280,2026-03-01 10:51:00,SEG_B,36.64822146865816,10.74923158539851,106.66053693047265
V4281,2026-03-01 10:51:00,SEG_B,33.60141142787041,10.748903165313909,106.6611317448106
V4282,2026-03-01 10:51:00,SEG_B,38.5689487218662,10.749852513610008,106.66069246412027
V4283,2026-03-01 10:51:00,SEG_B,34.65930639323059,10.749531846827352,106.66030571526971
V4284,2026-03-01 10:51:00,SEG_B,27.668979180289877,10.750221099046769,106.65924428854082
V4285,2026-03-01 10:51:00,SEG_B,46.84378073964119,10.75054666332685,106.66041454835695
V4286,2026-03-01 10:51:00,SEG_B,27.14433081156354,10.749896604604826,106.65882273343958
V4289,2026-03-01 10:52:00,SEG_B,31.325968659303257,10.750200155755088,106.6596563676904
V4290,2026-03-01 10:52:00,SEG_B,52.37317746653821,10.74981523627999,106.66005872049224
V4293,2026-03-01 10:53:00,SEG_B,52.11858625248792,10.750144969370307,106.66114418628348
V4294,2026-03-01 10:53:00,SEG_B,44.972819020150254,10.751084353374669,106.65939028007664
V4300,2026-03-01 10:54:00,SEG_B,43.79667402351617,10.74875118127432,106.65957208170208
V4301,2026-03-01 10:54:00,SEG_B,40.31808767421039,10.749269263615368,106.66008255403862
V4302,2026-03-01 10:54:00,SEG_B,40.53245592348976,10.74917981836064,106.6605679744588
V4303,2026-03-01 10:54:00,SEG_B,33.88674797355014,10.752287974374736,106.65989052117666
V4304,2026-03-01 10:54:00,SEG_B,30.62964684007974,10.749015658233786,106.6611475804647
V4307,2026-03-01 10:55:00,SEG_B,42.19570831046836,10.752395907395686,106.65827525750706
V4308,2026-03-01 10:55:00,SEG_B,33.456399397825535,10.749744049995396,106.6622611735286
V4315,2026-03-01 10:56:00,SEG_B,42.96547474392925,10.749131385459146,106.66068158586904
V4316,2026-03-01 10:56:00,SEG_B,38.35040782273915,10.749516336437862,106.65920524118827
V4317,2026-03-01 10:56:00,SEG_B,38.06882031626655,10.751870639256843,106.6599366862299
V4318,2026-03-01 10:56:00,SEG_B,30.844771710852488,10.750918819066785,106.6595280715642
V4319,2026-03-01 10:56:00,SEG_B,42.27007203481976,10.749394339449571,106.66128077331614
V4320,2026-03-01 10:56:00,SEG_B,35.27392194683229,10.751397857978578,106.65895073941547
V4327,2026-03-01 10:57:00,SEG_B,44.31123152891893,10.749539929945373,106.65885539422295
V4328,2026-03-01 10:57:00,SEG_B,35.445075170455354,10.749959926125452,106.66017501840534
V4329,2026-03-01 10:57:00,SEG_B,22.91843521530593,10.749780439665075,106.66002858176957
V4330,2026-03-01 10:57:00,SEG_B,44.380299559038725,10.751626800882509,106.66018565353544
V4331,2026-03-01 10:57:00,SEG_B,32.723496990018255,10.748181920616398,106.66068701095811
V4332,2026-03-01 10:57:00,SEG_B,33.04730112418069,10.750866836977162,106.66139742015216
V4337,2026-03-01 10:58:00,SEG_B,41.17013535599889,10.749635006313282,106.65894105905892
V4338,2026-03-01 10:58:00,SEG_B,39.86355340887613,10.750052093451234,106.66061525452032
V4339,2026-03-01 10:58:00,SEG_B,45.571999394363694,10.750085861419164,106.66109490836456
V4340,2026-03-01 10:58:00,SEG_B,37.00060265491384,10.74855597543012,106.6604770536694
V4348,2026-03-01 10:59:00,SEG_B,49.98710860798457,10.74929474449828,106.66057254106111
V4349,2026-03-01 10:59:00,SEG_B,38.246718081778,10.750205874106582,106.6600845502164
V4350,2026-03-01 10:59:00,SEG_B,33.69373479372029,10.749739306807877,106.66014493225208
V4351,2026-03-01 10:59:00,SEG_B,39.17820801030297,10.751572735949797,106.6610099555568
V4352,2026-03-01 10:59:00,SEG_B,42.319843987947976,10.74923685381728,106.6591759769081
V4353,2026-03-01 10:59:00,SEG_B,55.79048828224329,10.748990114563927,106.66011385961816
V4354,2026-03-01 10:59:00,SEG_B,42.88758971478944,10.749688676348518,106.65899779623544
